Date,Close,High,Low,Open,Volume
,AAPL,AAPL,AAPL,AAPL,AAPL
2005-08-01,1.2786372900009155,1.2885068981759848,1.2585974729000677,1.2732532320514771,314249600
2005-08-02,1.2917969226837158,1.3010685211044217,1.274449539408399,1.2828242277374537,296875600
2005-08-03,1.292693853378296,1.2953862808768772,1.2792349105785543,1.2917969432723502,258322400
2005-08-04,1.277440071105957,1.286113762061954,1.264878039599619,1.2828241269208869,269304000
2005-08-05,1.285814642906189,1.2968809581507017,1.2568021421234696,1.2708599874617317,241931200
2005-08-08,1.2756456136703491,1.2935918044992054,1.2744497001192874,1.2861140253188372,176383200
2005-08-09,1.3106403350830078,1.3127339577493644,1.2834225415810885,1.284020448507263,380839200
2005-08-10,1.2974803447723389,1.327688672456493,1.2953866221879673,1.3160244453027814,360945200
2005-08-11,1.3160240650177002,1.3196126038574894,1.2935916290270455,1.2977789731516045,271983600
2005-08-12,1.3788343667984009,1.3824230058364932,1.2968812961575042,1.2998727271967685,916036800
2005-08-15,1.4260915517807007,1.445532564210374,1.3893031498392092,1.3902000602533053,1086727600
2005-08-16,1.3833208084106445,1.420708008386982,1.382124096146019,1.417417573788685,537622400
2005-08-17,1.410239338874817,1.4189130303136703,1.3869090946056946,1.3878069031842053,499724400
2005-08-18,1.3848154544830322,1.405752174553569,1.368365880397715,1.4030605458678682,442559600
2005-08-19,1.3707584142684937,1.3967794865094598,1.3689636957620466,1.384217355471677,376569200
2005-08-22,1.3719546794891357,1.3982755604332107,1.3537103833154562,1.380329369106557,387732800
2005-08-23,1.3680659532546997,1.3788340643587684,1.355503922361747,1.3713563869083156,295604400
2005-08-24,1.3689639568328857,1.4093417864842614,1.3635799001209177,1.3638789034558398,572070800
2005-08-25,1.377637505531311,1.3904985411239852,1.3701597274157231,1.3794322241928143,276253600
2005-08-26,1.3680659532546997,1.3860120396996867,1.3567006342827972,1.3794320708997787,261058000
2005-08-29,1.3710575103759766,1.3767405697238482,1.3537101277074677,1.3540091310056122,256295200
2005-08-30,1.392891526222229,1.3994715972865748,1.3734505160784984,1.375544238584362,518761600
2005-08-31,1.4024629592895508,1.406650304259632,1.3839188603732215,1.4015651505177429,402956400
2005-09-01,1.3836194276809692,1.4108372114581236,1.3785342755169627,1.405752059294117,356367200
2005-09-02,1.3824228048324585,1.399770985853387,1.3794321729013832,1.384815430178304,222378800
2005-09-06,1.4595896005630493,1.4619822257223565,1.3922930994672775,1.3967794463507353,818619200
2005-09-07,1.456000804901123,1.4775363361916578,1.4332701585962915,1.4670679233465214,963074000
2005-09-08,1.4889012575149536,1.4990706649169339,1.4697592546636642,1.4760403210635895,702640400
2005-09-09,1.534663200378418,1.5358599125427836,1.489200317900946,1.4975750068656555,615641600
2005-09-12,1.537354588508606,1.544234459407292,1.5128293307927727,1.5283819941211985,452796400
2005-09-13,1.5200074911117554,1.5340652395597318,1.5050527327014531,1.5259894543763746,492884000
2005-09-14,1.4838173389434814,1.5310741504607128,1.4793309902862186,1.5271857087443097,474426400
2005-09-15,1.491592526435852,1.5008650214747636,1.4754419583588392,1.495480966333682,415156000
2005-09-16,1.5316722393035889,1.5316722393035889,1.4939861470513078,1.5023608342184815,591004400
2005-09-19,1.574442744255066,1.581920521736735,1.5268862478693823,1.5268862478693823,783731200
2005-09-20,1.5908933877944946,1.6094374844380244,1.5828177022102288,1.5849114243557483,819828800
2005-09-21,1.5585906505584717,1.5867061501657609,1.5511137698031021,1.584014521014231,434747600
2005-09-22,1.5523097515106201,1.5693589332372169,1.534962365094711,1.5517117447851492,463727600
2005-09-23,1.5911922454833984,1.6001649402348372,1.5505155167948674,1.5582913996645997,558457200
2005-09-26,1.6103343963623047,1.631869024160068,1.5947817316390054,1.6160174559596587,546562800
2005-09-27,1.5983699560165405,1.6222981031082786,1.5980709527641082,1.612726704503786,341703600
2005-09-28,1.5277842283248901,1.5885007732923717,1.5131284727059864,1.5873040611268974,1125544000
2005-09-29,1.5654703378677368,1.5729473180500886,1.5197085515827728,1.5322705851150338,636846000
2005-09-30,1.6034554243087769,1.6046513377204106,1.5517114786258097,1.5651713198465511,531633200
2005-10-03,1.6282804012298584,1.6312710331932023,1.6055489626867379,1.6199057132582642,507553200
2005-10-04,1.607642650604248,1.65549815205028,1.6043522167413926,1.6435340271033885,539459200
2005-10-05,1.5786300897598267,1.6258876827540645,1.5777331797578193,1.6249898742447086,610769600
2005-10-06,1.5463279485702515,1.5998657050210472,1.52150289102928,1.5911920148290315,757537200
2005-10-07,1.534364104270935,1.5532072032192563,1.5119316677198875,1.5469262367925902,677882800
2005-10-10,1.5065488815307617,1.5526097823000118,1.503856453190964,1.5481225348459386,507505600
2005-10-11,1.543038010597229,1.5514127002200333,1.5074455297832232,1.5322706951310168,1225884800
2005-10-12,1.4730498790740967,1.504455015460719,1.4317743373307763,1.4551036875164638,2697486400
2005-10-13,1.6073439121246338,1.6136248790882344,1.4736476890071175,1.47873204361058,1865575600
2005-10-14,1.6151195764541626,1.6255879864164058,1.5789291956213887,1.6160173850218489,1035552000
2005-10-17,1.5983699560165405,1.6219991996899874,1.575639319446648,1.6145214228573679,616834400
2005-10-18,1.5615819692611694,1.613624821315217,1.5612829659330951,1.5926880991292014,609588000
2005-10-19,1.643235206604004,1.6438332132495628,1.5316725244205307,1.557394597244391,1008683200
2005-10-20,1.6791270971298218,1.6898944134333498,1.6255884208142155,1.6291777591951517,1357762000
2005-10-21,1.6647694110870361,1.7042503165380651,1.6557968183736196,1.7000628736588268,796726000
2005-10-24,1.698567509651184,1.698567509651184,1.6477213761462572,1.6525067266374975,609753200
2005-10-25,1.677930235862732,1.7003625767870358,1.6656680028618396,1.686903731303862,465127600
2005-10-26,1.7057464122772217,1.7215978798028015,1.6725465639000434,1.6833138772278902,631593200
2005-10-27,1.6572932004928589,1.7051479127906295,1.6572932004928589,1.704549906092565,411541200
2005-10-28,1.6291775703430176,1.6878004953001164,1.6202049741871407,1.676136270048734,769787200
2005-10-31,1.7224957942962646,1.7341600177175016,1.6375520027103148,1.6510118432568757,940844800
2005-11-01,1.719802975654602,1.7389457724388935,1.7009598809550814,1.7120270942493323,749686000
2005-11-02,1.7930824756622314,1.794578191433201,1.7227952155238353,1.7263846538384422,857060400
2005-11-03,1.8499112129211426,1.8639680638492522,1.7966714466064302,1.80235460661789,884382800
2005-11-04,1.8289742469787598,1.8316659756836005,1.7832124629765538,1.8050459947728321,878035200
2005-11-07,1.8014568090438843,1.8445270652552586,1.7987650802611932,1.8200008057031576,638831200
2005-11-08,1.7915875911712646,1.805944346349125,1.7676593330942056,1.7930825082959554,473765600
2005-11-09,1.7978681325912476,1.8307680819610033,1.7945777982181148,1.7945777982181148,552930000
2005-11-10,1.8298712968826294,1.8304693035651327,1.764967505162697,1.8137199250781604,665344400
2005-11-11,1.8406379222869873,1.8576863975623636,1.8346558610196506,1.8406379222869873,425448800
2005-11-14,1.8379467725753784,1.8537984395253793,1.8217954034954875,1.8406383013634626,369933200
2005-11-15,1.8627721071243286,1.8866993610217397,1.8382458482476354,1.842433292389468,536841200
2005-11-16,1.9426296949386597,1.9459192289954288,1.8869973345724553,1.8887921522742033,784515200
2005-11-17,1.9297688007354736,1.9704456143462672,1.9216930190167483,1.961771826242545,676205600
2005-11-18,1.9309649467468262,1.9569869145490575,1.9252827869343874,1.9533974779425423,524960800
2005-11-21,1.942928433418274,1.9498074026266292,1.9058402628771498,1.9387411913635768,511711200
2005-11-22,1.9895880222320557,1.9967666960299928,1.9297692014994943,1.9393397016658982,540282400
2005-11-23,2.007235527038574,2.0332565028951888,1.99467359400366,2.0003557552127322,485853200
2005-11-25,2.0739338397979736,2.0799151033154852,2.0188994666484135,2.0236857154058665,395012800
2005-11-28,2.083503484725952,2.125675803794711,2.0658570092085675,2.115207399932923,1018519600
2005-11-29,2.0368456840515137,2.1026465721305563,2.014413150165128,2.0933749745995205,891433200
2005-11-30,2.0284712314605713,2.059278456440453,2.0194985363360933,2.0467163238632016,595674800
2005-12-01,2.1415293216705322,2.1454176620511523,2.058081352054966,2.0622687955417875,812893200
2005-12-02,2.172337055206299,2.1756265911463575,2.1146111404206027,2.161568741835538,895762000
2005-12-05,2.1481096744537354,2.1693453987978546,2.1382392706435978,2.151998015348638,583671200
2005-12-06,2.214808225631714,2.2381374717732796,2.1938714052627284,2.2112187882995764,857029600
2005-12-07,2.2118160724639893,2.2270705272209868,2.1869917180741676,2.2201907579425,679464800
2005-12-08,2.215705633163452,2.218398161020773,2.1714393570462756,2.1893855493945127,790479200
2005-12-09,2.2231831550598145,2.2309598375085247,2.1938716432966148,2.2195937173382254,555402400
2005-12-12,2.240530252456665,2.2536901912914504,2.2300618424797425,2.2393342392624067,524994400
2005-12-13,2.242624282836914,2.2569810367920713,2.2195939354042657,2.238735941230545,493816400
2005-12-14,2.1537935733795166,2.1923766979969272,2.101750801333782,2.1693463447359096,1450716400
2005-12-15,2.158876657485962,2.179215468612227,2.1340514995291886,2.173831413145377,561162000
2005-12-16,2.12687349319458,2.162465961220631,2.1253777781187733,2.1576805115848203,671171200
2005-12-19,2.1349496841430664,2.1714390724587,2.1247803761468775,2.126874098313103,529295200
2005-12-20,2.156783103942871,2.1648588882703486,2.1271726934153476,2.1424263536956625,479108000
2005-12-21,2.1983585357666016,2.2016488711321602,2.169645023564434,2.171439643035618,475736800
2005-12-22,2.2139105796813965,2.2279684288646577,2.201348645705376,2.210621043771187,370610800
2005-12-23,2.19387149810791,2.2210892858721283,2.1923757826830355,2.2183977568469904,229857600
2005-12-27,2.2201919555664062,2.2486063604481044,2.21181726557039,2.2133129812502452,590590000
2005-12-28,2.2004520893096924,2.2360445740782318,2.1929743090862717,2.2273707803027483,398115200
2005-12-29,2.1370439529418945,2.2079300238804995,2.136146243875788,2.2067332115712825,490025200
2005-12-30,2.150202989578247,2.1663543567246393,2.103843009099762,2.1208914858453527,624262800
2006-01-03,2.2357447147369385,2.2357447147369385,2.160970531821739,2.164858872395344,807234400
2006-01-04,2.2423253059387207,2.272533729858029,2.2282674559756503,2.2471105576532757,619603600
2006-01-05,2.224679470062256,2.240232040477233,2.2058363645417636,2.238138317715313,449422400
2006-01-06,2.282104969024658,2.2940690963228563,2.2297631101051167,2.2506999335402718,704457600
2006-01-09,2.2746269702911377,2.309023633285799,2.265355371534791,2.2949657850670127,675040800
2006-01-10,2.4184930324554443,2.4493002635474617,2.268047513170452,2.2806094485716604,2279869200
2006-01-11,2.5094189643859863,2.5363368570838447,2.4702370407320045,2.507624345027554,1493794400
2006-01-12,2.521082639694214,2.584192008972909,2.5010437262533127,2.541421454969376,1280809600
2006-01-13,2.5599653720855713,2.572527304138103,2.5303549610558114,2.542019184386784,776305600
2006-01-17,2.533644437789917,2.58359366071997,2.50852037459835,2.563254848133979,835623600
2006-01-18,2.467245101928711,2.5139047963191636,2.4481030983789975,2.4848923883271747,1200637200
2006-01-19,2.364056348800659,2.442420154908622,2.3550838557309377,2.430157128741698,1695848000
2006-01-20,2.2758238315582275,2.39396658476195,2.268047149396339,2.371235942606417,1134758800
2006-01-23,2.3230817317962646,2.3796108362372292,2.2731324981065764,2.2761229309597004,1059730000
2006-01-24,2.2743279933929443,2.3754232586969066,2.2662522085066596,2.3556822515287794,1142254400
2006-01-25,2.219295024871826,2.3179966847018636,2.1908804205832713,2.3147069488435674,1275786400
2006-01-26,2.1633622646331787,2.2560825965596765,2.151398943399969,2.2291639257756186,1181387200
2006-01-27,2.154390573501587,2.20134836824006,2.1265747804885344,2.1819072633782275,953864800
2006-01-30,2.2432217597961426,2.2910772622308797,2.1196949625236927,2.1286684557558693,1398401200
2006-01-31,2.258476495742798,2.283301659224878,2.205835736118735,2.2581775922446425,913542000
2006-02-01,2.2557830810546875,2.2868891963775853,2.2324536443136935,2.241726037675741,521186400
2006-02-02,2.156485080718994,2.2539907420118594,2.154989364823969,2.246214057633346,707322000
2006-02-03,2.149007558822632,2.177123067602285,2.124781191374338,2.1606725867957652,692123600
2006-02-06,2.0129177570343018,2.1687475093722792,1.9961683793031624,2.1540918537746157,1651767600
2006-02-07,2.021890878677368,2.0781212644166724,1.994374191523785,2.0419299881606348,1388830800
2006-02-08,2.058081865310669,2.0661576511920936,1.9740358681911447,2.048510363856932,953114400
2006-02-09,1.9426296949386597,2.070642786306325,1.9300675683722486,2.0667542475654703,1149764000
2006-02-10,2.0132172107696533,2.0239845228657134,1.8813157407441807,1.9495092498013296,1760477600
2006-02-13,1.935453176498413,1.9964696648142983,1.9333596525823296,1.9928802247151631,883498000
2006-02-14,2.0230860710144043,2.036844808345952,1.9441252788693162,1.9471159093875712,1160938800
2006-02-15,2.070344924926758,2.082309052325343,1.9964684349239716,2.0087306671657825,1159771200
2006-02-16,2.110722780227661,2.1238829217984265,2.0781219288399098,2.090982967208232,948175200
2006-02-17,2.1023480892181396,2.1202942813560917,2.0820094707985124,2.102647192420439,575999200
2006-02-21,2.0661568641662598,2.1176007946519797,2.0541927414918084,2.1113198299161615,779606800
2006-02-22,2.133155584335327,2.1436239980460425,2.0338551058690415,2.0637654298093255,978238800
2006-02-23,2.1460165977478027,2.1834037035371625,2.136445094536922,2.147213410027378,856917600
2006-02-24,2.137342691421509,2.180113050208397,2.1295658087594553,2.1576813091452527,534744000
2006-02-27,2.123284339904785,2.1570821939521942,2.1131150334447595,2.1531936537054093,791240800
2006-02-28,2.0485100746154785,2.1654570057731575,2.0368458508848537,2.1409315467527126,1266980400
2006-03-01,2.0667552947998047,2.0784205175967334,2.034453351838273,2.0589786127140717,763817600
2006-03-02,2.0820095539093018,2.09337567571875,2.0538948501126755,2.0634661529683225,625273600
2006-03-03,2.025480031967163,2.090982830341162,2.019797870166118,2.075728168678366,737668400
2006-03-06,1.9584832191467285,2.025480758803486,1.9423326398181868,2.0245838482697316,912665600
2006-03-07,1.9833073616027832,2.0009546479930944,1.946519070013273,1.966857086876592,872877600
2006-03-08,1.9638662338256836,2.009927117682748,1.9545946357646626,1.9827093317521332,653251200
2006-03-09,1.9121227264404297,1.988093737093432,1.9085340872409153,1.9734380804281924,799304800
2006-03-10,1.8899908065795898,1.9288728375424669,1.867857162583468,1.9157126918005372,1043142800
2006-03-13,1.9644644260406494,1.982410415937636,1.93784544286208,1.9456213263337279,861187600
2006-03-14,2.013516664505005,2.013516664505005,1.9590812839515652,1.967156870064869,642020400
2006-03-15,1.9809141159057617,2.0350507734437904,1.9596783968584417,2.0251803720956145,891996000
2006-03-16,1.9234881401062012,2.0009540391999106,1.9231890370324243,1.9994583241627533,749638400
2006-03-17,1.9339567422866821,1.9602766174132322,1.9175062712447808,1.9366482708844903,812042000
2006-03-20,1.913917064666748,1.9578842278784345,1.910327627320612,1.9507063515277507,605441200
2006-03-21,1.8487142324447632,1.924385532051551,1.8361522995359107,1.8487142324447632,1345366400
2006-03-22,1.8445268869400024,1.8917843831716858,1.8325627616476143,1.859182541086553,1345895600
2006-03-23,1.7993630170822144,1.851405966773887,1.7829133421949206,1.849013141576954,1427826400
2006-03-24,1.793382167816162,1.822693684257356,1.7655655684640565,1.8020559614941474,1071980000
2006-03-27,1.7799224853515625,1.8358537940249815,1.7766329486499424,1.8050465590163989,1108072000
2006-03-28,1.7559945583343506,1.7987649086301956,1.7422358142308147,1.7835112478681705,1370322800
2006-03-29,1.8642667531967163,1.8699499125553156,1.724888482912106,1.7685565432431933,2346834000
2006-03-30,1.8768290281295776,1.8932795024992823,1.8403396400915684,1.8789227502798735,1390650800
2006-03-31,1.8759324550628662,1.9025522421347447,1.8615757002636668,1.8917849256208075,815357200
2006-04-03,1.873837947845459,1.9178051041487953,1.8726413358058864,1.9043462636449706,815791200
2006-04-04,1.829573392868042,1.8609784447705502,1.8259839531337274,1.8573890050362358,931924000
2006-04-05,2.0102264881134033,2.0102264881134033,1.9187027057326638,1.93545208563181,2233408800
2006-04-06,2.1307621002197266,2.1549884545156335,2.039836349396065,2.042827779922478,2663768800
2006-04-07,2.087393045425415,2.129864492320769,2.047912230524789,2.12148980426129,1545238800
2006-04-10,2.053894281387329,2.121489792072767,2.047314212164467,2.102347590998702,903515200
2006-04-11,2.033555507659912,2.0727372199641456,2.006038618039442,2.063465621714877,939316000
2006-04-12,1.9952709674835205,2.038939219471753,1.9830079405962149,2.034153969420771,739894400
2006-04-13,1.988093614578247,2.017105223932148,1.9683528056697104,1.9842052734295959,734678000
2006-04-17,1.9384428262710571,1.9991593566881025,1.924684083944099,1.9892889545839803,721938000
2006-04-18,1.9806150197982788,1.9880927955179188,1.937844682462108,1.9453214598404862,794844400
2006-04-19,1.9635672569274902,2.0039449801141203,1.958183001431354,1.9985617229595058,1086033200
2006-04-20,2.0227878093719482,2.0936736420688633,1.980017266891452,2.07901799046823,1666982800
2006-04-21,2.005141496658325,2.0529969952308806,1.9880932186375866,2.0395373554738097,788986800
2006-04-24,1.9665584564208984,2.001553135775208,1.9590816741775314,1.9994594131184769,707028000
2006-04-25,1.9791200160980225,1.9916819490418622,1.9608757223179822,1.9728390496261028,529062800
2006-04-26,2.038341522216797,2.0422290642608543,1.9859996721090745,1.9934766514066509,710886400
2006-04-27,2.0745325088500977,2.0894870700976935,2.014413762976132,2.0257800841048907,845947200
2006-04-28,2.1053390502929688,2.1325568366172836,2.069746775511665,2.0751300329454754,760037600
2006-05-01,2.0817105770111084,2.1397356057525303,2.0685506337911637,2.1167050561953946,750380400
2006-05-02,2.1421279907226562,2.152895306539389,2.0969648053964205,2.098160818854534,771663200
2006-05-03,2.1277711391448975,2.1519982974592735,2.0990584313976814,2.148408859571263,686991200
2006-05-04,2.127472400665283,2.18011316762547,2.107433284391038,2.1301639302021282,860420400
2006-05-05,2.150202989578247,2.1609703014514636,2.128069360980357,2.1493058799790488,563911600
2006-05-08,2.150202989578247,2.207330082261665,2.1451186363990833,2.1831037303810694,594851600
2006-05-09,2.124481678009033,2.1702434685812233,2.112218446992873,2.1481100317813864,531666800
2006-05-10,2.1116201877593994,2.133453718014902,2.082008977744205,2.1322571058207234,459888800
2006-05-11,2.038341522216797,2.1187980684004093,2.0203953342907637,2.117302353071594,812688800
2006-05-12,2.024881362915039,2.054491769659467,1.999757302777717,2.0293677095221447,641774000
2006-05-15,2.027574062347412,2.0452211528179984,2.007534944723812,2.0150119264265576,529177600
2006-05-16,1.9435276985168457,2.0413324397099584,1.9366487248530375,2.0368460917692843,936740000
2006-05-17,1.9519026279449463,1.9650635685544913,1.9163101445396564,1.9354521510222924,754194000
2006-05-18,1.8896907567977905,1.9818125295241944,1.8878961379131873,1.9644643473047074,658442400
2006-05-19,1.9294706583023071,1.940536875646684,1.8789226262054792,1.8920833642351769,985866000
2006-05-22,1.895672082901001,1.9139171758212123,1.8774277886541062,1.9103277382666128,718975600
2006-05-23,1.888792872428894,1.9498083114865752,1.884306525302778,1.9399387072120673,694414000
2006-05-24,1.8944752216339111,1.9037470160200238,1.841235682157791,1.8840070151545607,916031200
2006-05-25,1.924086570739746,1.9276760084570987,1.8929804399866355,1.9219930482128258,463372000
2006-05-26,1.900757074356079,1.9309652926546812,1.8884940456219408,1.9234885130337531,432950000
2006-05-30,1.8310679197311401,1.8932793771077672,1.8310679197311401,1.8929802739632486,563402000
2006-05-31,1.7876992225646973,1.8481166756293328,1.7553962743109408,1.8472189666280847,1280977600
2006-06-01,1.859481692314148,1.8627722265446218,1.7802211487059474,1.7900915533873336,942508000
2006-06-02,1.8442280292510986,1.887297488357508,1.8208985808310252,1.8840079524692435,685787200
2006-06-05,1.794578194618225,1.8289746657022856,1.7936812842918173,1.8289746657022856,605785600
2006-06-06,1.7862026691436768,1.8134204505313076,1.7619763179049617,1.801157224200636,726037200
2006-06-07,1.7515079975128174,1.806541569540469,1.74522703216035,1.7975688759902517,750506400
2006-06-08,1.8173092603683472,1.822393415058794,1.7093350168132437,1.7479189249301963,1397482800
2006-06-09,1.7718470096588135,1.8412371701291812,1.7676595639484527,1.8298718450634055,775838000
2006-06-12,1.7048486471176147,1.7865020113351988,1.703652833503806,1.776632405903478,717785600
2006-06-13,1.7446283102035522,1.7676586507069594,1.7156159074901964,1.7230934852526318,1080643200
2006-06-14,1.7230933904647827,1.758088053131319,1.695576704485913,1.7431332977657092,878136000
2006-06-15,1.776033639907837,1.7868009543786794,1.6973719045007611,1.7138221790366763,1190383600
2006-06-16,1.721598505973816,1.770351934489218,1.7204026920255386,1.7634721606702433,838101600
2006-06-19,1.7108310461044312,1.740142562014667,1.7048489818359953,1.729674149213271,704575200
2006-06-20,1.7189064025878906,1.7452272791119654,1.7135223464256757,1.7230936468592726,672974400
2006-06-21,1.7305715084075928,1.7559946774048207,1.7138221311780855,1.726982270571987,863296000
2006-06-22,1.7820154428482056,1.787100595184552,1.7368524694322258,1.740740011288228,965633200
2006-06-23,1.7595833539962769,1.7996631819020408,1.756592921068071,1.7862033385339906,660203600
2006-06-26,1.7643696069717407,1.7706505743734884,1.745825408623605,1.769752865455338,466536000
2006-06-27,1.7177097797393799,1.7712484487587365,1.7168128695616542,1.767360107529657,550611600
2006-06-28,1.6755374670028687,1.71382227444646,1.657293171488358,1.7135225722634597,850704400
2006-06-29,1.763771414756775,1.7673608539987746,1.6866051599459557,1.6976715826276374,873398400
2006-06-30,1.7129244804382324,1.7272812325989186,1.6898941358841801,1.7224959813259118,739695600
2006-07-03,1.7332632541656494,1.7401422274149076,1.7150181613235076,1.7204022177982043,194770800
2006-07-05,1.7048486471176147,1.72279483639949,1.691688707315889,1.709334994769756,518240800
2006-07-06,1.6680604219436646,1.7168128403860206,1.6632742721106712,1.7075412412331015,633208800
2006-07-07,1.6569933891296387,1.6913899555018581,1.6351596555521,1.6593868135868306,799360800
2006-07-10,1.645029902458191,1.6895949743777312,1.6300752439901942,1.6659666239817126,529345600
2006-07-11,1.6644705533981323,1.6746399585884955,1.6309718061081915,1.6483191862627902,825022800
2006-07-12,1.5840145349502563,1.652208064769354,1.582817822702074,1.6501143424644502,927329200
2006-07-13,1.5627779960632324,1.6187092931164,1.537653927618157,1.556198025519294,1249906000
2006-07-14,1.5155211687088013,1.5819207723675657,1.5002675065577191,1.5702556492964013,993036800
2006-07-17,1.5663676261901855,1.5885010648492501,1.544832893143332,1.5472255192400886,1024542400
2006-07-18,1.5822198390960693,1.610633442417363,1.550814704884841,1.5899957228923398,1000448400
2006-07-19,1.618111252784729,1.6474227651955895,1.5660683980385262,1.584014488867144,1390743200
2006-07-20,1.809531807899475,1.842133642563575,1.7862025675629156,1.8232907485221383,1972146400
2006-07-21,1.8161118030548096,1.828973633638979,1.7838098714191015,1.789193926028238,891892400
2006-07-24,1.8370487689971924,1.8573873788937363,1.807438363051524,1.8322633194341515,722856400
2006-07-25,1.8523038625717163,1.8570891141120627,1.8179071965613713,1.8478175145428404,589069600
2006-07-26,1.9103277921676636,1.9333583365843936,1.8448259959100208,1.8543974968784698,898427600
2006-07-27,1.896270990371704,1.9447245064365488,1.8801194190134092,1.9291709417565173,735044800
2006-07-28,1.9617722034454346,1.964463931534324,1.899261056540232,1.9124209932371097,691507600
2006-07-31,2.032658576965332,2.0526974886150735,1.982410248761525,1.9988607214741378,892841600
2006-08-01,2.009329080581665,2.031760617068214,1.9722408918858734,2.0105248940832134,711765600
2006-08-02,2.0386404991149902,2.0541930623479447,2.0191985970639963,2.023385840985815,550768400
2006-08-03,2.081411361694336,2.0936743927171237,2.028172591650341,2.0311632241895285,841044400
2006-08-04,2.042828321456909,2.0520999215982085,1.9429298499183,2.0054412203465874,1852866400
2006-08-07,2.0102264881134033,2.0817103560512358,1.9833075993924836,2.025480152340989,1245512800
2006-08-08,1.9375454187393188,2.007235452144428,1.9294706322862276,2.0066366468583863,997864000
2006-08-09,1.901952862739563,1.9620713934202703,1.8962707019843401,1.9569872392523653,955838800
2006-08-10,1.9163100719451904,1.9384435090335461,1.8753343313038313,1.8917848076033013,697760000
2006-08-11,1.903747320175171,1.918104067919512,1.871744090240975,1.8911851908574064,777529200
2006-08-14,1.9124211072921753,1.9507061046758147,1.9022526001667177,1.915711441082118,717620400
2006-08-15,1.987494707107544,1.9889904225254196,1.9381442847189423,1.9542948564724756,861352800
2006-08-16,2.033257007598877,2.0359487369640394,1.9839065726643572,2.00693712172565,781284000
2006-08-17,2.021592378616333,2.0535954190895223,2.009329348458411,2.033854610100913,581148400
2006-08-18,2.0311625003814697,2.0458181520140526,2.01172139912112,2.0251804387614127,536354000
2006-08-21,1.9907848834991455,2.0132174182945555,1.9785218549939545,2.0129175164951385,526226400
2006-08-22,2.022489547729492,2.043426372728063,1.9889907874664685,1.9943748448210474,576968000
2006-08-23,2.0132172107696533,2.053296027205248,2.00214999690509,2.0338541263391448,536258800
2006-08-24,2.028172016143799,2.039537335042141,1.982111136666948,2.0305646412972367,655191600
2006-08-25,2.0562875270843506,2.065260024728631,2.0132180608458494,2.014114971174045,543958800
2006-08-28,2.003347396850586,2.052099818029583,1.994374700692048,2.0488102820197045,738161200
2006-08-29,1.988392949104309,2.0117224020483984,1.9477155088133615,2.003646614835206,947332400
2006-08-30,2.002749443054199,2.028471518813245,1.9943747533724503,2.014114765309995,680142400
2006-08-31,2.0293679237365723,2.042827763651797,1.9937754515345867,2.0123196450953773,574697200
2006-09-01,2.0452218055725098,2.0532975953144903,2.028472418777875,2.0482124394733994,408494800
2006-09-05,2.1379404067993164,2.1385384134894534,2.050305171965255,2.062867106156673,1012457600
2006-09-06,2.094571352005005,2.144221683634309,2.0847017452567966,2.125976388764032,974103200
2006-09-07,2.1774213314056396,2.1977601488935488,2.1011522134215426,2.111620625524795,1267957600
2006-09-08,2.16904616355896,2.2004513929464258,2.150801072446926,2.1944693303954934,895921600
2006-09-11,2.1684482097625732,2.2052364942808182,2.1361452738438595,2.1663544880115633,949124400
2006-09-12,2.172337055206299,2.1968623176959725,2.137043479345864,2.177720313384139,1684687200
2006-09-13,2.219295024871826,2.2228842632663834,2.162466814636504,2.1789170912748435,1146138000
2006-09-14,2.218397855758667,2.233352414985961,2.1971611317321376,2.2049380136812657,801729600
2006-09-15,2.216304063796997,2.2426239434468105,2.1920769078921176,2.2312586225532525,981853600
2006-09-18,2.2100229263305664,2.239034734755383,2.192375839942389,2.2073305985618106,705278000
2006-09-19,2.2064337730407715,2.2240800614323852,2.1774211648299606,2.2163041776703287,710049200
2006-09-20,2.2509982585906982,2.263560389357232,2.2198921346141023,2.224678383308445,822791200
2006-09-21,2.232752799987793,2.2749261312412066,2.2139097067848446,2.2506989833587188,794124800
2006-09-22,2.1834022998809814,2.223481109357597,2.170840371393973,2.222284297847422,665112000
2006-09-25,2.2656545639038086,2.268944898391203,2.2049380190122267,2.2076295481638795,858992400
2006-09-26,2.321286916732788,2.326371271563127,2.2761229346071006,2.278515760097471,1102948000
2006-09-27,2.2853949069976807,2.3170990373913725,2.2677476241695262,2.308125544922652,810373200
2006-09-28,2.303340196609497,2.3173980431371373,2.271636264484418,2.3036392997271062,723609600
2006-09-29,2.302443265914917,2.3185938357792595,2.2934697731306217,2.3063316064089174,405812400
2006-10-02,2.23903489112854,2.2692439129729496,2.2222853127162754,2.2462135671171453,712639200
2006-10-03,2.215705633163452,2.2417274124000346,2.1890866458570706,2.226772851114922,790708800
2006-10-04,2.2545881271362305,2.2569807527707004,2.1881886226617775,2.21630412030138,829082800
2006-10-05,2.238137722015381,2.2779176452305108,2.2172010989738262,2.2291652258575816,683883200
2006-10-06,2.2198925018310547,2.244418760878394,2.207629472141549,2.225874564932437,466958800
2006-10-09,2.2321557998657227,2.245615442257946,2.1992548511325105,2.207330636567845,438222400
2006-10-10,2.2076292037963867,2.2306595449323052,2.1857954748036197,2.229463731462368,531588400
2006-10-11,2.1902825832366943,2.2127151252691273,2.1714394795447634,2.1959657441359384,571855200
2006-10-12,2.2509982585906982,2.254886798631678,2.20134814140404,2.2016478435145155,592855200
2006-10-13,2.243820905685425,2.299452299268224,2.23544621644656,2.262065201034418,684196800
2006-10-16,2.255185842514038,2.269542592808207,2.236940751605032,2.248904876573762,508692800
2006-10-17,2.2219865322113037,2.2512980464699885,2.214509551302148,2.2444190722856154,480925200
2006-10-18,2.2291643619537354,2.254288419667875,2.210620172138981,2.2357442298531205,1133907600
2006-10-19,2.3625614643096924,2.3912749697054583,2.337737298521482,2.3706372500156934,1512977200
2006-10-20,2.3912746906280518,2.3924715025222425,2.352990686796159,2.361963381641196,639413600
2006-10-23,2.436438798904419,2.4495987387522193,2.38529275827699,2.392471633351529,832507200
2006-10-24,2.424175262451172,2.443018357987602,2.398752098532138,2.4289605126061553,463212400
2006-10-25,2.443018674850464,2.452589176401738,2.422978765005368,2.4331480718256118,485214800
2006-10-26,2.4582722187042236,2.470535246865558,2.4265680868910553,2.4495984279564413,432756800
2006-10-27,2.405034065246582,2.4660495192581164,2.3930699375292566,2.4451126950895032,594966400
2006-10-30,2.4053328037261963,2.419689556333527,2.3778161105378532,2.392471766649254,499917600
2006-10-31,2.425072193145752,2.443018378892655,2.3996490290091703,2.436139407026252,501474400
2006-11-01,2.367645740509033,2.4340454225948434,2.343717695097873,2.4256707364853103,611192400
2006-11-02,2.362262010574341,2.3724313164633917,2.3479052612205007,2.3604673919465737,465483200
2006-11-03,2.3416237831115723,2.3787119609619567,2.326669030490357,2.3736276086328343,431888800
2006-11-06,2.38409686088562,2.3945652713005274,2.3458118579638483,2.361365421184395,434576800
2006-11-07,2.4080238342285156,2.422679686972962,2.396658515035771,2.4062292155657303,525932400
2006-11-08,2.4660484790802,2.473226353677912,2.389479491664547,2.393367831532578,690916800
2006-11-09,2.4926695823669434,2.5330473199104526,2.4561793880921465,2.479508840740305,923053600
2006-11-10,2.486088514328003,2.5004452683794542,2.467545313783405,2.498950351372052,373864400
2006-11-13,2.5228769779205322,2.5258676096237282,2.47173174481829,2.489079125844153,450674000
2006-11-14,2.54231858253479,2.54231858253479,2.5094186296967953,2.5363365188045286,588954800
2006-11-15,2.5139036178588867,2.5692360800833516,2.512407903067122,2.5438129219881644,655323200
2006-11-16,2.560563564300537,2.581201483591277,2.5309531488152177,2.5384301291431974,693940800
2006-11-17,2.5677411556243896,2.5704336826801963,2.5423179897041295,2.546505433338863,466424000
2006-11-20,2.586285352706909,2.6021378191409186,2.548300252234929,2.554282315040216,570794000
2006-11-21,2.649993896484375,2.649993896484375,2.6054281179495407,2.614700516971844,622666800
2006-11-22,2.7011377811431885,2.7142977165028603,2.6275602269380918,2.661656976722872,671941200
2006-11-24,2.7406198978424072,2.783989062727577,2.6769127139060207,2.6778096241601768,518677600
2006-11-27,2.6781070232391357,2.786380123361882,2.676911210128138,2.766939225154269,1074836000
2006-11-28,2.7460033893585205,2.750788640187304,2.689174392649186,2.7026342334077245,1036173600
2006-11-29,2.7457034587860107,2.786082181965361,2.6993436713041246,2.7815958346506,1157083200
2006-11-30,2.741515874862671,2.772023991230246,2.723570487827498,2.7579663454270134,870486400
2006-12-01,2.73134708404541,2.7615552955045466,2.694856709899953,2.7457028331100597,795079600
2006-12-04,2.725364923477173,2.7531805090788564,2.7068207338501113,2.74809635618008,709536800
2006-12-05,2.7298519611358643,2.7615558944597844,2.7178878359790826,2.741217281029876,662838400
2006-12-06,2.686781883239746,2.7334413753621565,2.6819966322043536,2.71100903857987,638184400
2006-12-07,2.603334665298462,2.706822388257486,2.5991472199949945,2.6927647358356555,1004827600
2006-12-08,2.639824151992798,2.673622009908716,2.6021379530533397,2.609016926296792,784277200
2006-12-11,2.65447998046875,2.670930455434825,2.633543357211789,2.6589663284279768,499780400
2006-12-12,2.576416492462158,2.6571721673243798,2.5581713953006244,2.6502931924465747,1026620000
2006-12-13,2.6634521484375,2.6640501550009645,2.606623954097848,2.6305514046952787,857052000
2006-12-14,2.648498296737671,2.6918676643512747,2.6398247027506683,2.663453058303936,832330800
2006-12-15,2.6236727237701416,2.66853759713069,2.612008299960078,2.6625555341486207,739939200
2006-12-18,2.5563762187957764,2.6320475216484747,2.5300553402492607,2.6209811040084414,721576800
2006-12-19,2.5814995765686035,2.59256599117018,2.5010430445586453,2.534242088695098,911405600
2006-12-20,2.535140037536621,2.5922671337717076,2.534542030989405,2.5862850716165813,567691600
2006-12-21,2.4795081615448,2.5566749757832525,2.4585713407739465,2.533345729193898,903599200
2006-12-22,2.458571195602417,2.5136055719161066,2.440625806671756,2.496257390897364,613303600
2006-12-26,2.4379334449768066,2.4696383759653613,2.419390049721258,2.457076244487259,490688800
2006-12-27,2.4382333755493164,2.4525893284344455,2.2961625737277664,2.337437211158084,1935754800
2006-12-28,2.4187920093536377,2.4301581303342097,2.382302617887682,2.3993509008509526,1119876800
2006-12-29,2.537532091140747,2.554281462065643,2.493266039173702,2.5109123198832415,1076429200
2007-01-03,2.5064280033111572,2.5895771185142493,2.4495997773045257,2.580903322988556,1238319600
2007-01-04,2.5620594024658203,2.570732994894616,2.5070250192347774,2.513904791350951,847260400
2007-01-05,2.543814182281494,2.5782100488222435,2.5243732747169476,2.5653490117246163,834741600
2007-01-08,2.5563762187957764,2.588080355244878,2.550693059058329,2.571031874374198,797106800
2007-01-09,2.7687344551086426,2.7809974858736712,2.546804886291337,2.585687900523881,3349298400
2007-01-10,2.9012341499328613,2.925161400994573,2.795054739557379,2.833937545832712,2952880000
2007-01-11,2.865342617034912,2.8946541239840604,2.844405997501211,2.869530060742636,1440252800
2007-01-12,2.8300492763519287,2.8432092148491694,2.788474740643324,2.829151367971858,1312690400
2007-01-16,2.9042246341705322,2.9087109813457657,2.85487441590635,2.8617533883964987,1244076400
2007-01-17,2.8399198055267334,2.9191803624584485,2.8360322623084815,2.9179845485737994,1646260000
2007-01-18,2.6640501022338867,2.7549758503149206,2.6634520956822674,2.754676747204962,2364605600
2007-01-19,2.647001266479492,2.6813979198066717,2.6356359488423293,2.6508898060515964,1364473600
2007-01-22,2.5958573818206787,2.666743442829528,2.561760615224248,2.6661446374220272,1454026000
2007-01-23,2.5632545948028564,2.6173910564136125,2.5575724347313087,2.5641523034149047,1207424400
2007-01-24,2.5931649208068848,2.606623761353209,2.5746207286616776,2.592566115614492,927813600
2007-01-25,2.579705238342285,2.6470016415056494,2.57312516954873,2.6054273072927012,905973600
2007-01-26,2.553684711456299,2.6132046484159277,2.542019687144989,2.6054279655417214,986874000
2007-01-29,2.570434093475342,2.5916698191546663,2.5581708637280545,2.5812014080631207,901664400
2007-01-30,2.5587687492370605,2.586884245706913,2.5497960540615257,2.585089626804476,577970400
2007-01-31,2.5641531944274902,2.5722289807130263,2.5228777520859493,2.5381314160646746,856069200
2007-02-01,2.5345418453216553,2.5803028204414873,2.5345418453216553,2.57910700710295,664342000
2007-02-02,2.534841775894165,2.54979633606344,2.5034365406331442,2.5159986746712217,621530000
2007-02-05,2.5106139183044434,2.549197818888951,2.5106139183044434,2.5213812305737466,578852400
2007-02-06,2.516895294189453,2.5264667946238752,2.47831218598606,2.525867989321023,864393600
2007-02-07,2.5767149925231934,2.583593965790746,2.4989499687949044,2.5267657636951353,1066825200
2007-02-08,2.577610969543457,2.5874813701415618,2.5545806338193167,2.555178440579658,679030800
2007-02-09,2.4905753135681152,2.578209943972835,2.488780694603753,2.568639241834564,860540800
2007-02-12,2.5387301445007324,2.5477028407648366,2.501342845169104,2.5252703014311804,724071600
2007-02-13,2.5333454608917236,2.5509917458687283,2.521381336383112,2.5471042040766276,580986000
2007-02-14,2.5512921810150146,2.561460891095776,2.529457647513373,2.5312524663736458,507981600
2007-02-15,2.5485994815826416,2.5608625112724304,2.5357384452510288,2.5554792534860455,363661200
2007-02-16,2.537234306335449,2.554581691320638,2.5321491530706064,2.549796240233058,399868000
2007-02-20,2.5692367553710938,2.57701343605741,2.5171938137349046,2.5318496661292844,617702400
2007-02-21,2.667938232421875,2.6766118225905746,2.57103122845142,2.571629234955915,1155313600
2007-02-22,2.677210807800293,2.716092813967475,2.6478995020362865,2.7157939105292686,838224800
2007-02-23,2.6640501022338867,2.7020359975303316,2.657470033483095,2.6667426292284073,517893600
2007-02-26,2.647300958633423,2.691866926573141,2.6203828743958546,2.6870806773908695,615848800
2007-02-27,2.5103156566619873,2.6045309684432514,2.4947630889134307,2.5812017174837,1145813200
2007-02-28,2.5306544303894043,2.560264848040279,2.482500013973156,2.482500013973156,919475200
2007-03-01,2.603933334350586,2.641320438213525,2.504931765781105,2.513306456280893,1415528800
2007-03-02,2.5545811653137207,2.6182891295422617,2.548599103100572,2.5952585893582363,860000400
2007-03-05,2.5817995071411133,2.6514887553545674,2.5650501273670745,2.568938668614713,838899600
2007-03-06,2.637730598449707,2.6413200362152773,2.614102246316312,2.6260655746337123,723186800
2007-03-07,2.6236727237701416,2.66105981873478,2.615596938744348,2.633543127690556,626284400
2007-03-08,2.632047176361084,2.653581802493047,2.615895607757194,2.649694260576445,511011200
2007-03-09,2.631150484085083,2.6574703630153778,2.6141020040399883,2.655975446285105,451836000
2007-03-12,2.6879794597625732,2.6915688984975685,2.6317492457295355,2.6341418721055407,729408400
2007-03-13,2.6440114974975586,2.7098121926031173,2.6440114974975586,2.674219717081568,867890800
2007-03-14,2.6918675899505615,2.6918675899505615,2.6296553203237707,2.649993939252977,796586000
2007-03-15,2.6790060997009277,2.702634450618406,2.6712292178887895,2.690670324243317,559498800
2007-03-16,2.6796038150787354,2.6915679410448217,2.671528229719951,2.6781080996646507,571704000
2007-03-19,2.7256641387939453,2.7382262687956422,2.6796032616787677,2.69904436335365,712961200
2007-03-20,2.736132860183716,2.746900173224573,2.723570728744975,2.7322445196029634,488916400
2007-03-21,2.807617425918579,2.8115057674918913,2.74121791365282,2.7513872227146643,686896000
2007-03-22,2.8103089332580566,2.822272860563458,2.7815962265311187,2.803429959584836,561492400
2007-03-23,2.7971484661102295,2.813598939108743,2.7905685963801314,2.7920643117454333,450884000
2007-03-26,2.8668384552001953,2.868334170959208,2.7905693309294812,2.8112070536436122,864987200
2007-03-27,2.8551735877990723,2.896149321811055,2.841414842851978,2.8626505675696916,932052800
2007-03-28,2.788774251937866,2.8533793430198884,2.786082722562397,2.8378257774589875,942337200
2007-03-29,2.804027795791626,2.8171887349364524,2.758565909833134,2.8171887349364524,725723600
2007-03-30,2.7789039611816406,2.831844629031049,2.774118709277276,2.81988050092834,600558000
2007-04-02,2.801037073135376,2.8189822635839317,2.7821939742423454,2.8156927279773676,501992400
2007-04-03,2.826460599899292,2.848294335231003,2.8043271623569463,2.815693283836212,583934400
2007-04-04,2.8195810317993164,2.845602006861224,2.8153935878033503,2.8396199440098435,476784000
2007-04-05,2.831843376159668,2.831843376159668,2.7971478193486283,2.815094003562895,355516000
2007-04-09,2.801037073135376,2.850387295293434,2.782791781198707,2.8476957663115536,413341600
2007-04-10,2.818981885910034,2.819281787689646,2.793857823974771,2.80163450474196,352466800
2007-04-11,2.7693324089050293,2.8100090313755732,2.761555528914232,2.808513316260652,549018400
2007-04-12,2.757368803024292,2.760958240438417,2.7134016389798012,2.7528824555103584,656675600
2007-04-13,2.699045181274414,2.733740750588155,2.693661923075067,2.718785991023795,719941600
2007-04-16,2.73463773727417,2.7367314595788783,2.699344160285559,2.7089156619182893,609033600
2007-04-17,2.702335834503174,2.7606597630835163,2.6828941256396597,2.751686267348238,751920400
2007-04-18,2.7038300037384033,2.717289844281861,2.6799027516352565,2.6966521276099265,464044000
2007-04-19,2.6999425888061523,2.729254097975733,2.6867818507737513,2.6975491646440846,425913600
2007-04-20,2.7208805084228516,2.7271614773285044,2.708318370943144,2.718487083294198,522779600
2007-04-23,2.7968497276306152,2.805523319848163,2.734338565487226,2.739422720151946,780290000
2007-04-24,2.788774251937866,2.8829897601803762,2.7307494310411538,2.810309082630189,1055252800
2007-04-25,2.8518834114074707,2.8533793266868175,2.8055236151955394,2.8183846529655963,1187144000
2007-04-26,2.956268072128296,3.0657370380067217,2.940116700466855,3.0382203447848983,1737778000
2007-04-27,2.988569498062134,2.9894672067013457,2.921871702917961,2.936527355524309,699403600
2007-04-30,2.9849812984466553,3.0208726774839376,2.9810929575639427,2.993654890309911,616509600
2007-05-01,2.9751105308532715,3.001431404710795,2.947593843567646,2.9786999678205435,532523600
2007-05-02,3.00262713432312,3.0071134811533105,2.9751104478055996,2.9804945032720678,505145200
2007-05-03,3.0029263496398926,3.0343313776296768,2.9912619273128245,3.0127967523054,576077600
2007-05-04,3.0151901245117188,3.0388184774672378,3.005918524776304,3.0148910213265427,381987200
2007-05-07,3.1082093715667725,3.1210702085056488,3.0211719489211766,3.023265471383242,861557200
2007-05-08,3.1423051357269287,3.1449968638281858,3.0932530283773483,3.094748743473151,783997200
2007-05-09,3.1967406272888184,3.1991332522506895,3.137220112955263,3.137818918117631,717757600
2007-05-10,3.2104992866516113,3.255364159473513,3.1680278379987734,3.189263562325192,1197257600
2007-05-11,3.2523727416992188,3.2640379640892148,3.193749922622395,3.222463425369871,653696400
2007-05-14,3.2709178924560547,3.2900599004312623,3.2377180324796537,3.2786945765418216,651946400
2007-05-15,3.21588397026062,3.2960416322110695,3.184777836064427,3.2771985297047106,954514400
2007-05-16,3.2104992866516113,3.255065255996322,3.0932536489672344,3.246091762294306,1126767600
2007-05-17,3.2733101844787598,3.286172021567342,3.2048177472219703,3.2048177472219703,735291200
2007-05-18,3.2906577587127686,3.309201754550467,3.283179980345113,3.2969387251518847,621345200
2007-05-21,3.349281072616577,3.363337924305444,3.291555154875115,3.299331837870783,639892400
2007-05-22,3.3959391117095947,3.40222027752159,3.3501775302320853,3.364534081322875,572409600
2007-05-23,3.3764986991882324,3.4396078723009254,3.3675252045255606,3.4102965595760755,911374800
2007-05-24,3.3106961250305176,3.4234553975233126,3.301125624547768,3.374105382933552,887362000
2007-05-25,3.398332357406616,3.4031176088047514,3.3349240825170603,3.349878841726672,632959600
2007-05-29,3.420165777206421,3.435419235292355,3.370515465644247,3.423156408606938,645694000
2007-05-30,3.5523667335510254,3.5556564685739067,3.3956402908191605,3.4186704326623967,1478444800
2007-05-31,3.624746799468994,3.6540580996839482,3.575396393585285,3.5912480565557563,1297066400
2007-06-01,3.54129958152771,3.624747757144853,3.5380102457830307,3.6220558289847364,885262000
2007-06-04,3.628936290740967,3.6409004208065037,3.5263462714496963,3.548180808819301,886673200
2007-06-05,3.669013738632202,3.6696123442129904,3.6041099584854863,3.631327543922299,920785600
2007-06-06,3.698026657104492,3.710289887478852,3.647479817054495,3.6579480290129918,1112241200
2007-06-07,3.7108869552612305,3.8167674631567805,3.6845670786865483,3.7384048416634634,1915079600
2007-06-08,3.72344970703125,3.7635291303405984,3.6576486104814454,3.7632292285132154,1241682400
2007-06-11,3.594838857650757,3.77309996025637,3.5753979496209514,3.7686138118923243,1874258400
2007-06-12,3.6005210876464844,3.6403010038496073,3.538607939946518,3.569713865687883,1426566400
2007-06-13,3.514382839202881,3.624749140532702,3.4515727555084585,3.6235531268972556,1721353200
2007-06-14,3.5517690181732178,3.572705443398771,3.4820795702563223,3.5054088210703305,973266000
2007-06-15,3.6041107177734375,3.6091954719201578,3.5849685132636564,3.6076999559946517,811218800
2007-06-18,3.74139666557312,3.7440881951765634,3.6651273422850337,3.687259782227416,910604800
2007-06-19,3.698625326156616,3.73900305376009,3.6761929890413625,3.729431752873943,943026000
2007-06-20,3.6355159282684326,3.7285354259588925,3.6340208116077632,3.704907071873646,897512000
2007-06-21,3.705803632736206,3.7174686564159765,3.6106912202904464,3.640002532402157,867045200
2007-06-22,3.678884983062744,3.722254147011332,3.6603409845886636,3.7043079555815415,631876000
2007-06-25,3.659146785736084,3.74139820722763,3.6208619577037684,3.7144793060705505,965403600
2007-06-26,3.578685998916626,3.7087930400904,3.5508702118489075,3.7081948339454365,1345005200
2007-06-27,3.6456847190856934,3.6501712666857284,3.567022980518492,3.6074007109087676,974696800
2007-06-28,3.6059043407440186,3.663630041511595,3.5891549663421034,3.659741701179443,838143600
2007-06-29,3.6501715183258057,3.708794546330985,3.6217579129101445,3.6480777959681165,1137841600
2007-07-02,3.6268417835235596,3.6516665466332343,3.5682187633472005,3.620560617289311,994862400
2007-07-03,3.803607940673828,3.8104869134945156,3.634020055868734,3.6489748133958395,1162481600
2007-07-05,3.970503568649292,3.977084237785072,3.849070076558683,3.852360610794913,1453051600
2007-07-06,3.9570443630218506,3.9881506939417575,3.900216357015197,3.9818695272553306,874694800
2007-07-09,3.8981239795684814,3.9749919248546393,3.863727501851428,3.9594385543607133,995820000
2007-07-10,3.9585397243499756,4.022844901410849,3.8526592117057663,3.8547529336416178,1255007600
2007-07-11,3.959735870361328,3.998917986804186,3.9274339255912922,3.950165367470222,821772000
2007-07-12,4.009984493255615,4.015069247323774,3.959735957608369,4.003404223285057,704608800
2007-07-13,4.1194539070129395,4.123042346197287,4.023443791003865,4.038697652562257,907606000
2007-07-16,4.130519390106201,4.1867495724806245,4.1125732048772266,4.139192980296974,936112800
2007-07-17,4.154746055603027,4.175383771830211,4.112573713112936,4.136501963041977,709959600
2007-07-18,4.13111686706543,4.140688165089927,4.068904627915795,4.133210588508288,756856800
2007-07-19,4.187348365783691,4.211575721550344,4.176880154603896,4.196321061175422,732891600
2007-07-20,4.299509048461914,4.312370083091673,4.187347776170239,4.236698991554002,1167773600
2007-07-23,4.29801607131958,4.343478973052559,4.215166056741647,4.286351042925767,1036490000
2007-07-24,4.034510135650635,4.2172577672381415,4.012376502594159,4.153849496909423,1795292800
2007-07-25,4.105396270751953,4.138297220142932,4.03780055162184,4.1080877999475405,1496182800
2007-07-26,4.366804599761963,4.441578363933687,4.096421837897076,4.364112273034704,2186629200
2007-07-27,4.3025007247924805,4.454142447133775,4.3004074018124125,4.37248887412664,1161098400
2007-07-30,4.230118751525879,4.350355820097176,4.174487163763111,4.316857066446558,1106988400
2007-07-31,3.9408931732177734,4.291434505987547,3.9337150963735663,4.276179844766478,1762392800
2007-08-01,4.03779935836792,4.04916487614205,3.8215522228851273,3.9971221379080477,1750156800
2007-08-02,4.082365989685059,4.09642383959496,4.012377041335229,4.087151241381515,852644800
2007-08-03,3.943584680557251,4.066213761771151,3.9331160716383873,4.04557604638199,679187600
2007-08-06,4.045277118682861,4.04587492559612,3.837405238890789,3.974989881005661,925170400
2007-08-07,4.038699150085449,4.104799773797029,3.9669159636621756,4.0360072206940565,949936400
2007-08-08,4.008190155029297,4.093432978585093,3.9480724022342484,4.09044234560947,808096800
2007-08-09,3.7802789211273193,3.9779813355559326,3.7413963055178585,3.921452031262488,1125395600
2007-08-10,3.7387049198150635,3.8209563114446623,3.5981299956375477,3.682474710542004,1410749200
2007-08-13,3.822152614593506,3.8688115142842485,3.7835687023698896,3.8380042850107743,752911600
2007-08-14,3.7096922397613525,3.837406108353528,3.7001205382580276,3.837107404497527,739006800
2007-08-15,3.5861656665802,3.734517665813175,3.578687686904412,3.671108583211459,992852000
2007-08-16,3.5009217262268066,3.5442908796226478,3.3385129263405076,3.4997257130925417,1866690000
2007-08-17,3.6507697105407715,3.6938393675819117,3.5837722000301113,3.6492741947403853,1195062400
2007-08-20,3.6555538177490234,3.7237481188950476,3.604109288325436,3.707596952642092,803317200
2007-08-21,3.815570592880249,3.8571451272887765,3.6190650372438657,3.6552557155698664,1303047200
2007-08-22,3.963324546813965,3.970502621910197,3.898121668062222,3.9247414447473306,1061765600
2007-08-23,3.9202542304992676,3.9881498381043556,3.8810733202577494,3.9806718609838065,866838000
2007-08-24,4.046772480010986,4.048866201805717,3.8825684647107406,3.9041038888851207,911834000
2007-08-27,3.9555466175079346,4.027629244172966,3.9510600724037186,3.9896439609635195,707439600
2007-08-28,3.793140172958374,3.9603352697831125,3.787457212088518,3.9178630141977546,1179365600
2007-08-29,4.010282516479492,4.013273947113279,3.8744936889544093,3.8846619973549057,1166860800
2007-08-30,4.0751872062683105,4.135006641668196,3.9570442506404584,3.968110668484618,1435582400
2007-08-31,4.141885757446289,4.176880429856467,4.109882516146033,4.172094779019289,876887200
2007-09-04,4.311770439147949,4.358728818299052,4.182561518399325,4.185552149497475,1316842800
2007-09-05,4.0904436111450195,4.36202264040762,4.070702791775733,4.336001449912777,2328222400
2007-09-06,4.0380988121032715,4.11466721102561,3.969306694648004,4.054549483034099,1901261600
2007-09-07,3.941192388534546,3.9570448588246396,3.888252717176825,3.9483712649837743,1430576000
2007-09-10,4.088944435119629,4.12872394357061,4.0063939883202,4.0973189213537475,1487838800
2007-09-11,4.052456378936768,4.136502368364855,4.000413228914788,4.124538242228007,971885600
2007-09-12,4.09313440322876,4.169403740346805,4.060233842223044,4.067412320698535,1022770000
2007-09-13,4.103600978851318,4.157438342658677,4.087150307184954,4.152353190261555,656163200
2007-09-14,4.151755332946777,4.156839686608947,4.073691415942724,4.084757831956394,607320000
2007-09-17,4.13978910446167,4.204991953611439,4.1155629622592915,4.157137475801431,793371600
2007-09-18,4.214865207672119,4.272591320473324,4.122444724699224,4.159234015058767,1064089600
2007-09-19,4.210379600524902,4.281863270241894,4.16940286054412,4.277676224684859,1026880400
2007-09-20,4.196620464324951,4.240887335479395,4.167010048277907,4.191834813461045,691840800
2007-09-21,4.311471939086914,4.326426694015195,4.1966191496888525,4.221443907095368,1138880400
2007-09-24,4.435000419616699,4.481959222689293,4.386248195353898,4.388640621617656,1052161600
2007-09-25,4.581557273864746,4.582754085866101,4.391331653546624,4.391930658552307,1192550800
2007-09-26,4.569293022155762,4.6359918152851085,4.5238309484117645,4.620140149696514,975268000
2007-09-27,4.621037483215332,4.621635290132102,4.555834598942557,4.59920375363992,658198800
2007-09-28,4.5902299880981445,4.624028639408783,4.568695362927386,4.589333078107908,615101200
2007-10-01,4.676069736480713,4.708073763339261,4.574078390165665,4.6249247114640735,837068400
2007-10-02,4.739181041717529,4.743368485685169,4.662612235084386,4.682352243687127,792069600
2007-10-03,4.72332763671875,4.7610138262657875,4.696110055010643,4.719140592919734,692518400
2007-10-04,4.67308235168457,4.72811575464499,4.591130054432224,4.725723327881458,656958400
2007-10-05,4.828908920288086,4.83279726089919,4.716748443506855,4.736787554137007,943471200
2007-10-08,5.022127151489258,5.022127151489258,4.8743729681078705,4.889926733627566,835928800
2007-10-09,5.020631313323975,5.11783745744111,4.985337934347509,5.090619465539344,1104286400
2007-10-10,4.988628387451172,5.021229437754914,4.953035905855319,5.01135983097551,667590000
2007-10-11,4.852239608764648,5.140866550563993,4.58245456737971,5.069382897011207,1643992000
2007-10-12,5.002383708953857,5.0032814174057885,4.839376147012342,4.875567215331571,988176000
2007-10-15,4.994311332702637,5.0717770758121805,4.890226199688981,5.024221656947195,1077930000
2007-10-16,5.072076797485352,5.090022192720829,4.939576461811165,4.951241887188769,1067830400
2007-10-17,5.166889667510986,5.175563261127332,5.060112219247005,5.165095048279317,1127613200
2007-10-18,5.189321994781494,5.209958917880687,5.116043706366658,5.12950255189497,823676000
2007-10-19,5.0971999168396,5.22311915426244,5.0846375839443985,5.211454130859753,1291780000
2007-10-22,5.215044021606445,5.231195594493426,5.083441807591457,5.0951068324542765,1649499600
2007-10-23,5.56797456741333,5.640954113956609,5.466282326201821,5.639758101098216,1795164000
2007-10-24,5.561099529266357,5.599383548567116,5.361004639541916,5.557510290143437,1288481600
2007-10-25,5.466882228851318,5.560200818484418,5.4333834732242225,5.5293935919912265,973602000
2007-10-26,5.524309158325195,5.544348271312056,5.469873581377667,5.541955446039198,706876800
2007-10-29,5.535973072052002,5.580838144062571,5.524308848175005,5.546740385838693,540554000
2007-10-30,5.593101501464844,5.663987360598541,5.525206674250155,5.568575838402378,939414000
2007-10-31,5.681334495544434,5.686418849709195,5.53178611666681,5.61194336408088,833310800
2007-11-01,5.606260776519775,5.685820610261155,5.383732844012717,5.640955540939214,805036400
2007-11-02,5.619122505187988,5.666080503504191,5.4881181158893915,5.659201530130649,1002114400
2007-11-05,5.568574905395508,5.651723182792356,5.51055009389882,5.541955125113137,804176800
2007-11-06,5.736368656158447,5.742649423327346,5.541357784022242,5.594596550389433,954727200
2007-11-07,5.5721635818481445,5.762987786733416,5.567079227922148,5.7010742368559075,994327600
2007-11-08,5.2482428550720215,5.590109748140971,5.0179386348583686,5.583230775443096,1890378000
2007-11-09,4.946155548095703,5.237774739873471,4.941369897533005,5.1190335806431815,1526380800
2007-11-12,4.598905086517334,5.015845300578111,4.50528779566978,4.943463535065837,1769065200
2007-11-13,5.083441257476807,5.113949381402889,4.598905304730504,4.81096465968349,1739446800
2007-11-14,4.968287467956543,5.311052011414472,4.897401635100288,5.29878918442908,1449168000
2007-11-15,4.9141526222229,5.072375009355589,4.794514145877491,4.976663988677249,1487410400
2007-11-16,4.976663112640381,4.995506210279863,4.76550109729684,4.94406127117708,1383494000
2007-11-19,4.903685092926025,5.030801166448611,4.848352594407679,4.967991087407924,1154428800
2007-11-20,5.050240993499756,5.138175324890637,4.8911217081573675,4.955128985021033,1543642800
2007-11-21,5.038577556610107,5.154925508064557,4.925219439180155,4.960213715312218,1217809600
2007-11-23,5.130697727203369,5.145951187092272,5.077159069354711,5.144455671546968,465757600
2007-11-26,5.16060733795166,5.3020791178720605,5.15492397943442,5.192012366329353,1305754800
2007-11-27,5.2285027503967285,5.257814062588724,5.084936821821027,5.240765581115963,1317030400
2007-11-28,5.390313148498535,5.40167826778554,5.244652732101813,5.2886200897482825,1150912000
2007-11-29,5.512045860290527,5.538365738048016,5.358309644914776,5.366684532658939,1050926800
2007-11-30,5.450132846832275,5.614037386880519,5.374760846397803,5.603270072343213,1187802000
2007-12-03,5.349637031555176,5.50756032034267,5.31494225970958,5.439365991395024,961469600
2007-12-04,5.378051280975342,5.410652329567668,5.293705781607649,5.298491831821753,773799600
2007-12-05,5.548237323760986,5.563192084297146,5.455816831766911,5.470173385908156,892402000
2007-12-06,5.681334495544434,5.685821042751557,5.566780386209084,5.568874108239075,899810800
2007-12-07,5.811442852020264,5.832080574391986,5.624207834608937,5.698982040553508,1066066400
2007-12-10,5.808749675750732,5.8521188396364305,5.763287588207999,5.790206475976946,722377600
2007-12-11,5.639161109924316,5.887112416922407,5.604765447484214,5.824900162987967,1110925200
2007-12-12,5.708553314208984,5.816825474553956,5.556013881638288,5.785719142056366,1225660800
2007-12-13,5.7375640869140625,5.746238877151386,5.617626915498143,5.6885127664504544,864617600
2007-12-14,5.694494724273682,5.7785407132595346,5.669071755039957,5.693896917306638,674312800
2007-12-17,5.515336513519287,5.7620910670670895,5.4728650563958885,5.704366145153672,1024693600
2007-12-18,5.472865581512451,5.602972692886247,5.341861160437061,5.578746129616733,1222603200
2007-12-19,5.477052688598633,5.522515578665371,5.410652972790902,5.472865243583087,827478400
2007-12-20,5.599382400512695,5.617926399508867,5.483333554026416,5.546143628452236,774057200
2007-12-21,5.799776554107666,5.799776554107666,5.679540275212563,5.686419248742893,993960800
2007-12-24,5.946034908294678,5.961887376471309,5.826097730557376,5.833275408039473,480202800
2007-12-26,5.950521469116211,6.01064000904172,5.886814090441678,5.952316088159064,703732400
2007-12-27,5.939155578613281,6.0704582697221445,5.916125434335147,5.9505210991747415,795527600
2007-12-28,5.976840496063232,6.028583733474819,5.888607080875733,5.999571931649194,699647200
2007-12-31,5.92449951171875,5.996880473568234,5.914629108282482,5.966970958798257,539333200
2008-01-02,5.8275909423828125,5.98970162565744,5.759098729445634,5.960091217838421,1079178800
2008-01-03,5.830284595489502,5.903862376462658,5.763287084122184,5.844641547356785,842066400
2008-01-04,5.385229587554932,5.772559436552466,5.350534815224519,5.726199639711012,1455832000
2008-01-07,5.313145160675049,5.491406584397799,5.091514593548576,5.421118565938123,2072193200
2008-01-08,5.122025489807129,5.457313027881926,5.1085662435808725,5.3879218760972245,1523816000
2008-01-09,5.365787506103516,5.368778138039163,5.033790222941111,5.123519164426002,1813882000
2008-01-10,5.324512481689453,5.413643223757555,5.246448556177726,5.3113523424185205,1482975200
2008-01-11,5.165096282958984,5.319430379081226,5.084639498190137,5.264097071551169,1232285600
2008-01-14,5.347242832183838,5.366384631221135,5.23926861365627,5.30955664161456,1100450400
2008-01-15,5.055924892425537,5.360404351061424,4.92492009182242,5.315540470112569,2343278000
2008-01-16,4.774773597717285,5.0550260571003145,4.686839269589267,4.941967863413802,2213845200
2008-01-17,4.812160491943359,4.945856819301945,4.738284002473104,4.8307048892774915,1757859600
2008-01-18,4.826218605041504,4.957522114106646,4.7738767432022735,4.836686817674664,1724343600
2008-01-22,4.655137538909912,4.784945598059486,4.366809096223948,4.428422789264865,2434754000
2008-01-23,4.159533500671387,4.187349301874357,3.772801816829615,4.073393768705424,3372969600
2008-01-24,4.055746078491211,4.208285505715787,3.9483708321449096,4.187049579256036,2005866800
2008-01-25,3.8885498046875,4.160129391280898,3.8765864810415525,4.1571387600376735,1554739200
2008-01-28,3.8885498046875,3.9839616834988907,3.7820711127310345,3.8332173363082314,1474844000
2008-01-29,3.9343135356903076,3.971700639801091,3.859839229364505,3.9226493086951044,1099982800
2008-01-30,3.9534544944763184,4.05125922059937,3.8882516099520297,3.9292279397939054,1243051600
2008-01-31,4.0485687255859375,4.0871514415838766,3.870307209235977,3.8718019265836516,1345674400
2008-02-01,4.000413417816162,4.085356321378903,3.9534550191849447,4.074888109851501,1010744000
2008-02-04,3.937603235244751,4.06471848371744,3.9307234632550068,4.014171247885198,899234000
2008-02-05,3.8691108226776123,4.007891530009149,3.8553520737698963,3.9011140703763783,1141042000
2008-02-06,3.6489756107330322,3.9456795983562203,3.642096636409221,3.913077748606079,1573272400
2008-02-07,3.6262433528900146,3.7321238661769898,3.5075018041127892,3.5882584526902828,2083331600
2008-02-08,3.7530624866485596,3.7596423594494515,3.6370124110857276,3.651369368477101,1355972800
2008-02-11,3.871800661087036,3.887653125729506,3.804504458816106,3.8287314111029134,1201432400
2008-02-12,3.7345170974731445,3.9181616506114505,3.6974287039724896,3.9091889549068344,1225980000
2008-02-13,3.8703064918518066,3.88167201216891,3.757547000780533,3.788952032729444,968534000
2008-02-14,3.812281370162964,3.912179817080394,3.7988213302214904,3.8703061783162864,954097200
2008-02-15,3.7276370525360107,3.800915733848599,3.710588970051906,3.776689574424348,901300400
2008-02-19,3.654357671737671,3.7910449877186183,3.632224841879225,3.7683135523470765,1005046000
2008-02-20,3.703411102294922,3.7267403528389824,3.6394042165545297,3.6549575826995158,967439200
2008-02-21,3.63521671295166,3.7826717903889655,3.6148788940246335,3.770109855735085,938114800
2008-02-22,3.573004722595215,3.6642287862369556,3.4656286897095296,3.663331876134305,1529878000
2008-02-25,3.5813791751861572,3.594240209582117,3.4892574139708294,3.5469823175293222,1256774400
2008-02-26,3.5637331008911133,3.6217583285034274,3.4527685985574608,3.518570110768235,1504888000
2008-02-27,3.6776881217956543,3.6803796505529243,3.5320280962974486,3.5362151406624296,1475138000
2008-02-28,3.885559320449829,3.954052325971349,3.7617334451190607,3.8045039860180787,1618254400
2008-02-29,3.739302396774292,3.894532949612386,3.732722126992968,3.8670162564729322,1255480800
2008-03-03,3.640899658203125,3.768016117503612,3.5293369640668124,3.7219550250725746,1593043200
2008-03-04,3.7273378372192383,3.7351145187853367,3.6011195080317706,3.648675708829939,1785383600
2008-03-05,3.72344970703125,3.7428914120461023,3.6564521978651467,3.6962317193471117,1221836000
2008-03-06,3.6169722080230713,3.813477790457245,3.613382570808592,3.727038974916334,1473698800
2008-03-07,3.656451940536499,3.678286069910682,3.560741733324951,3.6014181620698174,1230462800
2008-03-10,3.579882860183716,3.692642324053674,3.5703115617315766,3.6483762667221833,999588800
2008-03-11,3.808990955352783,3.812879296093338,3.6489747720885357,3.711785232195307,1163943200
2008-03-12,3.769510269165039,3.8487710050075785,3.743788197444876,3.799719686720131,1059629200
2008-03-13,3.8266382217407227,3.873297114830419,3.678884461285047,3.7117854082366053,1262102800
2008-03-14,3.7868587970733643,3.897224666818067,3.714775735233,3.8846623342804136,1156640800
2008-03-17,3.790447950363159,3.8460803491230853,3.6654264017746216,3.6654264017746216,1072598800
2008-03-18,3.9725964069366455,3.9779806627248986,3.84847180010617,3.8637256607158035,1205120000
2008-03-19,3.8783812522888184,4.0165637042845335,3.8783812522888184,3.981569835925187,1010536800
2008-03-20,3.986055612564087,3.986653419374654,3.8637248514984743,3.92174964975893,908787600
2008-03-24,4.173290729522705,4.212771549661286,3.9971233534365362,4.0081893721574335,1066920400
2008-03-25,4.216657638549805,4.280065879970476,4.107487834141929,4.186149530555202,1052391200
2008-03-26,4.3386921882629395,4.359030809357169,4.206491750155608,4.213370725376381,1182084400
2008-03-27,4.194825649261475,4.346168242323901,4.187048967711288,4.335400928744888,999829600
2008-03-28,4.277377128601074,4.326428457234188,4.235204774396725,4.241186838540629,714610400
2008-03-31,4.2920331954956055,4.358133812575699,4.262721877070229,4.285154220411197,768065200
2008-04-01,4.472387313842773,4.476275655263483,4.295323019647777,4.375779380717649,1032567200
2008-04-02,4.411371231079102,4.522336101291914,4.362319912894247,4.449954338578649,1044968400
2008-04-03,4.534599304199219,4.595016946147666,4.3967159383933305,4.398510557401998,1051568000
2008-04-04,4.5785651206970215,4.627317323242417,4.508875703474275,4.551945347086641,854417200
2008-04-07,4.6626129150390625,4.776269329664617,4.6392832660109455,4.669790592785616,1158326400
2008-04-08,4.571388244628906,4.679362502233261,4.555835677033711,4.5926249709862335,1014294400
2008-04-09,4.529513835906982,4.602792509649875,4.500202526144483,4.585445325779535,873398400
2008-04-10,4.622533798217773,4.648554976066707,4.504390438763051,4.520242907219169,955763200
2008-04-11,4.400904178619385,4.585147370791575,4.3787705401764425,4.567800182577354,1210076000
2008-04-14,4.420044898986816,4.464012263162541,4.323138274186326,4.389836678984847,845087600
2008-04-15,4.437989234924316,4.478068241433745,4.358429827289436,4.468496545337292,698037200
2008-04-16,4.597110748291016,4.60907407655022,4.50498896759367,4.537889118648183,795774000
2008-04-17,4.620739936828613,4.665903725501944,4.586643366908146,4.611168633549814,704267200
2008-04-18,4.816645622253418,4.853134995757477,4.737085809578028,4.759218636249316,1026765600
2008-04-21,5.029602527618408,5.039772033435513,4.838181327806196,4.851640169185051,1039152800
2008-04-22,4.791524410247803,5.024819343019156,4.728414426286005,5.0068731489048455,1439572400
2008-04-23,4.8719801902771,4.9303041112440456,4.817843713749528,4.906675759152371,1504190800
2008-04-24,5.0529327392578125,5.084039069553429,4.761314337015222,4.945258792916355,1696066400
2008-04-25,5.076560020446777,5.117535539016671,4.977558512915713,5.10557221625437,992474000
2008-04-28,5.151633262634277,5.196796223509509,5.058613816226638,5.077157805033951,787214400
2008-04-29,5.235681056976318,5.253925150481777,5.092114345326623,5.11783641665862,923476400
2008-04-30,5.202781677246094,5.383734738474381,5.171974443929861,5.269779203338579,1139524400
2008-05-01,5.383734703063965,5.383734703063965,5.22999923807063,5.232989871010611,903576800
2008-05-02,5.4118475914001465,5.441158895954716,5.340363948578684,5.389415258674691,1006082000
2008-05-05,5.525207996368408,5.542555586313033,5.415140391431198,5.441161976016536,854557200
2008-05-06,5.582931995391846,5.596689941583759,5.44893697922386,5.523112164216405,918870400
2008-05-07,5.461199760437012,5.628993455516252,5.399885203767001,5.564687467606279,1157133600
2008-05-08,5.535076141357422,5.578145795680499,5.475555814268273,5.49649223547909,899085600
2008-05-09,5.486922740936279,5.510850197951769,5.424710474155243,5.4782491475857595,673072400
2008-05-12,5.6277971267700195,5.64903305577034,5.468976913096749,5.539564074066051,818563200
2008-05-13,5.681633472442627,5.726198642366524,5.6188234102851515,5.641254947812393,823236400
2008-05-14,5.570967197418213,5.749826466387716,5.550329481946493,5.719617850631346,916823600
2008-05-15,5.674753665924072,5.67983881861781,5.509353224278571,5.587417945457148,873208000
2008-05-16,5.611645698547363,5.691804158802434,5.5931016993301865,5.686120798618553,765769200
2008-05-19,5.491408348083496,5.64364825479188,5.422615822773625,5.618823492441063,945820400
2008-05-20,5.560200214385986,5.567976097116141,5.387322198755358,5.438168133661876,969850000
2008-05-21,5.329596996307373,5.62151486906533,5.271572185785245,5.553320551893259,1157657200
2008-05-22,5.2955002784729,5.4235132417958685,5.144456770170575,5.361600881681612,1206735600
2008-05-23,5.418727397918701,5.443253456081222,5.317932035679787,5.406763272309357,906917200
2008-05-27,5.576052188873291,5.576052188873291,5.438767438255815,5.465985025994078,789905200
2008-05-28,5.5933990478515625,5.621513939384406,5.494996528150043,5.605362372670336,743979600
2008-05-29,5.583828449249268,5.628992222421443,5.548235976070821,5.5859221711228955,647186400
2008-05-30,5.645442485809326,5.669071634302023,5.604466552888883,5.606560274907222,610184400
2008-06-02,5.566183090209961,5.672361522498911,5.519224291134706,5.640956487839451,679840000
2008-06-03,5.54434871673584,5.6289933202167415,5.45372284826559,5.588913893013123,750520400
2008-06-04,5.538964748382568,5.595793149931944,5.480342127236396,5.503970477853548,726983600
2008-06-05,5.665781497955322,5.678044727780445,5.554218812220044,5.573361015537224,755445600
2008-06-06,5.552424430847168,5.68133510575446,5.549732901570452,5.623011183807445,966422800
2008-06-09,5.431888103485107,5.531487462891362,5.256618037724505,5.527001314656434,1888392800
2008-06-10,5.552424430847168,5.58652099527355,5.354422119539245,5.398988093913351,1140941200
2008-06-11,5.407961845397949,5.5631928317029775,5.371472448415988,5.513542492928026,961550800
2008-06-12,5.18214225769043,5.461498592693805,5.120528609896815,5.428298544406388,1308333600
2008-06-13,5.155521869659424,5.209060125911933,4.944360674286913,5.13368814229267,1345957200
2008-06-16,5.289219856262207,5.320923998382152,5.056822248896468,5.123520668501712,1051730400
2008-06-17,5.426505088806152,5.44325446843771,5.306268000089917,5.32690572126768,899656800
2008-06-18,5.346347332000732,5.44953553668071,5.304474083349892,5.417232791450395,811468000
2008-06-19,5.410651206970215,5.453721656594044,5.28802252270954,5.340364370311362,791949200
2008-06-20,5.24226188659668,5.413644023599885,5.2341861003488654,5.3642927952033235,888367200
2008-06-23,5.17915153503418,5.260505588762218,5.131295833465576,5.226408231676525,645780800
2008-06-24,5.181843280792236,5.2575143782847915,5.1333897702785505,5.155522603893835,621947200
2008-06-25,5.305670261383057,5.348740323468587,5.200687434303381,5.222521169209146,644450800
2008-06-26,5.032593727111816,5.2293991732492575,5.025116149648297,5.206368633998199,869610000
2008-06-27,5.087329864501953,5.101686418039093,4.909666566055202,4.980253320338108,1042249600
2008-06-30,5.0080671310424805,5.144454934542172,4.983541078949756,5.090318477567682,684196800
2008-07-01,5.22461462020874,5.225811032945451,4.905180006904089,4.912058980803484,1111280800
2008-07-02,5.030202388763428,5.3074642323093615,5.030202388763428,5.240167617940187,837519200
2008-07-03,5.088226795196533,5.149542149668564,4.957521897575227,5.072375125007939,523362000
2008-07-07,5.238970756530762,5.297892481775036,5.141465921610032,5.17915212114207,820391600
2008-07-08,5.370274066925049,5.374760614178694,5.166589613649358,5.246149454267399,888350400
2008-07-09,5.211753845214844,5.410951783873288,5.208464109359833,5.38971585606341,895776000
2008-07-10,5.2829389572143555,5.304174486282126,5.125614264035272,5.2317935067210275,840688800
2008-07-11,5.161802291870117,5.297293190184215,5.114545603123931,5.2482418829788235,930011600
2008-07-14,5.200686931610107,5.362796856819103,5.176759476619142,5.361003036467632,886054400
2008-07-15,5.073868274688721,5.196498147072779,4.976662564602938,5.158811955943875,1040043200
2008-07-16,5.1686835289001465,5.17227236750056,5.042764292634331,5.0906188017787075,747790400
2008-07-17,5.138772487640381,5.233586571717854,5.12621015760947,5.207265499272136,757526000
2008-07-18,4.9395751953125,5.0741692190997245,4.935089047322251,5.040370562570371,868414400
2008-07-21,4.973672389984131,5.009862669633291,4.819039271043144,4.99191648236437,1360469600
2008-07-22,4.845958232879639,4.868091065538035,4.38265747396135,4.456534748098967,1879592400
2008-07-23,4.972775459289551,5.035884630379099,4.83220016504913,4.9347901556339755,1061768400
2008-07-24,4.756528377532959,4.942865231713704,4.739180795618782,4.914749537962419,839619200
2008-07-25,4.848949432373047,4.875270111214336,4.74516263215012,4.797504487334922,633637200
2008-07-28,4.618047714233398,4.859417992529515,4.606681393958457,4.855529651155903,780712800
2008-07-29,4.69820499420166,4.769090845450378,4.595615006811461,4.648255565383736,684070800
2008-07-30,4.781950950622559,4.800195840409045,4.668294567834932,4.719140896889473,725183200
2008-07-31,4.754135608673096,4.851341729430724,4.695213889696075,4.711963265558014,637498400
2008-08-01,4.685642719268799,4.785242474973138,4.658425130171436,4.78254974783897,544639200
2008-08-04,4.583052158355713,4.722730522359488,4.573480858356735,4.683847515450256,592527600
2008-08-05,4.804683208465576,4.809468459553273,4.6306091676464565,4.648554558064457,688371600
2008-08-06,4.910862445831299,5.006871762398554,4.725721587855625,4.784643311533915,791408800
2008-08-07,4.892318248748779,4.969485261554205,4.830405096753037,4.866595378698123,672372400
2008-08-08,5.0711774826049805,5.074168913312633,4.897701656452124,4.900991790960246,713997200
2008-08-11,5.191115856170654,5.279050195532391,5.074767513018719,5.086731640371808,891304400
2008-08-12,5.285928249359131,5.362496243502388,5.189619052165503,5.189918155252075,836278800
2008-08-13,5.362795829772949,5.383732648382875,5.261103566531739,5.323315816134473,842346400
2008-08-14,5.363394260406494,5.397192112458921,5.319128199058832,5.333783851806797,711300800
2008-08-15,5.25631856918335,5.376255728788666,5.2356808526930845,5.355020205379169,708251600
2008-08-18,5.245851039886475,5.318232015065505,5.1988926378060825,5.251234497961036,552014400
2008-08-19,5.190218448638916,5.2960985695483584,5.138773504623377,5.220426669300889,616204400
2008-08-20,5.259308815002441,5.292209357985583,5.192610020381668,5.227305581337199,506951200
2008-08-21,5.212948322296143,5.247642680521273,5.1411651839775825,5.218331378797924,539744800
2008-08-22,5.287724018096924,5.308959543189748,5.251233832934033,5.258711411724923,439611200
2008-08-25,5.160907745361328,5.2709757312476215,5.1342879586960875,5.268582106866112,484425200
2008-08-26,5.193510055541992,5.23059765928599,5.162702821163493,5.167189369762804,445550000
2008-08-27,5.224313259124756,5.256915092773227,5.150137698190135,5.183636441666808,477780800
2008-08-28,5.196500301361084,5.271573611648009,5.166889881485741,5.242561398207995,431384800
2008-08-29,5.070580959320068,5.189322139453301,5.05592530122852,5.1731709652976425,599289600
2008-09-02,4.970681190490723,5.1893207901742215,4.935088716092787,5.156420243991755,780763200
2008-09-03,4.993711471557617,5.0451564135384945,4.905179337149373,4.99012223383756,734834800
2008-09-04,4.822027683258057,5.022123585832934,4.809764860272353,4.960808272895138,743386000
2008-09-05,4.790924072265625,4.857323768471248,4.715252578456622,4.743368272403716,786884000
2008-09-08,4.72332763671875,4.931798091551907,4.530111838358877,4.922226792956313,1045979200
2008-09-09,4.536694049835205,4.78434553885034,4.48016513565619,4.691625931838745,1245025600
2008-09-10,4.534599304199219,4.635693779000773,4.450553709980005,4.555835229798443,973142800
2008-09-11,4.565704822540283,4.575874328447874,4.366805643815023,4.432008525523169,971135200
2008-09-12,4.454741477966309,4.5136636136367985,4.381761890449852,4.5136636136367985,793027200
2008-09-15,4.198116302490234,4.417354157482576,4.198116302490234,4.2480657385432705,920634400
2008-09-16,4.183759689331055,4.262123129794987,3.952558508183448,4.003703557652032,1199836400
2008-09-17,3.8233487606048584,4.142783790958206,3.8233487606048584,4.142185185219964,1200455200
2008-09-18,4.010583400726318,4.050662031916242,3.6094947909303405,3.905301069958954,1676253600
2008-09-19,4.214565753936768,4.31296869142643,4.0769815026739105,4.2651129871585,1430875600
2008-09-22,3.9196572303771973,4.194826159414351,3.9079930053066363,4.1855539610538,856713200
2008-09-23,3.7937381267547607,4.061728190017007,3.788353870110379,3.9435856271251866,1280364400
2008-09-24,3.8496692180633545,3.91666673377372,3.74319088083199,3.806599158342866,1047015200
2008-09-25,3.945976734161377,4.031518618774362,3.8439849786139697,3.8822689753272988,1006045600
2008-09-26,3.8356106281280518,3.88226951770559,3.678884184364069,3.7360112839995963,1126451200
2008-09-29,3.1482882499694824,3.5795850600433234,3.008610057366124,3.5777904409303227,2622057200
2008-09-30,3.399528980255127,3.4396076049189146,3.1793940504119576,3.2377171688136217,1626682400
2008-10-01,3.2637386322021484,3.3606456489244234,3.211994789789488,3.3474857103964872,1296484000
2008-10-02,2.99395489692688,3.253869418494259,2.9909642639128116,3.2305401648313037,1609364400
2008-10-03,2.9033281803131104,3.1853754811352353,2.8309466108761248,3.110602084680753,2294398400
2008-10-06,2.935330629348755,2.9544726280558553,2.6182889421393374,2.7504893128949637,2107417200
2008-10-07,2.6667420864105225,3.0358264635668646,2.6604609223799285,3.0053183518976376,1878772000
2008-10-08,2.6855859756469727,2.8811946502604733,2.5626571725668263,2.569536145910637,2207741200
2008-10-09,2.6541805267333984,2.8653425325888544,2.5901734588575382,2.792064066878072,1617383600
2008-10-10,2.895251989364624,2.9909629870476344,2.5423179100353566,2.5632547282163207,2219299600
2008-10-13,3.2978358268737793,3.3059116123382872,3.021470891475118,3.1270523121610743,1539076000
2008-10-14,3.112994432449341,3.4814811187958687,3.084878936657352,3.477293674791142,1980994400
2008-10-15,2.929647207260132,3.2003298879521065,2.9278525888861866,3.105814717935514,1584175600
2008-10-16,3.047492265701294,3.0935531487555696,2.7439095812560192,2.9840834013421005,1980521200
2008-10-17,2.9131979942321777,3.0519792792847187,2.5689386071714404,2.978999697965947,1762227600
2008-10-20,2.944304943084717,2.9918615650000038,2.800739165195274,2.9843837834779934,1549170000
2008-10-21,2.7364327907562256,2.9281539702958574,2.7265623840386923,2.8997395624154767,2193660000
2008-10-22,2.8973453044891357,3.028349061808856,2.779501683618109,2.9123000594540005,2248808800
2008-10-23,2.938021659851074,2.96852977044712,2.7486942284841582,2.8865775345657227,1675430400
2008-10-24,2.8826911449432373,2.9281540388820195,2.695157406285107,2.7017372782474887,1590058400
2008-10-27,2.754378318786621,2.920077476914405,2.747498546734484,2.8435084652379046,1208771200
2008-10-28,2.988271713256836,3.005919003662038,2.76275366608792,2.8542766596441957,1634133200
2008-10-29,3.127052068710327,3.2763009425715275,2.9891687149109973,3.0166854053077947,1950978400
2008-10-30,3.3211653232574463,3.355561788438483,3.218575332063799,3.2371193292497167,1638089600
2008-10-31,3.2179770469665527,3.3133891528366948,3.1446985737405857,3.212294087233589,1659756000
2008-11-03,3.199134111404419,3.2631411891091284,3.1363238456727514,3.16832708502261,1057938000
2008-11-04,3.3196709156036377,3.343598374177954,3.1904611218227292,3.289760793712269,1398681200
2008-11-05,3.089665412902832,3.2816846656396956,3.0803930145151512,3.257458306037368,1256455200
2008-11-06,2.9640448093414307,3.074111783929077,2.93114405873394,3.022368731099021,1319074400
2008-11-07,2.938321352005005,2.9864759557979683,2.862949163070114,2.968231663889776,1095253600
2008-11-10,2.8677361011505127,3.0029273584104543,2.8264606566295996,2.9960483838814564,1123822000
2008-11-11,2.834535598754883,2.906318351455451,2.7594623123709527,2.8357314122396917,1224538000
2008-11-12,2.695455312728882,2.788773692343795,2.6921657773013576,2.7645465384640073,1178976400
2008-11-13,2.8844854831695557,2.8844854831695557,2.57282694653411,2.6879788797143123,1854087200
2008-11-14,2.699045181274414,2.811206676680485,2.6918673040069416,2.8043269042493173,1405266800
2008-11-17,2.636234998703003,2.70831766897851,2.6099151161772784,2.6464045070918436,1162526400
2008-11-18,2.6891746520996094,2.7214775941644063,2.597950782708276,2.6810996653396626,1209695200
2008-11-19,2.580901622772217,2.7391231616444096,2.5785089977563724,2.6751170980268575,1171900800
2008-11-20,2.407426357269287,2.5856876425014472,2.392770502516333,2.549497159517057,1716814400
2008-11-21,2.469937324523926,2.515998207893692,2.3670482445131724,2.450495421535905,1569271200
2008-11-24,2.780100107192993,2.835133485932112,2.5375328590774555,2.5485992755841345,1442257600
2008-11-25,2.715794801712036,2.832741559042297,2.636833153030781,2.8303489330734415,1235292800
2008-11-26,2.8414149284362793,2.848892707105432,2.6873807943859758,2.689474516506206,899836000
2008-11-28,2.7717251777648926,2.8342363289997885,2.747498025940606,2.8324417103707087,297774400
2008-12-01,2.6598622798919678,2.759760707708197,2.659563376492875,2.7307483091788867,923767600
2008-12-02,2.7657434940338135,2.7711275503259105,2.5871833087150025,2.692763923813652,1148722400
2008-12-03,2.8683340549468994,2.8782044607459247,2.655975970042249,2.6739213637306656,1338680000
2008-12-04,2.734039545059204,2.847695952817519,2.663751499037566,2.824366504867339,1091370000
2008-12-05,2.8115053176879883,2.826161172374295,2.6577694932325975,2.7023352635917073,1043795200
2008-12-08,2.982588291168213,3.0148902286644543,2.865342469093483,2.9096087305195066,1185142000
2008-12-09,2.9927566051483154,3.09863710134075,2.907514820978788,2.9323399778813375,1203496000
2008-12-10,2.937425136566162,2.9757093464898037,2.886280088495917,2.927255827789017,938047600
2008-12-11,2.8414149284362793,3.028050907593503,2.8363305740523828,2.911702773365685,1040617200
2008-12-12,2.9392194747924805,2.9610530057196756,2.7675380657469213,2.7756138505449655,1041174400
2008-12-15,2.833937883377075,2.877605146724352,2.7815960295830084,2.871025276691356,891758000
2008-12-16,2.854276418685913,2.8856814568080646,2.7741187557388605,2.8109080509341267,1093506400
2008-12-17,2.6667420864105225,2.724766081248675,2.6326443388158705,2.722672359905144,1293860400
2008-12-18,2.674818992614746,2.7166924418638043,2.6452077761040824,2.6712295545814615,857416000
2008-12-19,2.6918675899505615,2.7199822933292968,2.65597600344884,2.6900727710234382,801920000
2008-12-22,2.5644519329071045,2.6927639909461853,2.5330467008237574,2.6924648877929633,844740400
2008-12-23,2.5835938453674316,2.628159015629257,2.569237094183109,2.598249500026198,635031600
2008-12-24,2.5435149669647217,2.5797054481061865,2.528859312626402,2.5764157129443586,271334000
2008-12-26,2.5665457248687744,2.6147003392534596,2.5494974423495553,2.591370889856881,308324800
2008-12-29,2.590473175048828,2.620682396959726,2.5444122830618134,2.587781446061599,686000000
2008-12-30,2.580901622772217,2.6335425678132967,2.5339430373510914,2.6146994727623687,967601600
2008-12-31,2.5527870655059814,2.62427093205875,2.552488161979491,2.571331263918018,607541200
2009-01-02,2.7142977714538574,2.722972359192644,2.547103753399704,2.568638375031736,746015200
2009-01-05,2.828852891921997,2.8767084008187394,2.772921597428769,2.7866805429281563,1181608400
2009-01-06,2.782193899154663,2.9063185069102024,2.7633508007701826,2.8698291220315966,1289310400
2009-01-07,2.7220754623413086,2.766640636798167,2.6996431238590817,2.746003716014806,753048800
2009-01-08,2.7726218700408936,2.786081708370443,2.693062247413223,2.704727467254603,673500800
2009-01-09,2.709214687347412,2.792961786289122,2.696054745559253,2.787877431228452,546845600
2009-01-12,2.6517891883850098,2.7214784505573606,2.618589325716984,2.705625977866546,617716400
2009-01-13,2.623373031616211,2.6840895595737546,2.5826964101492007,2.6392254949594687,798397600
2009-01-14,2.552189826965332,2.609616060313395,2.5339447262565686,2.579407626883419,1021664000
2009-01-15,2.4938652515411377,2.5159986875641978,2.3942664866183248,2.4098192532342706,1831634000
2009-01-16,2.4624598026275635,2.5237743528938,2.4047346899387043,2.5213817272894326,1047625600
2009-01-20,2.338932514190674,2.452588896006617,2.338932514190674,2.4504951743218695,919914800
2009-01-21,2.47741436958313,2.478910084931182,2.372132661417715,2.3745252868369797,1089270000
2009-01-22,2.642815351486206,2.691867680537911,2.56684513032582,2.6332446474558426,1409528400
2009-01-23,2.642815351486206,2.687979139011378,2.5871839496078373,2.5967544539698295,763770000
2009-01-26,2.6810989379882812,2.720878849361134,2.641019324527537,2.6577688975101927,692238400
2009-01-27,2.713700771331787,2.7382270316616824,2.684090356104834,2.6975493997817765,618038400
2009-01-28,2.8174877166748047,2.8414151728624133,2.73673145386571,2.75527545204629,861406000
2009-01-29,2.7815959453582764,2.8216747683273113,2.7696318195939074,2.7842874743186186,592729200
2009-01-30,2.695754289627075,2.8001380515683194,2.6921648536276077,2.769630740762363,651478800
2009-02-02,2.7370312213897705,2.7516868827818333,2.658967261946557,2.664949327550184,558247200
2009-02-03,2.780996799468994,2.7929609237680855,2.700241356469682,2.749292668749587,599309200
2009-02-04,2.7980458736419678,2.878802337958194,2.7845870286495966,2.788176466628825,808421600
2009-02-05,2.885082960128784,2.908711310841463,2.7702299436117177,2.7747162912951597,749246400
2009-02-06,2.982588291168213,2.990962978482958,2.901234043204761,2.901831850081245,687209600
2009-02-09,3.066035270690918,3.0806909226592145,2.9760072379295925,2.990962791658875,715010800
2009-02-10,2.926058530807495,3.0660349684263957,2.9030281943180016,3.0307422052168955,849060800
2009-02-11,2.8958494663238525,2.940414626238502,2.864444442298621,2.8823906266976635,674973600
2009-02-12,2.9691290855407715,2.983485838051069,2.866239990947274,2.866239990947274,817188400
2009-02-13,2.965839385986328,2.9891688329840402,2.934733256987718,2.960754233033702,608977600
2009-02-17,2.827357053756714,2.9024303488837546,2.819880073830061,2.8973459945468973,678238400
2009-02-18,2.8225715160369873,2.8668375808085496,2.773221097444718,2.8429103289979776,684779200
2009-02-19,2.7110095024108887,2.8189827623784898,2.695157032841285,2.792662679170746,922804400
2009-02-20,2.7277588844299316,2.7636502700481107,2.6619571788451135,2.673921306831769,750316000
2009-02-23,2.600642442703247,2.7516859541919443,2.587482501821485,2.741217742255046,786982000
2009-02-24,2.6993439197540283,2.7184861226403823,2.602137988528579,2.615597031711644,807105600
2009-02-25,2.726562261581421,2.779203230367069,2.6694351438260493,2.687680240603976,833053200
2009-02-26,2.667640209197998,2.7792029018752955,2.660761235277895,2.751686007853145,629868400
2009-02-27,2.671229124069214,2.730749053348162,2.622177006327493,2.629953688198166,706658400
2009-03-02,2.6302528381347656,2.7277586767884876,2.6221772520268574,2.6356368949872753,770929600
2009-03-03,2.643113136291504,2.713999171715589,2.6284574840584463,2.6598625101773656,724340400
2009-03-04,2.726861000061035,2.7747165105870755,2.6754168503749467,2.697250583872485,741403600
2009-03-05,2.6571714878082275,2.7477973463081558,2.6455072636225387,2.705625000135611,706899200
2009-03-06,2.5512921810150146,2.6440119762454017,2.4624601283620406,2.642217157385129,1011147200
2009-03-09,2.4857895374298096,2.6200836766933104,2.4696389633134785,2.517793379483986,698297600
2009-03-10,2.650890827178955,2.667042199486604,2.5231765626515523,2.538430226068284,844258800
2009-03-11,2.772024393081665,2.8135989306597238,2.6793048161668542,2.6861837890156917,846372800
2009-03-12,2.8817923069000244,2.888672078081567,2.75168544311836,2.778604324914077,768457200
2009-03-13,2.869230031967163,2.9072161267775485,2.841713344635977,2.880297246327255,601168400
2009-03-16,2.8539764881134033,2.912898405246161,2.8168883001307514,2.887176335524778,797244000
2009-03-17,2.9807934761047363,2.9816903860286534,2.8435077549386825,2.848592906751311,786646000
2009-03-18,3.0364248752593994,3.0950476830246876,2.982588116254619,2.988270276272414,796037200
2009-03-19,3.0394160747528076,3.086672761880526,2.998439553675843,3.0462950459409472,500180800
2009-03-20,3.038520336151123,3.0839832360161576,3.008012999615897,3.053475100807287,695587200
2009-03-23,3.2200708389282227,3.2350255971084785,3.0433052697815457,3.072017974204056,666397200
2009-03-24,3.1853761672973633,3.273310521505985,3.152177105965621,3.181188921685152,640612000
2009-03-25,3.1850757598876953,3.2410068402887062,3.106413842752098,3.217677597699623,646618000
2009-03-26,3.2861716747283936,3.289461210614967,3.2176784460272803,3.2251552266529946,616252000
2009-03-27,3.195843458175659,3.2460915858810173,3.182384416364014,3.2371188913399203,492872800
2009-03-30,3.125258207321167,3.1408107758047716,3.069028000994255,3.1258562140819177,502796000
2009-03-31,3.144101619720459,3.213790878551288,3.1405121811243646,3.153971228098105,570080000
2009-04-01,3.250877857208252,3.2601494552737655,3.1073111495383103,3.1132932121644066,589372000
2009-04-02,3.3711135387420654,3.4321293725882267,3.28347832790644,3.2942458397421324,812366800
2009-04-03,3.4692180156707764,3.473405459827282,3.3953415333071253,3.415380645954237,636241200
2009-04-06,3.542794942855835,3.551767635984056,3.3881618440719317,3.4378121570372624,658064400
2009-04-07,3.4396066665649414,3.4895560810300554,3.4153797170140945,3.4853686380124813,536580800
2009-04-08,3.4790894985198975,3.4931465524449763,3.427046731590605,3.4524697088933034,455630000
2009-04-09,3.576294183731079,3.589155218705136,3.5281393795201685,3.5418985225379642,530756800
2009-04-13,3.595735788345337,3.6184672308219104,3.559246398181485,3.5894546215285135,389236400
2009-04-14,3.5386080741882324,3.5942404578285037,3.5069039410053877,3.5762942699854334,454622000
2009-04-15,3.5185694694519043,3.5368139643779655,3.4623392707948732,3.5054085304697384,412882400
2009-04-16,3.632523775100708,3.683369700381726,3.5529639546890315,3.5649280776601393,593446000
2009-04-17,3.691446542739868,3.716271705692569,3.596633237004082,3.6244490322212486,497495600
2009-04-20,3.6041107177734375,3.678585813516853,3.564031689643268,3.6408996108674936,466466000
2009-04-21,3.641796588897705,3.6531629094798914,3.547282376666011,3.555955969858755,470685600
2009-04-22,3.634319305419922,3.7491725187406644,3.625046708454213,3.6678180594709766,938767200
2009-04-23,3.7506678104400635,3.8045055868934767,3.6941385045670185,3.78715800091154,945156800
2009-04-24,3.705803632736206,3.742891627301097,3.6779878364808765,3.7279368680739653,540764000
2009-04-27,3.730628252029419,3.7387040373394504,3.6687150959958275,3.6758939711636285,480690000
2009-04-28,3.705803632736206,3.7748948679542926,3.686661429111208,3.6893529583160163,455856800
2009-04-29,3.7428905963897705,3.794035627244316,3.7037088904178366,3.734217006148422,458110800
2009-04-30,3.7635295391082764,3.7985234139258313,3.736311947804612,3.7751937647107634,498489600
2009-05-01,3.8057022094726562,3.826938138162213,3.762632145670268,3.762632145670268,397516000
2009-05-04,3.9501659870147705,3.955549445652445,3.8188624684403365,3.835611849468449,609358400
2009-05-05,3.9693071842193604,3.973793332053584,3.9217505828814696,3.940593681662463,398255200
2009-05-06,3.9630253314971924,3.992934842113852,3.8948310243261544,3.9878504888711577,473538800
2009-05-07,3.8601369857788086,3.9597355389924176,3.8254414198477793,3.957940920099262,531776000
2009-05-08,3.864025354385376,3.925041199179679,3.7763901278252625,3.859538407783707,467964000
2009-05-11,3.8753907680511475,3.9169653062219782,3.8021120954206773,3.809590073326401,404658800
2009-05-12,3.7213566303253174,3.879579031577134,3.6863627532397683,3.875092483487939,609481600
2009-05-13,3.573901653289795,3.7093925840474173,3.5706111193234453,3.6851652290468744,595971600
2009-05-14,3.6773879528045654,3.694736331930108,3.580182240722495,3.5825746661843905,447826400
2009-05-15,3.6615357398986816,3.7273368146752066,3.637308791771878,3.6585443100111315,367567200
2009-05-18,3.788055419921875,3.7895513354352413,3.6361149697466075,3.700720070565582,458841600
2009-05-19,3.811983346939087,3.8676149465193084,3.7608374968246943,3.793140244090818,372422400
2009-05-20,3.7647247314453125,3.8646231772857496,3.7476762528662375,3.817365682789176,388584000
2009-05-21,3.714179039001465,3.791943886045322,3.6755959183930313,3.7431916544400368,407946000
2009-05-22,3.6639299392700195,3.7141780733738936,3.641497601055848,3.710289732198414,297998400
2009-05-26,3.911578893661499,3.913074807887181,3.7252421311599635,3.7315232936948672,636927200
2009-05-27,3.979475975036621,4.0372008748976675,3.915468712256944,3.9414906811653325,646422000
2009-05-28,4.039895534515381,4.049466439613475,3.948969739731084,3.9914412051505272,487552800
2009-05-29,4.062026023864746,4.0647175523408245,4.003403016176793,4.049464093408959,456534400
2009-06-01,4.167906761169434,4.187048561377471,4.067709216833503,4.081767062886899,452499600
2009-06-02,4.172095775604248,4.227428279279604,4.137998404581231,4.157141411839302,456223600
2009-06-03,4.215762615203857,4.2205478662173626,4.159532421599529,4.1873482155864865,565199600
2009-06-04,4.299210548400879,4.312371088551209,4.188545564557576,4.1912370938879935,550634000
2009-06-05,4.327027320861816,4.378770177331372,4.283359052712379,4.346169126823071,632716000
2009-06-08,4.3025007247924805,4.313866246603948,4.170300310341613,4.301603814564851,931652400
2009-06-09,4.268701076507568,4.323734437589886,4.203796915935854,4.301302109306151,676964400
2009-06-10,4.194825649261475,4.257636109926171,4.136502134981595,4.255542387970351,688623600
2009-06-11,4.185850620269775,4.234005408915018,4.143977394524263,4.173887697206381,524823600
2009-06-12,4.09672212600708,4.16042909600101,4.068905534922738,4.151755504569397,563085600
2009-06-15,4.070401668548584,4.095525935941265,4.034510485516683,4.06800924248247,539750400
2009-06-16,4.078176975250244,4.141584824140068,4.070698999784918,4.08744837097696,514805200
2009-06-17,4.055149078369141,4.111080186191657,4.023744036869168,4.087750133491335,571412800
2009-06-18,4.064119815826416,4.1275280747197876,4.055446225394357,4.070998787685654,427680400
2009-06-19,4.1717963218688965,4.172394128922209,4.094629294903039,4.129622771372425,721856800
2009-06-22,4.108684062957764,4.234005436661719,4.07757854597397,4.207386465109645,634914000
2009-06-23,4.008190155029297,4.096124508329478,3.9743926879096763,4.0796750286216605,706532400
2009-06-24,4.074288845062256,4.112573241888816,4.033612422190102,4.050361795884651,485525600
2009-06-25,4.18316125869751,4.193330766875911,4.044081873229012,4.060232646368384,589447600
2009-06-26,4.2603278160095215,4.293826570022619,4.179571563129987,4.181067078874916,439384400
2009-06-29,4.246269702911377,4.305490525366772,4.23340866764456,4.290834871318079,567616000
2009-06-30,4.2600274085998535,4.301003329455654,4.241184714655979,4.264513954461026,434224000
2009-07-01,4.2719926834106445,4.326728168580277,4.262721283069324,4.292032597410233,414178800
2009-07-02,4.187948226928711,4.2719942587588005,4.1810692502661695,4.224737534023411,370479200
2009-07-06,4.145773410797119,4.157139728985962,4.0751866700087325,4.148464939609711,498688400
2009-07-07,4.049762725830078,4.177776050865177,4.043182857296073,4.141884479335208,461596800
2009-07-08,4.10420036315918,4.1287264291878225,4.020453453717221,4.065318539804981,575929200
2009-07-09,4.0784783363342285,4.1272309664498765,4.065617296349426,4.120351991265805,343025200
2009-07-10,4.1430816650390625,4.156540506407129,4.0772797790660835,4.077878783963336,445275600
2009-07-13,4.257335662841797,4.257335662841797,4.113471065955652,4.173588792018367,483501200
2009-07-14,4.255244255065918,4.282462252469466,4.2220453904551025,4.2480665754783224,347247600
2009-07-15,4.393127918243408,4.396717157255756,4.316559482663921,4.338094118064436,485587200
2009-07-16,4.412269115447998,4.4272246752611935,4.353945986273416,4.359628547917746,393570800
2009-07-17,4.5387864112854,4.546862196224309,4.445468226452337,4.458927868017184,602154000
2009-07-20,4.573482513427734,4.637190703427686,4.5130656570033585,4.584250629160011,735526400
2009-07-21,4.531607627868652,4.589034634363923,4.478967070477399,4.584847589573699,874781600
2009-07-22,4.688034534454346,4.747555252257061,4.669191438625196,4.719439561057402,874104000
2009-07-23,4.720340251922607,4.738883457696029,4.65274410710786,4.684747759462625,526962800
2009-07-24,4.785243988037109,4.7855426919572075,4.680858948066499,4.694318195289752,438362400
2009-07-27,4.788532257080078,4.811861906576887,4.703589347091098,4.79062597941129,433311200
2009-07-28,4.785540580749512,4.78853121266226,4.713757028774626,4.752041829429868,363554800
2009-07-29,4.786437034606934,4.798999364656984,4.733198280788743,4.752639582720101,382158000
2009-07-30,4.868989944458008,4.9267148649863355,4.83040603125413,4.836388095213911,469604800
2009-07-31,4.886935710906982,4.935090131450912,4.872578756306984,4.874971582073651,422536800
2009-08-03,4.977859973907471,4.984140740291913,4.9312002850304735,4.941369392099385,394240000
2009-08-04,4.951539516448975,4.952137722782778,4.911460890094112,4.932995519437718,395810800
2009-08-05,4.938381195068359,5.0065743407006975,4.911462301647361,4.957523004578101,423183600
2009-08-06,4.9024882316589355,4.980253058960751,4.877962171123358,4.9524364642275875,341616800
2009-08-07,4.950342178344727,4.982944020735603,4.929106654424838,4.949744371411126,387354800
2009-08-10,4.926713943481445,4.982944136175817,4.895009809098049,4.954829638833589,300294400
2009-08-11,4.870184898376465,4.916544685968795,4.841770899422557,4.895906569797489,355342400
2009-08-12,4.944361686706543,4.986234930772073,4.859118884113753,4.861810413196234,445071200
2009-08-13,5.037379741668701,5.044857719603427,4.979953535381972,4.984440082540822,439980800
2009-08-14,4.988330841064453,5.031699220605773,4.950943728627211,5.023025624564876,305816000
2009-08-17,4.773279666900635,4.892918169515268,4.768194512400046,4.891721357198772,524381200
2009-08-18,4.905178070068359,4.91235614431763,4.827712372637536,4.834292240754656,431152400
2009-08-19,4.923123359680176,4.94406017456201,4.858818198406421,4.867790890877762,413271600
2009-08-20,4.974867343902588,4.9865323631437155,4.923423215364741,4.934489229817888,342031200
2009-08-21,5.061307907104492,5.06579525356841,4.988926932767521,5.014350304243794,416074400
2009-08-24,5.056521892547607,5.105873112123975,5.0328935430892345,5.088226026810466,406929600
2009-08-25,5.066690921783447,5.112751603131806,5.0586151377401345,5.068485540459739,324354800
2009-08-26,5.007173538208008,5.071179640095538,4.9877318260250645,5.052336533778102,303998800
2009-08-27,5.068187713623047,5.071776153206077,4.930005235444123,5.047250889797244,449181600
2009-08-28,5.086131572723389,5.159111131253408,5.040669499195922,5.152531262437203,453700800
2009-08-31,5.031099319458008,5.050241123306447,4.979953876355144,5.029603404299326,311337600
2009-09-01,4.944061279296875,5.0846369536756555,4.933293966058038,5.024518423139219,469028000
2009-09-02,4.940471172332764,5.013151216868838,4.908467545289049,4.923721800853459,364249200
2009-09-03,4.981448650360107,4.997898923934614,4.935088861074977,4.978158915114519,293955200
2009-09-04,5.093909740447998,5.1055747646699325,4.99760091084092,5.003283871359298,374628800
2009-09-08,5.1722731590271,5.1785539270414835,5.144457359431354,5.173768675063078,315047600
2009-09-09,5.118733882904053,5.218332428314442,5.075663432179392,5.167785198127375,811087200
2009-09-10,5.1612043380737305,5.1818420504303155,5.1088624991804945,5.146249584009454,491134000
2009-09-11,5.149242877960205,5.17975100733669,5.110659760244887,5.171675220324364,348961200
2009-09-14,5.195900917053223,5.201283974663691,5.092114128711561,5.109461311396929,322011200
2009-09-15,5.238970756530762,5.25362641205174,5.192013157700888,5.205472001243764,426470800
2009-09-16,5.4396653175354,5.465985999857671,5.320325935824962,5.323616071032335,754023200
2009-09-17,5.519824504852295,5.586822042980268,5.442658253763334,5.442957357046706,810572000
2009-09-18,5.533881187438965,5.5796427820949095,5.526104104381174,5.55810814892549,601582800
2009-09-21,5.503970146179199,5.538066705850146,5.432187389850057,5.512045930893083,437715600
2009-09-22,5.51772928237915,5.5446481712303495,5.468976658448966,5.538965609727396,356753600
2009-09-23,5.548237323760986,5.649930414212954,5.534179473480487,5.545246691123124,593563600
2009-09-24,5.497987270355225,5.614036075870114,5.466582244229957,5.599081320540775,550880400
2009-09-25,5.454617977142334,5.548235246207684,5.426802188867922,5.44385066540243,445239200
2009-09-28,5.567677021026611,5.583529487041307,5.483332333722883,5.499483503533307,337444800
2009-09-29,5.544646739959717,5.605063973838775,5.5126435042709145,5.585025262481741,345385600
2009-09-30,5.543749809265137,5.576650354205984,5.461797550036781,5.567079054245527,539585200
2009-10-01,5.409457206726074,5.569772132973273,5.404670756740649,5.543751351974582,524711600
2009-10-02,5.5302910804748535,5.561397413384387,5.424112641058755,5.425907260226807,553308000
2009-10-05,5.5637898445129395,5.588914113551127,5.511447983408699,5.569174101358555,423133200
2009-10-06,5.683128833770752,5.683128833770752,5.602074668863822,5.615234409864271,605085600
2009-10-07,5.690306186676025,5.699278880170566,5.653816008499395,5.675650534388444,465668000
2009-10-08,5.660996437072754,5.726199332209271,5.6496301170279795,5.702570979936873,438211200
2009-10-09,5.6968865394592285,5.703765511877657,5.641554458982189,5.652022668838028,293272000
2009-10-12,5.707057476043701,5.727994300339942,5.672063200930616,5.713338643133586,288024800
2009-10-13,5.6834282875061035,5.71782395184067,5.673856986679803,5.701672781032938,348020400
2009-10-14,5.721412181854248,5.752218201465822,5.689708054337791,5.750124879261554,375510800
2009-10-15,5.699578285217285,5.71034559784848,5.668771862874781,5.671762494640349,373556400
2009-10-16,5.624505996704102,5.693597230037859,5.618224830278609,5.663388609236201,431426800
2009-10-19,5.678642749786377,5.682830194275456,5.549732874188492,5.618525007733751,942230800
2009-10-20,5.94483757019043,6.034267813699835,5.9176199825162445,5.999872149842083,1141039200
2009-10-21,6.129080295562744,6.242438376310699,5.95889462122895,5.967568211986017,1193726800
2009-10-22,6.137455463409424,6.21671619811693,6.056999114815882,6.12250070575473,791392000
2009-10-23,6.099768161773682,6.155400537032926,6.078532641365096,6.15240990551291,420786800
2009-10-26,6.0561041831970215,6.183818070932646,5.98491921000947,6.091696669790798,484338400
2009-10-27,5.903265476226807,6.065973229678295,5.875747581584368,6.031577558556344,756551600
2009-10-28,5.754613399505615,5.922705381558553,5.715730388158039,5.913432784289497,818386800
2009-10-29,5.872753620147705,5.886512759338613,5.746834434867882,5.832375907714935,570270400
2009-10-30,5.637964725494385,5.886214320607688,5.628094322710822,5.864081488796539,717525200
2009-11-02,5.662191867828369,5.7689688955054494,5.550330086673499,5.67684752263359,678983200
2009-11-03,5.645442485809326,5.668472629337783,5.5607982923225014,5.61852440072631,522541600
2009-11-04,5.707057476043701,5.797982451229403,5.689710289421245,5.704665049822358,487530400
2009-11-05,5.803367614746094,5.8323798304967,5.737266996387987,5.754614984394179,384801200
2009-11-06,5.812636375427246,5.838059340728395,5.75461236962761,5.757902104452404,295097600
2009-11-09,6.025595664978027,6.0387554079103625,5.870065585485421,5.8904034063205515,528855600
2009-11-10,6.071056365966797,6.1308749913723535,6.012134251219376,6.0124333543298185,401195200
2009-11-11,6.079132556915283,6.131474410175304,6.03666030893573,6.118313871570284,443870000
2009-11-12,6.041445732116699,6.1275850287024065,6.024696357891159,6.075841390529169,363731200
2009-11-13,6.115023136138916,6.126388654647763,6.043838195400707,6.067765644823185,343240800
2009-11-16,6.180227279663086,6.221203214903026,6.131773765362937,6.145830815322797,485206400
2009-11-17,6.191293716430664,6.204453456943885,6.131474681111173,6.163777024077565,396513600
2009-11-18,6.160187244415283,6.191293573346132,6.101564623103919,6.177535626824204,374320800
2009-11-19,5.997178554534912,6.119808430896795,5.975943032868867,6.119808430896795,542326400
2009-11-20,5.979532241821289,5.99359008761314,5.9149275691455045,5.956502101643979,406666400
2009-11-23,6.157796382904053,6.1613856216929275,6.070160733156055,6.071656648654846,474896800
2009-11-24,6.114725589752197,6.157795249279475,6.068664898451493,6.1413445745256325,318438400
2009-11-25,6.107247829437256,6.15091609336256,6.0943867925291215,6.143438114813789,286454000
2009-11-27,5.999573707580566,6.0704587651311686,5.933173999714248,5.9585969713088565,295257200
2009-11-30,5.979235649108887,6.032175319499547,5.945138682120857,6.015126836005532,424858000
2009-12-01,5.891301155090332,6.064777017757436,5.887113710289505,6.0489245481543055,465763200
2009-12-02,5.869165897369385,6.024396821298709,5.854809347068184,5.950819051751377,715260000
2009-12-03,5.876643180847168,5.951417758454223,5.870362415031941,5.904758073805918,448719600
2009-12-04,5.782130241394043,5.97833672748069,5.691204476013798,5.972953669150464,826884800
2009-12-07,5.651424884796143,5.79558982431967,5.643349498154061,5.782130580358403,714758800
2009-12-08,5.6789422035217285,5.75311859818278,5.643948327570052,5.663688339849446,690398800
2009-12-09,5.916125774383545,5.926893089253465,5.692102290291964,5.7211148986786196,684782000
2009-12-10,5.875148296356201,5.972953024684798,5.865876498520462,5.966970961992948,489669600
2009-12-11,5.822507381439209,5.9221067292384095,5.785419391176098,5.915526060896939,429774800
2009-12-14,5.891599655151367,5.905058899351727,5.759399239992062,5.843445239617762,495790400
2009-12-15,5.807551860809326,5.907450298618026,5.780633380727264,5.857202176284685,419459600
2009-12-16,5.8332743644714355,5.877241724384517,5.818917814065578,5.835368086308878,352984800
2009-12-17,5.738461017608643,5.832377399607804,5.712738948235139,5.810244168299563,388838800
2009-12-18,5.845239639282227,5.8473333615316,5.760595037118589,5.777644317628745,608770400
2009-12-21,5.928986549377441,5.97444943396217,5.852417732815807,5.863784052967021,611906400
2009-12-22,5.992693901062012,6.007349557443594,5.9418475588250175,5.9651772073663905,349515600
2009-12-23,6.044735908508301,6.053110796454516,6.0061528013374375,6.017817025160677,345525600
2009-12-24,6.252309322357178,6.261581919991355,6.0821236114891795,6.088105674906922,500889200
2009-12-28,6.329176902770996,6.399165044346904,6.269357469790207,6.332467436812143,644565600
2009-12-29,6.254103660583496,6.3623770068999494,6.243037243094213,6.359685078482829,445205600
2009-12-30,6.33007287979126,6.340840991118938,6.230474339229933,6.246026902321635,412084400
2009-12-31,6.302855968475342,6.381219793880446,6.297771614384289,6.374639524738726,352410800
2010-01-04,6.400960445404053,6.415616101536571,6.352207826241044,6.383612860715967,493729600
2010-01-05,6.412026882171631,6.448217565263673,6.378228624983619,6.4186071515835135,601904800
2010-01-06,6.310034275054932,6.437449407060527,6.3034540065057305,6.412026041547941,552160000
2010-01-07,6.298370361328125,6.340842614608591,6.252608771659164,6.333365034922471,477131200
2010-01-08,6.340244770050049,6.340843375833501,6.252909424188352,6.289996626537072,447610800
2010-01-11,6.284311294555664,6.370749686489964,6.234660983193139,6.36476762503989,462229600
2010-01-12,6.212828636169434,6.2741439888474035,6.17394642112742,6.256795605225949,594459600
2010-01-13,6.300463676452637,6.308838565159838,6.104556292714503,6.217315791073566,605892000
2010-01-14,6.263973236083984,6.2947804578898285,6.251710407587188,6.284312248100359,432894000
2010-01-15,6.159290313720703,6.328878208813834,6.157495694788184,6.3088382974007065,594067600
2010-01-19,6.43176794052124,6.436254488579117,6.198473431562494,6.231074482772898,730007600
2010-01-20,6.332766532897949,6.447020743269509,6.266067727427677,6.427878540710491,612152800
2010-01-21,6.223296642303467,6.380023507346333,6.197574568577351,6.343235015761773,608154400
2010-01-22,5.914627552032471,6.206246242650944,5.896981270417289,6.184711621311237,881767600
2010-01-25,6.073749542236328,6.122501765117006,5.98760981974489,6.057000162844568,1065699600
2010-01-26,6.159588813781738,6.391986751411984,6.059092559420352,6.159887916907873,1867110000
2010-01-27,6.217613220214844,6.298368663029776,5.967867317417233,6.186805999551615,1722568400
2010-01-28,5.960689544677734,6.14642859005682,5.943043259154553,6.129380510777585,1173502400
2010-01-29,5.744444847106934,6.047728712141534,5.690308364317932,6.014229951425439,1245952400
2010-02-01,5.824302673339844,5.862287977402449,5.721712681655703,5.753715922295322,749876400
2010-02-02,5.858100414276123,5.871859159870132,5.783924826017855,5.859596329438228,698342400
2010-02-03,5.958895683288574,5.98790829047068,5.815030258027979,5.837462595690364,615328000
2010-02-04,5.744143962860107,5.933172327051471,5.729787014285656,5.884120218095248,757652000
2010-02-05,5.846136093139648,5.862287663516904,5.70825273331596,5.761492296256562,850306800
2010-02-08,5.806060314178467,5.918520759611077,5.802471074557603,5.853018733877726,478270800
2010-02-09,5.867969512939453,5.907150820836944,5.824899465424511,5.874848484869028,632886800
2010-02-10,5.835965633392334,5.880232490761842,5.810243566682202,5.8589957723297985,370361600
2010-02-11,5.942145347595215,5.97444808432891,5.804262007765729,5.8287880635936125,550345600
2010-02-12,5.993294715881348,6.030980931517508,5.847335505947478,5.925399467476525,655468800
2010-02-16,6.083617210388184,6.092290799704829,6.02738703368066,6.0399489627383804,543737600
2010-02-17,6.058197021484375,6.110837586259954,6.007648981055815,6.107248347933426,436396800
2010-02-18,6.06956148147583,6.098274985616274,6.009442944080628,6.03067846985391,422825200
2010-02-19,6.031874179840088,6.0776361564729,6.015124805208472,6.037557538201606,415469600
2010-02-22,5.99448823928833,6.056700499371791,5.957699748137293,6.051915248085884,390563600
2010-02-23,5.893993377685547,6.021707663772912,5.853615638939313,5.981927732160382,575094800
2010-02-24,6.001667499542236,6.0249967491504295,5.917321599918911,5.928986624059701,460566400
2010-02-25,6.041745185852051,6.067467256913644,5.88890707715486,5.903562731504366,665126000
2010-02-26,6.120108127593994,6.136558400538242,6.04174510359369,6.053110623287485,507460800
2010-03-01,6.250814437866211,6.2660679004998245,6.144933914889566,6.153906610439338,550093600
2010-03-02,6.246626853942871,6.305847681522823,6.2134268029419,6.278928796801944,566546400
2010-03-03,6.26098108291626,6.277132649417966,6.219407351674776,6.249316861338148,372052800
2010-03-04,6.302258014678955,6.308539180929514,6.240045756492917,6.259487860890823,366041200
2010-03-05,6.548713684082031,6.571146020879175,6.4195039193079255,6.4287761169098925,899620400
2010-03-08,6.5526018142700195,6.5828100332820405,6.527776653083687,6.580417607508027,429889600
2010-03-09,6.670446872711182,6.729667707658677,6.517010528524436,6.5295724633107675,920259200
2010-03-10,6.724881172180176,6.74402377404071,6.6758298522591755,6.694672951628984,596218000
2010-03-11,6.744619846343994,6.744619846343994,6.679417368348916,6.697064450945243,405700400
2010-03-12,6.777522563934326,6.811320022510453,6.7520991950425024,6.800552308907803,416323600
2010-03-15,6.694971084594727,6.744620204292412,6.587595064526749,6.7410317656368814,493502800
2010-03-16,6.713215351104736,6.729067416106381,6.655190946911139,6.705139966721845,446908000
2010-03-17,6.703345775604248,6.7730348058336105,6.677922809094828,6.726675020275098,450956800
2010-03-18,6.7191972732543945,6.729665482225153,6.6581814399870884,6.702746203720581,342109600
2010-03-19,6.647417068481445,6.736846936612957,6.616908938683891,6.7233876907433965,559445600
2010-03-22,6.722190856933594,6.7595783586067295,6.584606575911112,6.594177878569636,456419600
2010-03-23,6.830162525177002,6.842724856615765,6.702746988032144,6.748808071301029,602431200
2010-03-24,6.860372066497803,6.885197228807468,6.804739678831168,6.808628419148568,597780400
2010-03-25,6.779017925262451,6.908228097141929,6.76705379860509,6.906732181973089,542284400
2010-03-26,6.906133651733398,6.9375382810941915,6.835845617056612,6.847809741769225,640875200
2010-03-29,6.9506988525390625,6.994965320607175,6.927669107717339,6.968944544248869,540744400
2010-03-30,7.054187297821045,7.102940720479591,7.006331584106492,7.076619638666196,527310000
2010-03-31,7.028764724731445,7.076919946464565,7.012613948636194,7.043421182654696,430659600
2010-04-01,7.057774543762207,7.140324608306379,6.961465735790733,7.100844594078808,603145200
2010-04-05,7.1331467628479,7.133744969069673,7.021882801617956,7.028164366283154,684507600
2010-04-06,7.164555072784424,7.185491500296926,7.0885844493993355,7.124476038473278,447017200
2010-04-07,7.1962571144104,7.235737930725732,7.138231903176174,7.164851683642461,628502000
2010-04-08,7.176815986633301,7.224372189670462,7.1196884827564695,7.191471641707396,572989200
2010-04-09,7.231849193572998,7.234841023686074,7.192069673433655,7.22108227906302,334182800
2010-04-12,7.2468037605285645,7.27013300518554,7.232446810786907,7.244111433115395,333026400
2010-04-13,7.25098991394043,7.262057127952584,7.211509103500739,7.233942235287805,306210800
2010-04-14,7.348496913909912,7.352086151584038,7.300043802655752,7.336234084526617,404076400
2010-04-15,7.44510555267334,7.448395288013329,7.343113374380716,7.351188760159457,376784800
2010-04-16,7.3996429443359375,7.511505131436103,7.314400539443744,7.434636816446417,750545600
2010-04-19,7.389772891998291,7.414298552568716,7.2312514110917405,7.388576479352254,566924400
2010-04-20,7.315597057342529,7.4549759388094285,7.266844439013222,7.433740013237561,738326400
2010-04-21,7.753172397613525,7.783979614179031,7.648787423909683,7.740610068799101,982391200
2010-04-22,7.970020771026611,7.9783956609392295,7.6628485618846245,7.723864818288813,793424800
2010-04-23,8.100419998168945,8.140797700875885,7.9858663566772075,8.015476352526505,796955600
2010-04-26,8.060641288757324,8.14917337999393,8.02145919542336,8.131826204812747,479068800
2010-04-27,7.837517738342285,8.010993538713544,7.792055665605779,7.993945061769069,709343600
2010-04-28,7.824361801147461,7.896144182227952,7.669130814697251,7.873712637394161,758402400
2010-04-29,8.03492546081543,8.075601902672485,7.836624412399865,7.866832640563215,558840800
2010-04-30,7.809103965759277,8.092646503114004,7.806412437322934,8.054960312966433,542463600
2010-05-03,7.966428279876709,8.01219065316388,7.862641504661264,7.891355401209492,454342000
2010-05-04,7.73702335357666,7.874907117050407,7.6792984395132065,7.862943789144097,723819600
2010-05-05,7.656567096710205,7.72087308324587,7.439422977214664,7.568034950285993,883103200
2010-05-06,7.365248680114746,7.724163759114939,5.959495092117335,7.591963330418404,1285860800
2010-05-07,7.0544843673706055,7.374817034231856,6.735947117981398,7.289275934175988,1676018400
2010-05-10,7.59674596786499,7.616486774650536,7.4334396505508336,7.484884590773245,984306400
2010-05-11,7.672418594360352,7.773213553985318,7.49236250316053,7.532440725302163,848906800
2010-05-12,7.839017391204834,7.870123329000261,7.7376241898027995,7.753774167160781,654379600
2010-05-13,7.7274556159973145,7.926055396241703,7.668832173453949,7.872815812585612,599712400
2010-05-14,7.591662883758545,7.671222733128031,7.462453503333954,7.631741911626432,759362800
2010-05-17,7.603625774383545,7.662249190071475,7.408914026529659,7.617982724839346,762834800
2010-05-18,7.5479960441589355,7.73313653722011,7.485185169147922,7.686178531570951,782678400
2010-05-19,7.427757740020752,7.564743792275469,7.323373532790362,7.4624529078233435,1025726800
2010-05-20,7.111315727233887,7.293465187805821,7.0649551294314215,7.234542255294673,1282915200
2010-05-21,7.247703552246094,7.3129064537159545,6.9195941244475465,6.963561097657848,1223891200
2010-05-24,7.3805012702941895,7.504327599507789,7.36554690891522,7.39605463674869,754238800
2010-05-25,7.334444046020508,7.380504360923066,7.093372355739636,7.158873987514766,1048006400
2010-05-26,7.30124044418335,7.541116403793462,7.290472729645426,7.479801449573694,850654000
2010-05-27,7.577605247497559,7.59375681899089,7.450788695650791,7.495353870835305,666282400
2010-05-28,7.68318510055542,7.758557488096212,7.577603697773424,7.758258784318182,815614800
2010-06-01,7.801329135894775,7.954167255000752,7.745398043579088,7.767232174690416,876472800
2010-06-02,7.89464807510376,7.920070646555952,7.786374324858422,7.912293964132214,688548000
2010-06-03,7.869822978973389,7.942503053259755,7.788767217177641,7.931435836532619,650106800
2010-06-04,7.655669212341309,7.833331688950748,7.615889691949995,7.722965423479743,758304400
2010-06-07,7.505524158477783,7.751081901269591,7.493858734073013,7.725359824151968,886942000
2010-06-08,7.457368850708008,7.591065172876584,7.347301279727363,7.57431539528952,1000770400
2010-06-09,7.274022102355957,7.5342370657362805,7.252786975498332,7.521375230212164,854630000
2010-06-10,7.492659568786621,7.506716214837353,7.244110113052196,7.32307172489604,776356000
2010-06-11,7.582390308380127,7.59285851827943,7.3987449854362115,7.424467055171235,545759200
2010-06-14,7.60542106628418,7.751080711645149,7.597345680274734,7.655669598653312,602960400
2010-06-15,7.767233848571777,7.772019500112259,7.641912394212625,7.646099839310546,585074000
2010-06-16,7.993353366851807,8.00830773349857,7.795350971377248,7.809408427441641,783678000
2010-06-17,8.131531715393066,8.162338940763606,8.06064546626123,8.093546014362598,872855200
2010-06-18,8.197331428527832,8.225148419063611,8.11807109544992,8.142896256000714,784621600
2010-06-21,8.080687522888184,8.345088403573456,8.037617454038418,8.305607573683966,776490400
2010-06-22,8.190756797790527,8.254165101717396,8.120469517118874,8.1402095367664,717262000
2010-06-23,8.104612350463867,8.214979415946177,8.012789680250565,8.212586590750176,768457200
2010-06-24,8.045689582824707,8.17130968837793,8.0187703042006,8.105507805969932,714277200
2010-06-25,7.976897239685059,8.083675055844122,7.950277461590443,8.077394289719429,549942400
2010-06-28,8.024752616882324,8.068122167795398,7.911694039147568,7.9837758908106125,584948000
2010-06-29,7.661950588226318,7.90780780296846,7.606019493511044,7.899731618051127,1133344800
2010-06-30,7.5231709480285645,7.715788623766222,7.477708857328405,7.678102417874339,739452000
2010-07-01,7.431941509246826,7.620970619069519,7.274617318629603,7.606015468500901,1022896000
2010-07-02,7.385886192321777,7.505225578476625,7.27402318845197,7.492064238483547,693842800
2010-07-06,7.436429977416992,7.56115236468568,7.36255271648057,7.507315408953763,615235600
2010-07-07,7.736721992492676,7.739713822092201,7.469929221917874,7.492061253426797,654556000
2010-07-08,7.719377517700195,7.863243360332998,7.623666890525599,7.8506810260386715,738144400
2010-07-09,7.765136241912842,7.773510328815838,7.631738674827874,7.683482305555996,433322400
2010-07-12,7.69544792175293,7.83183574720519,7.622767861648103,7.732535909259527,562878400
2010-07-13,7.5312418937683105,7.668826094917563,7.370627158303873,7.666434069315053,1190924000
2010-07-14,7.559060096740723,7.650882765871278,7.447497418649224,7.458864136869493,812047600
2010-07-15,7.520774841308594,7.685875748295432,7.396649858319838,7.424466045455697,824866000
2010-07-16,7.474416732788086,7.626058434395663,7.4298515618631695,7.572520169054333,1039858400
2010-07-19,7.345207691192627,7.473819668120168,7.166348773877819,7.473819668120168,1024478000
2010-07-20,7.533936500549316,7.564145520036174,7.178610735833643,7.265049551427542,1074950800
2010-07-21,7.604224681854248,7.930538644283386,7.597047004637735,7.928744025310926,1185671200
2010-07-22,7.747193336486816,7.776504649731965,7.636228052335827,7.7071143086593485,645318800
2010-07-23,7.774707794189453,7.787868330448795,7.665238456778938,7.6894654082834215,533388800
2010-07-26,7.75496768951416,7.779493344465903,7.708009701925008,7.776502313536039,420551600
2010-07-27,7.898534297943115,7.920068922833321,7.7854757202548805,7.802524197905972,584771600
2010-07-28,7.805216312408447,7.9556623901841075,7.783981188365875,7.886272061950817,519985200
2010-07-29,7.719977378845215,7.855767064915281,7.6598596199484685,7.797742629512906,643806800
2010-07-30,7.6942524909973145,7.767530766680348,7.623964448166132,7.653576059601817,448210000
2010-08-02,7.831840991973877,7.853973838584572,7.765142949490269,7.7896686226181995,428055600
2010-08-03,7.834230422973633,7.874009948570806,7.7591575202178475,7.8067137286254615,417653600
2010-08-04,7.865636348724365,7.904518167855251,7.7857777900267084,7.861448903872914,420375200
2010-08-05,7.827353477478027,7.871619961658609,7.792957001624079,7.828250387928813,289097200
2010-08-06,7.779195785522461,7.821069426029686,7.705617212492869,7.769923188938722,444897600
2010-08-09,7.828845500946045,7.8408096267196425,7.763642612826502,7.820769316712225,303128000
2010-08-10,7.758859634399414,7.7899663721228505,7.703227229067595,7.772020177282406,451920000
2010-08-11,7.483089447021484,7.647592964001114,7.4717243274336775,7.638919373085894,620054400
2010-08-12,7.530948638916016,7.5701299667665864,7.3613606897169745,7.378409175678454,534920400
2010-08-13,7.450490474700928,7.533638766943003,7.450190972169031,7.526759792790383,354869200
2010-08-16,7.406822204589844,7.477708463817441,7.376313678690063,7.405027585419268,318430000
2010-08-17,7.536331653594971,7.61589151206482,7.453481260397463,7.479802343524827,422640400
2010-08-18,7.569232940673828,7.617088666453915,7.524667750286754,7.547997805957945,339696000
2010-08-19,7.473819255828857,7.581494003313423,7.437927673334003,7.5623514000237035,426706000
2010-08-20,7.466641426086426,7.594654401976816,7.4474988211392645,7.45916424536566,384230000
2010-08-23,7.351786136627197,7.537226076830644,7.335336663110691,7.5309453106753805,414041600
2010-08-24,7.176217079162598,7.268038942264973,7.137932678217879,7.258169737248307,602565600
2010-08-25,7.264752388000488,7.297653745827424,7.094567029763988,7.119690904340076,596867600
2010-08-26,7.186685085296631,7.350290894369894,7.186685085296631,7.341317800963898,466505200
2010-08-27,7.22676420211792,7.256375011423803,7.045511706217838,7.230652941983338,548391200
2010-08-30,7.253084659576416,7.350291178549947,7.198648689481947,7.201041514482725,383289200
2010-08-31,7.271032810211182,7.314701079592283,7.188781425285205,7.233645308816271,420786800
2010-09-01,7.48727560043335,7.521073048270679,7.366141656249216,7.401733722450099,697037600
2010-09-02,7.5423126220703125,7.5423126220703125,7.4346378640852695,7.51509462970012,415427600
2010-09-03,7.73971700668335,7.740015710562321,7.612002728933492,7.629649419323485,520788800
2010-09-07,7.711000442504883,7.7624445752151825,7.664341160429053,7.676005781279731,342557600
2010-09-08,7.863840103149414,7.907807066986509,7.749584300322105,7.76992331396562,526551200
2010-09-09,7.868324279785156,7.971512042504979,7.863838133118407,7.927246385952038,438575200
2010-09-10,7.878494739532471,7.911096578440305,7.818376213807105,7.871914471262954,387542400
2010-09-13,7.987071514129639,8.024159524132182,7.948787889617676,7.950581710718645,388780000
2010-09-14,8.017578125,8.050777388155472,7.9416074958956,7.962245221067305,408150400
2010-09-15,8.082179069519043,8.086965518025243,8.010994125599625,8.020864927716781,429368800
2010-09-16,8.272109985351562,8.275101018243904,8.060649151241892,8.082782794645215,652103200
2010-09-17,8.236217498779297,8.313683238118882,8.18567025127625,8.305607051629117,634477200
2010-09-20,8.471303939819336,8.487754211986244,8.250570630593273,8.257449602976319,658677600
2010-09-21,8.48745346069336,8.594529965250524,8.458142158091338,8.490145787698031,668074400
2010-09-22,8.606494903564453,8.613373875587017,8.446777041483841,8.455750134560994,585289600
2010-09-23,8.641490936279297,8.75634416045833,8.554155204439644,8.564025209963821,786116800
2010-09-24,8.743183135986328,8.779374219133311,8.690243873168773,8.736603665117174,649488000
2010-09-27,8.708486557006836,8.815263572834677,8.704000409655029,8.79283203740245,482834800
2010-09-28,8.579877853393555,8.726733929396767,8.225150246418584,8.726733929396767,1035042400
2010-09-29,8.595129013061523,8.668108572975283,8.554153085888355,8.590941569612173,469644000
2010-09-30,8.486860275268555,8.673795396960612,8.412086066857034,8.643885873330703,673391600
2010-10-01,8.450071334838867,8.571504053822233,8.415076655603551,8.558643014025668,448142800
2010-10-04,8.334014892578125,8.461428761691735,8.30799253541179,8.422546973774216,435302000
2010-10-05,8.642091751098633,8.657344818340508,8.429134237416232,8.43451889441407,501967200
2010-10-06,8.649569511413574,8.733316834668942,8.532024714639759,8.661533642928244,670868800
2010-10-07,8.65046215057373,8.688148344083382,8.581371328254834,8.68396090050751,408399600
2010-10-08,8.795524597167969,8.808385633179148,8.67379321011488,8.724937851675328,658403200
2010-10-11,8.834108352661133,8.890338949862313,8.811378109122385,8.81556555349602,427753200
2010-10-12,8.929222106933594,8.957936012958351,8.748268272370373,8.835604805848876,558544000
2010-10-13,8.97707462310791,9.03150978655804,8.966905118343755,8.978869241595703,630092400
2010-10-14,9.041983604431152,9.046768457604546,8.98485528484515,9.023439203524283,435296400
2010-10-15,9.41375732421875,9.421534006468114,9.119745703283431,9.19541680694968,922194000
2010-10-18,9.511260032653809,9.541168741193626,9.400294794499658,9.525317477083668,1093010800
2010-10-19,9.256733894348145,9.384746883157499,8.973489921910092,9.074584418469346,1232784000
2010-10-20,9.287837982177734,9.399101966483217,9.178369415583122,9.242076394731294,721624400
2010-10-21,9.25762939453125,9.41375725126886,9.176274932053468,9.342572296269134,551460000
2010-10-22,9.196313858032227,9.273181368854457,9.16131998842294,9.244168763412784,372778000
2010-10-25,9.237290382385254,9.319840458859296,9.225326255936844,9.244768360752174,392462000
2010-10-26,9.213662147521973,9.264209382203186,9.141878189710777,9.178368774257065,392929600
2010-10-27,9.207080841064453,9.268993189875083,9.14038204368738,9.20169698493457,399002800
2010-10-28,9.129615783691406,9.212165854239757,8.999808215737453,9.210669939204422,551051200
2010-10-29,9.002201080322266,9.148758437746707,8.998910546142133,9.099407613104805,430511200
2010-11-01,9.097909927368164,9.1403817702267,9.03868910905763,9.039287315276386,423889200
2010-11-02,9.252843856811523,9.277669022293376,9.182257899853681,9.182257899853681,433930000
2010-11-03,9.355731010437012,9.358123835259224,9.228016780907573,9.312959666076567,508348400
2010-11-04,9.51933479309082,9.576462275585714,9.422427005706854,9.434989333357034,642488000
2010-11-05,9.485239028930664,9.558218588423417,9.473873909735449,9.510961895685424,361253200
2010-11-08,9.529808044433594,9.56420371414871,9.474175648351391,9.487336189046271,281758400
2010-11-09,9.453835487365723,9.609964129749423,9.406578789198592,9.602486152008733,383544000
2010-11-10,9.512158393859863,9.534291224919425,9.378162599064986,9.470583461671445,384227200
2010-11-11,9.4708833694458,9.523225212549079,9.399099426021126,9.421531758590122,361284000
2010-11-12,9.21306324005127,9.466397622442539,9.081461845136733,9.451443263356635,795846800
2010-11-15,9.183456420898438,9.28814016561563,9.160425869272881,9.225928285038536,403606000
2010-11-16,9.02044677734375,9.200203404365002,8.95255155026638,9.143973601198843,657650000
2010-11-17,8.987846374511719,9.092230601454876,8.905893690740369,9.00878280094146,479449600
2010-11-18,9.225027084350586,9.262115075786754,9.113165702423279,9.128418764861593,494491200
2010-11-19,9.174181938171387,9.224130969859063,9.129616763576877,9.21126993280651,384843200
2010-11-22,9.372478485107422,9.372478485107422,9.148455507456706,9.172681654829125,393075200
2010-11-23,9.233996391296387,9.32432471349187,9.169093026295291,9.285441317091518,519447600
2010-11-24,9.415552139282227,9.43349832946219,9.324328467890812,9.331804849122436,413725200
2010-11-26,9.421533584594727,9.502289837760003,9.359919933032264,9.383847386362484,237585600
2010-11-29,9.477462768554688,9.495706859026283,9.313258766252092,9.436486044580793,445785200
2010-11-30,9.306384086608887,9.402394226049966,9.298009196230396,9.3778677613701,501858000
2010-12-01,9.463409423828125,9.503787160447677,9.42153577177443,9.429611159363644,461750800
2010-12-02,9.51574993133545,9.541172503353225,9.418243893046037,9.497205534373974,462837200
2010-12-03,9.49450969696045,9.530699966921523,9.461609161114744,9.481648665530546,342092800
2010-12-06,9.575569152832031,9.640772043838249,9.523824705907021,9.530404975373823,448481600
2010-12-07,9.517542839050293,9.690419652114407,9.514851310279758,9.684737890786934,391454000
2010-12-08,9.601289749145508,9.601589251618604,9.484642720617616,9.560014314986745,321935600
2010-12-09,9.563901901245117,9.645853754729242,9.541768271817133,9.634788138024996,294151200
2010-12-10,9.587828636169434,9.60248428765932,9.529205231536773,9.560610655399739,262511200
2010-12-13,9.6210298538208,9.722424620087521,9.600991141486949,9.70178690280148,439815600
2010-12-14,9.579755783081055,9.647052795419638,9.541171875151207,9.622825839030815,351008000
2010-12-15,9.58184814453125,9.66080896748348,9.54685348091445,9.571079634180116,417312000
2010-12-16,9.608469009399414,9.649146240608438,9.574073343905946,9.60368335882502,322030800
2010-12-17,9.589326858520508,9.624620231555273,9.577960938817911,9.61983458115418,386929200
2010-12-20,9.63718032836914,9.668287051338519,9.51814048708289,9.618935438271768,385610400
2010-12-21,9.696701049804688,9.702383609707384,9.632395876148239,9.660809474334934,256354000
2010-12-22,9.725414276123047,9.742164050939547,9.677259871535442,9.701486825058412,265921600
2010-12-23,9.678756713867188,9.725116504166495,9.665895677737398,9.72063035624741,223157200
2010-12-27,9.71105670928955,9.733788545096251,9.616542524849628,9.656322838174768,249816000
2010-12-28,9.734686851501465,9.770278924900895,9.72242402287354,9.747846590156039,175924000
2010-12-29,9.729301452636719,9.76399661050821,9.723618094900628,9.757116840477478,163139200
2010-12-30,9.680547714233398,9.73587977968805,9.662302828216566,9.734982869908812,157494400
2010-12-31,9.647653579711914,9.675170278845048,9.610266074420059,9.659318206619279,193508000
2011-01-03,9.857315063476562,9.877952777667197,9.71584289376124,9.73977034265587,445138400
2011-01-04,9.908764839172363,9.94495513329395,9.814848018920966,9.943160513849394,309080800
2011-01-05,9.98982048034668,9.999989992017019,9.855227197051523,9.85672311281046,255519600
2011-01-06,9.981743812561035,10.027205904985548,9.956918644456767,10.011353833546707,300428800
2011-01-07,10.053223609924316,10.060102582045522,9.927004494848662,9.989515846172768,311931200
2011-01-10,10.242554664611816,10.265883915518486,10.084632168513668,10.134281702324458,448560000
2011-01-11,10.2183256149292,10.317624654480955,10.1534214369418,10.315232628232604,444108000
2011-01-12,10.301475524902344,10.301775027425041,10.22909494991042,10.266482448823776,302590400
2011-01-13,10.339163780212402,10.367877691768776,10.284429882991947,10.323611210126252,296780400
2011-01-14,10.422907829284668,10.422907829284668,10.302073350666031,10.345442109661567,308840000
2011-01-18,10.188716888427734,10.311645508179106,9.750540684172197,9.855822614473436,1880998000
2011-01-19,10.134578704833984,10.426496167713085,10.075956089492044,10.419018190227435,1135612800
2011-01-20,9.950334548950195,10.118426501838751,9.873765750849685,10.06249541879944,764789200
2011-01-21,9.772073745727539,10.01613630686891,9.769381418245471,9.982936259078325,754401200
2011-01-24,10.09300422668457,10.09300422668457,9.7720733721142,9.77656031818835,574683200
2011-01-25,10.211149215698242,10.212346427169214,10.006866921895396,10.059508286313774,546868000
2011-01-26,10.284425735473633,10.336767584296112,10.214138497839015,10.257805956706951,506875600
2011-01-27,10.26528549194336,10.309551965895656,10.253920369266927,10.282333974631419,285026000
2011-01-28,10.052627563476562,10.30087842319084,9.975760837748007,10.293999449045186,592057200
2011-01-31,10.148937225341797,10.17047265543817,9.998791414425856,10.043655296446458,377246800
2011-02-01,10.319723129272461,10.338266731564424,10.19858911187131,10.208160415595442,426633200
2011-02-02,10.298486709594727,10.326302111712256,10.275456160438582,10.302375450884824,258955200
2011-02-03,10.2721586227417,10.296086864603485,10.12590083838985,10.282926331579503,393797600
2011-02-04,10.363686561584473,10.369668624365161,10.27425671969633,10.278144661167143,321840400
2011-02-07,10.524600982666016,10.565576116524914,10.397783646205207,10.405260825434643,485021600
2011-02-08,10.623902320861816,10.633473623489081,10.532678638052772,10.578440230729209,381040800
2011-02-09,10.71242904663086,10.737553701424693,10.614026944043793,10.623597442435125,482745200
2011-02-10,10.604161262512207,10.767468402797357,10.408551777717841,10.689404470122867,928550000
2011-02-11,10.67325496673584,10.701668576105186,10.574253792444292,10.610444884612118,367572800
2011-02-14,10.742941856384277,10.751914152967704,10.669065368786777,10.671458194188588,310416400
2011-02-15,10.764473915100098,10.766568036163157,10.694186682394283,10.743237994068169,284174800
2011-02-16,10.86108684539795,10.914026116732114,10.782423899404275,10.791396197005023,481157600
2011-02-17,10.716617584228516,10.775539689792497,10.663378037540681,10.685212960536461,530583200
2011-02-18,10.485122680664062,10.752514564916716,10.454015946370324,10.728885810318785,816057200
2011-02-22,10.127699851989746,10.330786500230756,10.10108086937521,10.233579972161646,872555600
2011-02-23,10.247637748718262,10.308054186844657,10.127699386527043,10.132485835429714,671854400
2011-02-24,10.255413055419922,10.323308266224656,10.120521141187886,10.289510811388473,499900800
2011-02-25,10.41334056854248,10.421415956817093,10.3128442742881,10.326602224878393,380018800
2011-02-28,10.564386367797852,10.619419779251238,10.501874974290098,10.5054642139945,403074000
2011-03-01,10.447732925415039,10.639453651777815,10.398980309996368,10.631976472367743,456136800
2011-03-02,10.531782150268555,10.598480975175947,10.420518140345743,10.467177447390418,602590800
2011-03-03,10.75430679321289,10.76118576627711,10.645435643410384,10.683421343852427,500788400
2011-03-04,10.76746940612793,10.776142999750343,10.700172382903416,10.76956272922962,453266800
2011-03-07,10.628686904907227,10.81741660275179,10.507552922653913,10.80934041824114,546123200
2011-03-08,10.640652656555176,10.689704786409992,10.535669422059415,10.615229281959566,356316800
2011-03-09,10.542245864868164,10.610739279992647,10.48631557921007,10.60864515885718,453306000
2011-03-10,10.368770599365234,10.46149097229143,10.315830543380697,10.442048869510536,507539200
2011-03-11,10.527888298034668,10.53775909955852,10.318821223571039,10.328690427748581,471080400
2011-03-14,10.574848175048828,10.662184690908814,10.507551968062561,10.56348225620689,435957200
2011-03-15,10.331685066223145,10.403766935413648,10.172266666432543,10.232085704665828,721081200
2011-03-16,9.870476722717285,10.259003332175974,9.758315835761962,10.229093815566108,1162011200
2011-03-17,10.008962631225586,10.157613350868255,9.889921935008585,10.074464245597095,659422400
2011-03-18,9.890219688415527,10.115439220254329,9.870180172140714,10.083435575256198,753214000
2011-03-21,10.148336410522461,10.161496149081042,10.027501146504708,10.04933607352134,409402000
2011-03-22,10.205166816711426,10.24763946962991,10.143553157007476,10.245844850492508,325922800
2011-03-23,10.145044326782227,10.175850742887297,10.048136536039593,10.14773585489262,372996400
2011-03-24,10.317924499511719,10.348731722063022,10.13517688276286,10.224606720492282,404712000
2011-03-25,10.514433860778809,10.529986429050718,10.379241605658676,10.410647043423172,448910000
2011-03-28,10.48153018951416,10.597580612170642,10.48153018951416,10.562585943619768,309355200
2011-03-29,10.497081756591797,10.497081756591797,10.350525234313798,10.398380131871582,352900800
2011-03-30,10.427392959594727,10.4946907628368,10.391800886018503,10.48751148922185,329406000
2011-03-31,10.423807144165039,10.462390258677226,10.35052885737597,10.35950115463797,274019200
2011-04-01,10.3056640625,10.51592923185485,10.267977855740432,10.501573076077644,418661600
2011-04-04,10.204870223999023,10.306862436057505,10.121422413530068,10.298188841102414,460084800
2011-04-05,10.136075973510742,10.236572249154293,10.049637148435838,10.079247964857208,482731200
2011-04-06,10.110652923583984,10.2859234048288,10.083734434347726,10.20576614351802,402539200
2011-04-07,10.111849784851074,10.182136238824036,10.050534030517044,10.11244719255495,373447200
2011-04-08,10.021523475646973,10.173763423719882,9.988324215556032,10.166884448855484,377535200
2011-04-11,9.89410400390625,10.039762813254583,9.870774762004547,9.991608414693154,398946800
2011-04-12,9.941964149475098,9.981743679484579,9.876162240146064,9.884835834136927,425639200
2011-04-13,10.0535249710083,10.053823674833794,9.945550726152868,10.020324919345514,346220000
2011-04-14,9.942559242248535,10.049635773409966,9.931792327573989,10.013744194257121,301800800
2011-04-15,9.794207572937012,9.979049330993073,9.77446756320597,9.968879823633252,453605600
2011-04-18,9.925509452819824,9.936875370965462,9.57586630435539,9.753529557792314,609898800
2011-04-19,10.105268478393555,10.108856917615807,9.92132363027543,9.962898569895811,419378400
2011-04-20,10.241357803344727,10.341255871664702,10.214140611369926,10.274258355202521,700666400
2011-04-21,10.489309310913086,10.621809239315594,10.424106407628866,10.617920498198101,753810400
2011-04-25,10.55840015411377,10.580533790263132,10.477344387306621,10.47854159874486,266546000
2011-04-26,10.480934143066406,10.617620703750585,10.448930501802568,10.576644765664657,338800000
2011-04-27,10.472858428955078,10.53866033354226,10.381634749337127,10.535369799042519,356213200
2011-04-28,10.371162414550781,10.460890143184617,10.334373135323569,10.354412642196547,360959200
2011-04-29,10.472261428833008,10.586515659702425,10.368773316114792,10.372063850742606,1006345200
2011-05-02,10.35710620880127,10.482427627687214,10.333776962818435,10.460593498050832,442713600
2011-05-03,10.414534568786621,10.465081811324783,10.337367540917723,10.40825380095461,313348000
2011-05-04,10.455513954162598,10.5231096967891,10.375056371407815,10.41633182457657,389250400
2011-05-05,10.371162414550781,10.49678251251512,10.350225199107989,10.42051242569746,335969200
2011-05-06,10.368471145629883,10.468369187775187,10.355011905093965,10.459097390755161,280134400
2011-05-09,10.396587371826172,10.444443076611876,10.364583734474614,10.40436325496497,204747200
2011-05-10,10.451918601989746,10.459097076372645,10.368470833971438,10.435168828429646,282091600
2011-05-11,10.385519027709961,10.468369392311972,10.325999504682674,10.43905808580121,336000000
2011-05-12,10.365779876708984,10.382230948680593,10.237169520383699,10.352321433472088,322000000
2011-05-13,10.184223175048828,10.35620299447223,10.179737029721142,10.338557116802676,326116000
2011-05-16,9.968880653381348,10.205765581910608,9.947943430603734,10.145348336384837,449775200
2011-05-17,10.053823471069336,10.053823471069336,9.89201225765175,9.929997959139182,452334400
2011-05-18,10.165384292602539,10.200677659889534,10.049634187733346,10.063691634160557,334776400
2011-05-19,10.185126304626465,10.241356097000725,10.129493919852568,10.231486092822538,261170000
2011-05-20,10.026307106018066,10.197689626013984,10.02032504270128,10.156114685298984,337968400
2011-05-23,10.001778602600098,10.049036094472516,9.852829249815942,9.869279521238896,383600000
2011-05-24,9.935681343078613,10.046646626501671,9.910257972040498,10.034682499266468,321927200
2011-05-25,10.072967529296875,10.12620710432659,9.955422757994768,9.972769946258275,294224000
2011-05-26,10.019730567932129,10.076259889318488,10.002682080466734,10.048743186486798,222560800
2011-05-27,10.09180736541748,10.098387634194014,9.999087792313304,10.013743446160785,203599200
2011-05-31,10.403464317321777,10.403464317321777,10.19918130069718,10.202173130253575,417754400
2011-06-01,10.334074020385742,10.532075473244456,10.308352752080673,10.434571060933079,554682800
2011-06-02,10.351724624633789,10.407955227987546,10.297887645571647,10.36368875272468,338783200
2011-06-03,10.2721586227417,10.32868789613073,10.229388088423196,10.264382742809579,313250000
2011-06-06,10.110652923583984,10.380138915829132,10.103773949343779,10.339761181974746,461941200
2011-06-07,9.931193351745605,10.116035104726144,9.927005907653601,10.114539988315647,529785200
2011-06-08,9.937174797058105,10.013743601205922,9.889619395938116,9.923416851712844,333723600
2011-06-09,9.91474437713623,9.979947269657243,9.892610742960962,9.967384936746955,275088800
2011-06-10,9.747546195983887,9.919825570487323,9.735880776947893,9.886625529140805,433955200
2011-06-13,9.768486976623535,9.819632426301279,9.72272538459715,9.78643237012129,329473200
2011-06-14,9.943158149719238,9.967385107123675,9.84954085430424,9.870178573672957,334569200
2011-06-15,9.772974967956543,9.879153820954475,9.717043062385038,9.86270354237704,399196000
2011-06-16,9.725414276123047,9.830696178949951,9.521132035362037,9.777457420629664,510591200
2011-06-17,9.578857421875,9.847745950422073,9.551938938242262,9.839969268867007,615020000
2011-06-20,9.431105613708496,9.502290571569588,9.286941078947459,9.492121063682758,640645600
2011-06-21,9.729598999023438,9.744553352254512,9.427512118618147,9.471778569581204,493382400
2011-06-22,9.649147987365723,9.837280315598676,9.642268214082943,9.725417310518628,390583200
2011-06-23,9.906966209411621,9.920724154243834,9.514851204248862,9.539376062716455,559759200
2011-06-24,9.761009216308594,9.964394590131723,9.723323013660222,9.91115582053189,439807200
2011-06-27,9.931193351745605,9.986825738866072,9.787926537199025,9.798096044279607,339813600
2011-06-28,10.027502059936523,10.070572114308915,9.973066884683698,9.979347651416216,294299600
2011-06-29,9.991016387939453,10.060705447428427,9.92641088561156,10.050835439667761,352545200
2011-06-30,10.039764404296875,10.053523947027989,9.95512101338421,10.010752598532555,322954800
2011-07-01,10.266777992248535,10.273955667829647,9.99579617986229,10.048138023289875,435313200
2011-07-05,10.45132064819336,10.463284772453797,10.24404738675697,10.259001743409334,355054000
2011-07-06,10.521012306213379,10.5910016519653,10.369968793684714,10.436966308950208,444626000
2011-07-07,10.683720588684082,10.707648043051565,10.588009173867489,10.608049485125838,399663600
2011-07-08,10.758792877197266,10.76746726777044,10.534171605862069,10.568268565842734,489633200
2011-07-11,10.588006019592285,10.760585697879248,10.55271265554467,10.657995340212802,442674400
2011-07-12,10.58053207397461,10.698076813695112,10.427094957131366,10.573951006162162,451609200
2011-07-13,10.70824909210205,10.76746993233581,10.65919616400488,10.717520093915068,391638800
2011-07-14,10.700770378112793,10.815623610732784,10.657999818582416,10.79767741875774,430533600
2011-07-15,10.914623260498047,10.9170160859382,10.742643324690512,10.80246236334762,484467200
2011-07-18,11.180219650268555,11.205642218823284,10.925389369063065,10.92987551676725,572653200
2011-07-19,11.271449089050293,11.32528607997512,11.165867632067467,11.305844766880352,819145600
2011-07-20,11.572035789489746,11.85228945281908,11.545117304487361,11.847803304876452,941340400
2011-07-21,11.583701133728027,11.66654991090415,11.482307162582488,11.573531626630157,526534400
2011-07-22,11.763458251953125,11.815800107486265,11.597459590460602,11.614508071420843,516728800
2011-07-25,11.918992042541504,11.96385593223413,11.653393949981139,11.67522728899681,589806000
2011-07-26,12.065844535827637,12.098446380660508,11.954281853429801,11.96385235579708,476582400
2011-07-27,11.74222183227539,12.04281370981409,11.729061293652986,11.981498761969654,659324400
2011-07-28,11.719189643859863,11.873822356935626,11.60882339217195,11.71320838036264,594034000
2011-07-29,11.679112434387207,11.818790812337957,11.485298382094834,11.594169534434368,632584400
2011-08-01,11.866647720336914,11.948898300890244,11.735642921271026,11.897454150395012,612836000
2011-08-02,11.632155418395996,11.901043187225474,11.615406438985648,11.8935660070605,639539600
2011-08-03,11.741629600524902,11.770940925516129,11.432663476232507,11.694072574731917,732508000
2011-08-04,11.286998748779297,11.704237716838481,11.286400542397251,11.647111004036649,871407600
2011-08-05,11.174835205078125,11.470343518338462,10.84433461959847,11.378819554332969,1204590800
2011-08-08,10.564386367797852,10.999870402506915,10.558703005595687,10.818019584185821,1143833600
2011-08-09,11.186502456665039,11.204448648100815,10.617919670779294,10.806350687487923,1082583600
2011-08-10,10.877836227416992,11.205645369983786,10.842244142227496,11.100961638946234,878656800
2011-08-11,11.177226066589355,11.229567905436722,10.908637102457634,11.082112888389677,741969200
2011-08-12,11.27563190460205,11.354891442764616,11.193081033830653,11.307933446953816,528976000
2011-08-15,11.4676513671875,11.514310659333246,11.308531688061898,11.35459277391509,460544000
2011-08-16,11.380012512207031,11.466452101966288,11.247812149135202,11.411119231680958,498750000
2011-08-17,11.378822326660156,11.500853243501295,11.305842739657724,11.434753429770169,442061200
2011-08-18,10.948421478271484,11.145826396029703,10.808444375044742,11.091689116042476,851435200
2011-08-19,10.648727416992188,10.976836844279685,10.647830506713563,10.832372791565922,775888400
2011-08-22,10.660985946655273,10.913424157856701,10.620608228269909,10.902356944397052,535315200
2011-08-23,11.174235343933105,11.175431756237101,10.677735419198056,10.776437038258448,656835200
2011-08-24,11.251405715942383,11.334553999997718,11.084509344153556,11.170349956037208,626267600
2011-08-25,11.177827835083008,11.229571484285495,10.917015467592357,10.91940829289698,871346000
2011-08-26,11.472737312316895,11.479316783316053,11.09049145171137,11.10155786955118,641477200
2011-08-29,11.663856506347656,11.70961888159286,11.604935191967755,11.610318249127737,405269200
2011-08-30,11.664450645446777,11.719783501984553,11.55139210839081,11.612407522545627,417922400
2011-08-31,11.510124206542969,11.726968814891357,11.421292561132034,11.681805433924142,522586400
2011-09-01,11.396470069885254,11.585199822996554,11.387198268714435,11.53973772753223,343725200
2011-09-02,11.187699317932129,11.305842287596985,11.121300004304677,11.20833624090048,438939200
2011-09-06,11.357885360717773,11.375531251527487,10.961282503805723,10.987902289298967,509698000
2011-09-07,11.483203887939453,11.533152911691387,11.425477384281917,11.531956499194099,350576800
2011-09-08,11.489483833312988,11.623180124976296,11.434749163482586,11.437440692072563,416158400
2011-09-09,11.290287017822266,11.545116496054904,11.216708446267603,11.483204144619416,564813200
2011-09-12,11.36386489868164,11.391978995917013,11.123390771105928,11.156292115829405,467832400
2011-09-13,11.503840446472168,11.551395841770477,11.373134390980349,11.429663677778445,440560400
2011-09-14,11.643816947937012,11.73085395351686,11.537936846358509,11.575623038355818,534724400
2011-09-15,11.753286361694336,11.774223578867042,11.66176320835887,11.707524785026603,417818800
2011-09-16,11.978804588317871,11.978804588317871,11.815199582904382,11.830453441893049,698513200
2011-09-19,12.311701774597168,12.35955748436345,11.82028763299474,11.874123808969234,823860800
2011-09-20,12.366133689880371,12.647583697586247,12.298537991272871,12.419970646833573,775754000
2011-09-21,12.326955795288086,12.60960149484522,12.322768351017265,12.55127757622592,605976000
2011-09-22,12.018289566040039,12.257567340489418,11.865152716853643,11.994661610609322,968480800
2011-09-23,12.0924654006958,12.165444980320874,11.959367279034325,11.972228316622997,546277200
2011-09-26,12.058669090270996,12.082896052781342,11.703641939151426,11.959667916937613,812876400
2011-09-27,11.941718101501465,12.240514532953114,11.90582652553838,12.224961969283937,632497600
2011-09-28,11.874424934387207,12.075716195606654,11.859468975788317,11.969536556819438,429637600
2011-09-29,11.681805610656738,12.029953721438732,11.551399021696744,12.02128012865518,651086800
2011-09-30,11.405138969421387,11.631555637838524,11.400951525754705,11.578614785103522,547640800
2011-10-03,11.204147338867188,11.444621490430796,11.161377583143413,11.37672706895739,669099200
2011-10-04,11.141337394714355,11.419496950623483,10.595188589246925,11.203250552270196,1233677200
2011-10-05,11.31331729888916,11.360274492692263,10.776438771863187,11.002555941655329,786469600
2011-10-06,11.286998748779297,11.508629021950028,11.120401865409944,11.166163455626316,812582400
2011-10-07,11.060583114624023,11.298065463810405,11.02140179358259,11.239442834179334,535458000
2011-10-10,11.629159927368164,11.629159927368164,11.312117866128522,11.338438935881504,442514800
2011-10-11,11.97252368927002,12.058963287475072,11.709618852134462,11.741621685941263,605687600
2011-10-12,12.029353141784668,12.240514352061831,11.968038200696926,12.183387653292987,622286000
2011-10-13,12.215991973876953,12.215991973876953,12.049095595093883,12.112802575382686,426185200
2011-10-14,12.621862411499023,12.621862411499023,12.420569620623526,12.467229703900102,573367200
2011-10-17,12.561747550964355,12.76244139551127,12.44061275765308,12.614089410359409,686044800
2011-10-18,12.629040718078613,12.705909020076124,12.442105665238142,12.614683768660907,881602400
2011-10-19,11.922574996948242,12.215688836374788,11.898048543628088,12.00422814363616,1104059600
2011-10-20,11.823576927185059,11.97432173863118,11.790677173985486,11.9638535264304,549270400
2011-10-21,11.750597953796387,11.938132067565268,11.687189672270115,11.907026133206598,621244400
2011-10-24,12.136432647705078,12.158265982647874,11.826270225894705,11.849599476129884,502138000
2011-10-25,11.897153854370117,12.159760842683692,11.885490028938152,12.114297960249859,430427200
2011-10-26,11.981799125671387,12.040123046202874,11.758971655229033,12.01649349627758,456304800
2011-10-27,12.104129791259766,12.233041273025103,12.020383291767995,12.189970412476049,494664800
2011-10-28,12.111905097961426,12.153778742285308,12.03892552322723,12.053581178939588,322842800
2011-10-31,12.106819152832031,12.242908279336033,11.995255683902151,12.036232412686113,385501200
2011-11-01,11.85947322845459,11.948903120193785,11.761071036216185,11.886392525973363,531790000
2011-11-02,11.88638973236084,11.977016016023544,11.817596786876942,11.96654780211896,327350800
2011-11-03,12.055672645568848,12.065542648479417,11.825069348079197,11.936033802228955,441386400
2011-11-04,11.971027374267578,12.06673796101175,11.938725041258007,12.024565625991242,302229200
2011-11-07,11.955774307250977,11.963850490581528,11.848100382024368,11.96115896192014,270275600
2011-11-08,12.150187492370605,12.203128344342543,12.010509931817602,12.029951234938938,400442000
2011-11-09,11.822680473327637,11.990473773560787,11.791275835513044,11.873227715835398,558684000
2011-11-10,11.521788597106934,11.880404907029067,11.429965921838987,11.875021050041696,744752400
2011-11-11,11.503840446472168,11.625871314221847,11.373433893411145,11.563359965539327,653786000
2011-11-14,11.34352970123291,11.522688944643564,11.311825557053679,11.470944484418755,432905200
2011-11-15,11.629761695861816,11.64980040799431,11.34920934325453,11.38958706866586,430810800
2011-11-16,11.508329391479492,11.698853716116814,11.494869349630527,11.64232441557519,349210400
2011-11-17,11.288190841674805,11.502642556192637,11.231063352061637,11.48469637159908,479900400
2011-11-18,11.214317321777344,11.365360831811143,11.21252270271916,11.333357989950219,371938000
2011-11-21,11.036952018737793,11.116810553423464,10.944231650824685,11.078525354864698,447980400
2011-11-22,11.261275291442871,11.303747140684068,11.09467842851234,11.09707125374696,409021200
2011-11-23,10.976536750793457,11.241237083019213,10.973246216377616,11.20145675821722,428271200
2011-11-25,10.874245643615723,11.10096026574204,10.866767664699873,11.01930709342112,254760800
2011-11-28,11.249612808227539,11.267559002175918,11.07643642933003,11.136853684942537,346413200
2011-11-29,11.162273406982422,11.330664877719782,11.072544862629004,11.241235037164314,375855200
2011-11-30,11.4314603805542,11.433853205744235,11.31481254855985,11.404243192027486,405938400
2011-12-01,11.602846145629883,11.634848993514211,11.388094816621198,11.44163309725704,387181200
2011-12-02,11.655784606933594,11.773329365746381,11.622285848184589,11.65967254908342,379055600
2011-12-05,11.75478744506836,11.856480954184557,11.676424788461446,11.76914440127495,357210000
2011-12-06,11.693171501159668,11.803239880020577,11.646214296037197,11.739830801096055,283598000
2011-12-07,11.637540817260742,11.692873714892926,11.567850965083501,11.66266468904111,304746400
2011-12-08,11.684494972229004,11.829257688134463,11.671633937359564,11.708123719457,376356400
2011-12-09,11.773028373718262,11.785590706162305,11.695562653663261,11.749998628914142,296993200
2011-12-12,11.719788551330566,11.78140219802607,11.648304900799907,11.715002901307889,301067200
2011-12-13,11.629159927368164,11.826265253421335,11.57801450119868,11.754481316404455,338928800
2011-12-14,11.371339797973633,11.586390530499756,11.296266917838231,11.566051520046996,406887600
2011-12-15,11.333953857421875,11.47752015775683,11.315110760536083,11.465257329393141,256200000
2011-12-16,11.39616584777832,11.489783127126904,11.352797093632919,11.37642584064295,421478400
2011-12-19,11.431758880615234,11.510720507615856,11.380014439754714,11.43953556180093,235530400
2011-12-20,11.842714309692383,11.847201254852566,11.582799745022779,11.59775409909527,337215200
2011-12-21,11.857674598693848,11.883097970037095,11.724875180809375,11.864852276447735,262948000
2011-12-22,11.920483589172363,11.937831572298554,11.847205312305361,11.87412299912006,202358800
2011-12-23,12.06344985961914,12.071226540521414,11.948596660774374,11.954578723006893,269399200
2011-12-27,12.159162521362305,12.235731333577265,12.054179308060752,12.056572932032882,265076000
2011-12-28,12.042813301086426,12.210605770124138,12.003930691513187,12.169929340382025,228662000
2011-12-29,12.116990089416504,12.13284295729266,11.979107916144725,12.065545939804991,215978000
2011-12-30,12.113401412963867,12.15168582058027,12.068238031678955,12.06883543935387,179662000
2012-01-03,12.299736976623535,12.337722676322402,12.233038972638083,12.245003098318556,302220800
2012-01-04,12.365837097167969,12.40292588774574,12.241413381535732,12.262948009649527,260022000
2012-01-05,12.50312328338623,12.518675849294489,12.342807181623133,12.411001904576793,271269600
2012-01-06,12.633830070495605,12.64429828317735,12.538717648748184,12.555167925440475,318292800
2012-01-09,12.613788604736328,12.793844710241878,12.60242268487397,12.72654849721382,394024400
2012-01-10,12.65894889831543,12.741499751432226,12.606905760827072,12.738807424363179,258196400
2012-01-11,12.638318061828613,12.64729115915271,12.541411006749017,12.642206004665614,215084800
2012-01-12,12.603618621826172,12.648781998406886,12.524656989424868,12.630238402215136,212587200
2012-01-13,12.55636215209961,12.57550475481812,12.521966485849804,12.553073215267382,226021600
2012-01-17,12.702620506286621,12.74120441464517,12.650577355045474,12.68766534826522,242897200
2012-01-18,12.834519386291504,12.845286299029233,12.750473413350566,12.770213418930696,276791200
2012-01-19,12.793846130371094,12.902118289542845,12.756758133797799,12.865629298017895,261738400
2012-01-20,12.57101821899414,12.78636771457843,12.55456794358173,12.786069010737858,413974400
2012-01-23,12.783675193786621,12.814781921808558,12.630837076093334,12.641903493456793,306062400
2012-01-24,12.574307441711426,12.714584021856203,12.54858536982371,12.714584021856203,547638000
2012-01-25,13.359434127807617,13.592429469315087,13.271798909925726,13.592130765530317,958314000
2012-01-26,13.29871940612793,13.423142322626912,13.254154234979332,13.410282085242107,323985200
2012-01-27,13.377978324890137,13.41386990025573,13.272995926182874,13.290043605841491,299709200
2012-01-30,13.549361228942871,13.575981009397022,13.321450224143675,13.33102072606933,379341200
2012-01-31,13.65314769744873,13.70578825521997,13.551155518591155,13.626527916072378,391683600
2012-02-01,13.644474983215332,13.728222274399137,13.62533397746936,13.710875089019746,270046000
2012-02-02,13.612467765808105,13.673781899945906,13.578370813683435,13.635797007154531,186796400
2012-02-03,13.748862266540527,13.758433569668892,13.625634933456794,13.677678095543788,286599600
2012-02-06,13.87717056274414,13.90737958152158,13.704593236775729,13.709976294796032,249412800
2012-02-07,14.022531509399414,14.050048997620248,13.895414674627608,13.915454983864189,316223600
2012-02-08,14.25732421875,14.260613155649171,14.048554196968658,14.072482450853832,407890000
2012-02-09,14.750531196594238,14.857607718020867,14.37337054663017,14.379352609057339,884214800
2012-02-10,14.758005142211914,14.883625230969578,14.61234474937692,14.684428186496142,631302000
2012-02-13,15.032584190368652,15.069372687886801,14.867781113887386,14.940760701165804,517216000
2012-02-14,15.237765312194824,15.240755546052274,15.014639876095572,15.094198945400045,460398400
2012-02-15,14.885128021240234,15.741139752336125,14.861797174687197,15.381327814012764,1506120000
2012-02-16,15.020915985107422,15.101074034724094,14.554923644096261,14.700584087811034,944552000
2012-02-17,15.018224716186523,15.187214410659907,14.963788738740181,15.047834731560298,535805200
2012-02-21,15.398978233337402,15.398978233337402,15.078047251010526,15.16059814649694,605595200
2012-02-22,15.34483528137207,15.418113550183115,15.226093337642224,15.346031693869932,483302400
2012-02-23,15.445030212402344,15.488101057249205,15.238953375309062,15.405848905724971,568027600
2012-02-24,15.625088691711426,15.63974434600962,15.512330403693584,15.543136828630361,415072000
2012-02-27,15.725286483764648,15.807238343925741,15.441743110889975,15.592187589935142,547582000
2012-02-28,16.0139217376709,16.0139217376709,15.727985405395593,15.791094996371728,600387200
2012-02-29,16.22418212890625,16.37881648976722,16.022592158720855,16.197862644117894,952011200
2012-03-01,16.284893035888672,16.396756796133932,16.114408262988437,16.39555878639276,683270000
2012-03-02,16.306133270263672,16.35458558668021,16.226572627528867,16.278018371597287,431712400
2012-03-05,15.946614265441895,16.3749186582413,15.732459673023063,16.31330582500782,809124400
2012-03-06,15.859875679016113,15.96246523463565,15.439944561141662,15.662472448769737,810238800
2012-03-07,15.872749328613281,16.08480836755702,15.651716392392668,16.05549704412686,798520800
2012-03-08,16.210716247558594,16.240624955628686,15.915507523148746,15.992375011385715,516457200
2012-03-09,16.305835723876953,16.38270324558936,16.24422126655987,16.277121818172652,418919200
2012-03-12,16.510120391845703,16.510120391845703,16.360570382619066,16.419792020148734,407282400
2012-03-13,16.99166488647461,16.994057712222254,16.622279999080074,16.675819874520357,690855200
2012-03-14,17.63412094116211,17.78785597346447,17.210001441746442,17.28926338054653,1418844000
2012-03-15,17.513883590698242,17.946077670711595,17.304217468258678,17.93411354438828,1159718000
2012-03-16,17.514183044433594,17.62275470010985,17.287767135446817,17.488759674244637,825487600
2012-03-19,17.978681564331055,17.998720280196103,17.618270603841047,17.897028389553086,901236000
2012-03-20,18.124042510986328,18.152155813775313,17.690950692135043,17.931124554677428,816662000
2012-03-21,18.020553588867188,18.234407968771865,17.98795333909706,18.02773206515054,644042000
2012-03-22,17.926040649414062,18.080374698861284,17.81208433210987,17.87938055234824,623870800
2012-03-23,17.82764434814453,17.999624351729167,17.77829270332861,17.960443017715388,430488800
2012-03-26,18.154552459716797,18.15963841283711,17.804013044451104,17.939501621592477,595742000
2012-03-27,18.378870010375977,18.432706979300956,18.127030752196493,18.130619989947927,607129600
2012-03-28,18.47278594970703,18.587339658925128,18.25414594333953,18.49551619138832,655460400
2012-03-29,18.240676879882812,18.44107188583767,18.162015590430446,18.32801335388216,608238400
2012-03-30,17.93231964111328,18.261623830568556,17.884164432221475,18.208085563529494,731038000
2012-04-02,18.50299072265625,18.50717736705382,17.957139188846675,18.00050873559921,598351600
2012-04-03,18.822723388671875,18.909163777809386,18.619039386445493,18.762305366335422,834559600
2012-04-04,18.672882080078125,18.719241872830654,18.45424205828204,18.674078492742964,572980800
2012-04-05,18.9531307220459,18.9824420246397,18.645659151202413,18.75273565572954,641298000
2012-04-09,19.02939796447754,19.137372170493087,18.70248671190437,18.727311067423745,597536800
2012-04-10,18.79640769958496,19.26180099547304,18.72342813210851,19.14006881507965,889725200
2012-04-11,18.72941017150879,19.048545628249222,18.6438674738156,19.028506916271162,696614800
2012-04-12,18.626821517944336,18.882849043420762,18.558926295304534,18.693520327885462,614336800
2012-04-13,18.10221290588379,18.684554612647403,18.05076873906709,18.666907119789215,859644800
2012-04-16,17.351470947265625,18.253244796378457,17.295241163924228,18.246665327098782,1050786800
2012-04-17,18.235898971557617,18.244871266214407,17.105615070642592,17.315880164972658,1025528000
2012-04-18,18.195220947265625,18.551445133774557,18.02682870592321,18.35613441348031,954531200
2012-04-19,17.570112228393555,18.087249973852686,17.482775709339464,17.952357253809527,834719200
2012-04-20,17.137619018554688,17.784863816676975,17.06105021451226,17.687955999765613,1030985200
2012-04-23,17.09933853149414,17.247990831610238,16.648302067904467,17.066738277974235,966529200
2012-04-24,16.75776481628418,16.979395017943126,16.59984157707371,16.827453840622926,1076149200
2012-04-25,18.244873046875,18.48415076698841,18.125234985491566,18.41356402324981,905777600
2012-04-26,18.17607879638672,18.385147465041367,18.00948196813287,18.372584336501284,536068400
2012-04-27,18.03550910949707,18.130623127697632,17.960735706088112,18.09742387076119,406722400
2012-04-30,17.466629028320312,17.897927069414685,17.437317712571275,17.87998087691112,506144800
2012-05-01,17.411293029785156,17.84887014351626,17.384374545735376,17.494142603260702,610999200
2012-05-02,17.52644157409668,17.568913415267044,17.313484960723038,17.354760389503443,427389200
2012-05-03,17.402023315429688,17.688558581606536,17.356561227758352,17.661640093098143,390549600
2012-05-04,16.906415939331055,17.298530922608844,16.90402311450714,17.26024732277253,529992400
2012-05-07,17.032939910888672,17.131342870644296,16.786184953140324,16.79426113917572,460118400
2012-05-08,16.994054794311523,17.09335385109501,16.711409090126406,17.035927640358693,497252000
2012-05-09,17.023969650268555,17.167537624881017,16.774823410989313,16.860065847656323,480704000
2012-05-10,17.064041137695312,17.224357227398094,17.001830878742258,17.185474617542518,333200000
2012-05-11,16.95008659362793,17.1821858423713,16.879499848674488,16.898941153784882,399546000
2012-05-14,16.69615364074707,16.97401368113592,16.67761004393605,16.82626071693377,352626400
2012-05-15,16.545114517211914,16.8457064767061,16.502642656933084,16.792767201315485,476336000
2012-05-16,16.333045959472656,16.656369575404444,16.182301213420207,16.57142590455316,560896000
2012-05-17,15.855691909790039,16.375521149300823,15.855691909790039,16.31001876440249,717220000
2012-05-18,15.863468170166016,16.253190357857424,15.618209996700351,15.970544693049789,732292400
2012-05-21,16.787675857543945,16.795453337753507,15.973236787006154,15.986697626136564,631106000
2012-05-22,16.658771514892578,17.164542681641482,16.52746799636657,17.035032983766133,694870400
2012-05-23,17.065244674682617,17.13224220296178,16.546910341563773,16.674623032084337,584897600
2012-05-24,16.908512115478516,17.242902237204614,16.786180928170385,17.224058340089368,496230000
2012-05-25,16.817886352539062,16.924365480967747,16.70363134056416,16.8866792811925,328507200
2012-05-29,17.11638069152832,17.168125128901938,16.90821132166339,17.075405563186404,380508800
2012-05-30,17.322757720947266,17.34728337650167,16.945597097491508,17.02455871863394,529429600
2012-05-31,17.279695510864258,17.392453831594757,17.09216218326268,17.36972198670921,491674400
2012-06-01,16.77899742126465,17.127744389099554,16.764940775940634,17.0233594214542,520987600
2012-06-04,16.877710342407227,16.9737204890046,16.405438689943598,16.794263330987516,556995600
2012-06-05,16.83403778076172,16.942909738732176,16.699445345851792,16.787379282972505,388214400
2012-06-06,17.092159271240234,17.16364213380496,16.913896975886818,16.98179219774362,401455600
2012-06-07,17.09993553161621,17.26742851914777,17.063445742597157,17.266532407624407,379766800
2012-06-08,17.35716438293457,17.36494186714696,17.018587445447015,17.096352703486872,347516400
2012-06-11,17.08348846435547,17.60182116649122,17.06733609180235,17.578491914005234,591264800
2012-06-12,17.232730865478516,17.246488810363722,16.949786501227262,17.181885730956168,435380400
2012-06-13,17.113094329833984,17.302122726930143,17.05985476827596,17.183681075266,293580000
2012-06-14,17.09425163269043,17.153174557523048,16.966538972498977,17.085578040144313,345573200
2012-06-15,17.172019958496094,17.18667561705485,17.035033078676996,17.078402646582038,335255200
2012-06-18,17.52045440673828,17.583563943908914,17.0595482485743,17.07719572552034,440412000
2012-06-19,17.569223403930664,17.64668835353809,17.44031269318817,17.449284992386964,361404400
2012-06-20,17.51926040649414,17.624242772645903,17.371505908540033,17.59313605812527,358943200
2012-06-21,17.27789878845215,17.593445076629706,17.271019015524693,17.510296783161948,326351200
2012-06-22,17.410396575927734,17.4130881050574,17.210600455133182,17.318873404092386,284471600
2012-06-25,17.071521759033203,17.341605935873442,17.059557632039162,17.26683094083405,304382400
2012-06-26,17.10920524597168,17.182782219291763,16.96862917211455,17.088267228380616,276536400
2012-06-27,17.183082580566406,17.250080090219576,17.105916362274083,17.198036939705545,202997200
2012-06-28,17.020069122314453,17.168122338568985,16.91718086651389,17.09843332372599,282836400
2012-06-29,17.46721839904785,17.46721839904785,17.17559892176385,17.28775976768969,421500800
2012-07-02,17.72205924987793,17.750472859346253,17.455265552203794,17.489063818604752,400092000
2012-07-03,17.928129196166992,17.945776679581257,17.76631959964441,17.792639076854478,241712800
2012-07-05,18.24307632446289,18.374678490517727,17.935306030891237,17.962523214308828,484383200
2012-07-06,18.12164878845215,18.19821760784211,17.993038409956633,18.157839875151186,418930400
2012-07-09,18.36121940612793,18.361518109886493,18.06870376713949,18.104295837451406,379405600
2012-07-10,18.191333770751953,18.54007919678459,18.1045946712117,18.4832504069731,511957600
2012-07-11,18.07828140258789,18.174888940822804,17.862633186783224,18.128827846700087,469322000
2012-07-12,17.912885665893555,18.049572270412185,17.72684741965977,17.9529647066197,428041600
2012-07-13,18.094423294067383,18.16082177584618,17.94577267068361,18.03400687335146,311427200
2012-07-16,18.152448654174805,18.293321800795706,18.095918575948733,18.098910405180646,301260400
2012-07-17,18.153356552124023,18.289744427470453,18.039997628324365,18.268507699245834,293624800
2012-07-18,18.133010864257812,18.195222714576357,18.052253822212094,18.142880867675746,252700000
2012-07-19,18.37408447265625,18.4048908988683,18.1252354457378,18.2831587130758,436861600
2012-07-20,18.074392318725586,18.37767575628362,18.05644612786059,18.335502607087566,397471200
2012-07-23,18.06033706665039,18.122250237397886,17.578193840168876,17.778288710138593,487975600
2012-07-24,17.97329330444336,18.235301235574344,17.90120985532737,18.166508319956684,565132400
2012-07-25,17.197139739990234,17.3715124763457,17.04848907477115,17.181886677996733,877312800
2012-07-26,17.194442749023438,17.35954283633884,17.05925136859272,17.34040024163119,406632800
2012-07-27,17.501922607421875,17.52196292194899,17.096049532431934,17.198340434846042,403936400
2012-07-30,17.79712677001953,17.92902765742902,17.581477005505835,17.67419817791224,379142400
2012-07-31,18.267602920532227,18.295719411359066,18.02713041107158,18.042383471570698,462327600
2012-08-01,18.14946174621582,18.43629566453911,18.035505447706043,18.421640010163262,384501600
2012-08-02,18.178775787353516,18.265513314097834,17.95325757887958,18.03072410499363,332158400
2012-08-03,18.415363311767578,18.483557244719364,18.29153698171927,18.353450146743423,344920800
2012-08-06,18.6202392578125,18.689629586595597,18.40219826751416,18.462913407521192,302103200
2012-08-07,18.571184158325195,18.69351371948959,18.48534277555128,18.626814933127335,290446800
2012-08-08,18.539791107177734,18.660028225104437,18.45724020241172,18.525732854220195,244706000
2012-08-09,18.64551544189453,18.675554174614703,18.557503960280286,18.559005495865122,221642400
2012-08-10,18.674654006958008,18.676455528953486,18.584541010473593,18.584840996772037,194938800
2012-08-13,18.923969268798828,18.923969268798828,18.721212226032446,18.725418450891286,278832400
2012-08-14,18.9747371673584,19.182602046730686,18.93028143487015,18.98014494284259,340169200
2012-08-15,18.948898315429688,19.044119087328838,18.856382232470715,18.96301692003377,257342400
2012-08-16,19.114410400390625,19.127025866272984,18.93898740634592,18.960315308037927,254534000
2012-08-17,19.467958450317383,19.470361549052868,19.18860544123868,19.224350331775444,442761200
2012-08-20,19.979806900024414,19.979806900024414,19.52172623791166,19.525030899666,613384800
2012-08-21,19.706758499145508,20.27207539142465,19.53464017802923,20.15012054849226,812719600
2012-08-22,20.0915470123291,20.095451646505023,19.46795736313769,19.657497353751197,565322800
2012-08-23,19.904109954833984,20.12248552249207,19.859652631110485,20.008641534639374,420128800
2012-08-24,19.92184066772461,20.109879206624043,19.69144950234514,19.810399727748276,437340400
2012-08-27,20.296104431152344,20.452001020300465,20.231822354348942,20.42556693925516,427008400
2012-08-28,20.269676208496094,20.308725764678805,20.14561822935397,20.275082379079272,267416800
2012-08-29,20.229721069335938,20.35588053185542,20.203588576368446,20.28318920872246,202806800
2012-08-30,19.941356658935547,20.172049313210742,19.910717953716663,20.144715269636492,302699600
2012-08-31,19.98250961303711,20.08343654786357,19.742504547083797,20.042885461324115,338321200
2012-09-04,20.274784088134766,20.279890272824726,19.960286103928503,19.998134113790364,367892000
2012-09-05,20.13239860534668,20.31623082584005,20.113473803828622,20.292801417840455,336375200
2012-09-06,20.31382942199707,20.37450686137435,20.149521961830533,20.220711754746286,391196400
2012-09-07,20.439090728759766,20.50036814608045,20.298812638802435,20.367297748568323,329666400
2012-09-10,19.907411575317383,20.52469178767162,19.88818678961703,20.439385009535133,487998000
2012-09-11,19.842836380004883,20.128497158894127,19.719979946633433,19.978608267584438,503983200
2012-09-12,20.119182586669922,20.122487248551572,19.704959261853364,20.03087111259968,712233200
2012-09-13,20.5153865814209,20.591082591559918,20.26877377375207,20.34687288275915,598360000
2012-09-14,20.76470375061035,20.935920544971644,20.662873632970776,20.725054221055082,600474000
2012-09-17,21.0200252532959,21.02062522588591,20.864728604769454,21.00710819635795,398031200
2012-09-18,21.084014892578125,21.096630364485012,20.91910577748603,21.02303743801903,373503200
2012-09-19,21.089710235595703,21.146481429948665,21.01371425407368,21.03444057668919,326874800
2012-09-20,20.98758316040039,21.028435838978936,20.834989598825356,21.001400176052513,336568400
2012-09-21,21.02933692932129,21.178925823417572,21.007409053190948,21.09902519232357,571589200
2012-09-24,20.749971389770508,20.880037042419566,20.515975776188494,20.63192282935355,639766400
2012-09-25,20.231828689575195,20.80976117248994,20.215606969024723,20.673987681537625,518789600
2012-09-26,19.980714797973633,20.206299743552304,19.861163006389837,20.087649515315487,576503200
2012-09-27,20.465517044067383,20.49104956095644,19.83561977801085,19.953969956038634,594090000
2012-09-28,20.038379669189453,20.459212268830555,20.027865712173135,20.388322467098618,535110800
2012-10-01,19.806793212890625,20.328254563385958,19.71998325063545,20.160340796907573,543594800
2012-10-02,19.864463806152344,20.01585584619857,19.54425805909404,19.879482373936355,627992400
2012-10-03,20.169042587280273,20.18135966957535,19.904108211006278,19.97109337489182,424281200
2012-10-04,20.02936363220215,20.253146926543582,19.99181723007408,20.163032353027575,370725600
2012-10-05,19.60253143310547,20.005340887062633,19.563181889121832,19.981311500649372,594006000
2012-10-08,19.16937828063965,19.451435944066713,19.107499297955986,19.431009607341256,637994000
2012-10-09,19.099699020385742,19.239075587002105,18.73023128471498,19.18380590111051,838597200
2012-10-10,19.251693725585938,19.373948625763816,19.134245025212977,19.216548790563866,510356000
2012-10-11,18.866897583007812,19.440625404042212,18.866897583007812,19.41959909112895,546081200
2012-10-12,18.915258407592773,19.085573617401682,18.782791200430818,18.910752196452382,460014800
2012-10-15,19.06694793701172,19.07806186607565,18.739233012239044,18.994556602869263,432502000
2012-10-16,19.51842498779297,19.53374514569116,18.954009516158486,19.08527679996321,549771600
2012-10-17,19.362831115722656,19.608542420675587,19.344507883399945,19.490793755600567,389037600
2012-10-18,19.003267288208008,19.28622490410731,18.923966645711477,19.21203204883205,476624400
2012-10-19,18.318403244018555,18.977136251884318,18.311793920292253,18.955509967138138,744086000
2012-10-22,19.045021057128906,19.08557214164265,18.346035413667664,18.395898906030222,546730800
2012-10-23,18.42413902282715,19.041121085330975,18.374277122460423,18.954009544448343,707145600
2012-10-24,18.528366088867188,18.820336143030715,18.34243075193415,18.66684263620679,558527200
2012-10-25,18.309391021728516,18.683666440689905,18.18953927650641,18.623588970724732,656325600
2012-10-26,18.142986297607422,18.44336732758722,17.75249224199794,18.306092269655778,1018432800
2012-10-31,17.882251739501953,18.08170413946205,17.653362179547422,17.869034695295188,510003200
2012-11-01,17.918895721435547,18.112940319862332,17.847705930228656,17.969359188141166,361298000
2012-11-02,17.32594108581543,17.93120738377848,17.26436370217559,17.899367136012856,599373600
2012-11-05,17.560842514038086,17.655461717143133,17.349974615517368,17.52780070931199,529135600
2012-11-06,17.507675170898438,17.744675575413588,17.42477147104709,17.729357023779837,374917200
2012-11-07,16.837787628173828,17.336885537835585,16.76989217305552,17.31576318777896,793648800
2012-11-08,16.226736068725586,16.965426791378338,16.152505691031127,16.917145298700515,1056146000
2012-11-09,16.50766372680664,16.743633821382204,16.105125748280614,16.307300418181978,929913600
2012-11-12,16.380027770996094,16.73217327893789,16.25389477953965,16.72161129876687,515802000
2012-11-13,16.382143020629883,16.610871003734033,16.184796403355758,16.26174384112354,532949200
2012-11-14,16.20047950744629,16.519432176743017,16.179357166304346,16.460590333291748,477170400
2012-11-15,15.860716819763184,16.27954926741752,15.770192207774254,16.220104670147734,789910800
2012-11-16,15.922873497009277,15.992880056094924,15.261130135729859,15.848038788225866,1266893600
2012-11-19,17.071041107177734,17.124450497065947,16.291011326609564,16.316056143707282,823317600
2012-11-20,16.925594329833984,17.25873017865517,16.734585914502233,17.257523141354632,642754000
2012-11-21,16.949434280395508,17.120527391697127,16.795539436781052,17.026381702202734,373002000
2012-11-23,17.24515151977539,17.2602402933024,16.97659294552264,17.114493344911665,272826400
2012-11-26,17.789209365844727,17.803390844185824,17.311836631908953,17.377920709446837,630579600
2012-11-27,17.6458797454834,17.816068797410246,17.504659591427306,17.789815330831892,533330000
2012-11-28,17.59035301208496,17.67665374700766,17.268080554116896,17.419258324192676,520864400
2012-11-29,17.78407859802246,17.9316352715247,17.660059955964947,17.810030703895794,514698800
2012-11-30,17.66097068786621,17.755118014567426,17.582514850870577,17.706535151246676,391319600
2012-12-03,17.688426971435547,17.94190000999806,17.66760597759481,17.91353543472014,364280000
2012-12-04,17.376413345336914,17.555955723018595,17.264162092611265,17.555955723018595,557068400
2012-12-05,16.25812339782715,17.177260805426005,16.257519073240754,17.167001791247387,1044638000
2012-12-06,16.51310157775879,16.696263460039837,15.649786206785924,15.960894053519858,1177212400
2012-12-07,16.090946197509766,16.75329212211308,15.992876443342567,16.698977061814812,787040800
2012-12-10,15.987449645996094,16.249671684867717,15.738804764118825,15.842004049531822,630484400
2012-12-11,16.33656883239746,16.58310087604896,16.215264044047487,16.287684644842717,592345600
2012-12-12,16.264455795288086,16.536032749035105,16.182077511740992,16.529091881488696,487144000
2012-12-13,15.98352336883545,16.22341759904981,15.866141006533812,16.02757942425359,625259600
2012-12-14,15.383034706115723,15.63469631989304,15.255997667802767,15.532704094626155,1009579200
2012-12-17,15.655814170837402,15.691119595630541,15.124730851893233,15.357079803931308,757607200
2012-12-18,16.110563278198242,16.140737601323096,15.698670230676122,15.842003100114844,625685200
2012-12-19,15.881529808044434,16.104525497530187,15.857087707792001,16.037234382732233,449369200
2012-12-20,15.743330001831055,15.998914115191381,15.657330605818055,15.992878928494694,481689600
2012-12-21,15.670913696289062,15.68117271073777,15.396619622730938,15.463910764314381,596268400
2012-12-24,15.696266174316406,15.819380843232201,15.65221008736395,15.70169865178794,175753200
2012-12-26,15.47989559173584,15.674828046008791,15.423166462055063,15.660946314201786,302436400
2012-12-27,15.54206371307373,15.577971871637255,15.228240395327276,15.496196286045858,455120400
2012-12-28,15.37700080871582,15.524559103157264,15.332643396910955,15.398124767078697,354278400
2012-12-31,16.058366775512695,16.155833881092345,15.359206562858807,15.405373749919963,659492400
2013-01-02,16.56711196899414,16.747258656453155,16.343816519107673,16.711651862584453,560518000
2013-01-03,16.35799789428711,16.586424459789775,16.32480517518126,16.532410750692787,352965200
2013-01-04,15.902353286743164,16.253291750454373,15.867047846235717,16.203200504914253,594333600
2013-01-07,15.808807373046875,15.971752554627331,15.546282431791802,15.75147391386213,484156400
2013-01-08,15.851360321044922,16.04991399098053,15.72885002510493,15.969044077787323,458707200
2013-01-09,15.603615760803223,15.842301313336305,15.570120077097082,15.766560941024307,407604400
2013-01-10,15.797045707702637,15.954257117012283,15.555944379752821,15.949127610115255,601146000
2013-01-11,15.700179100036621,15.851658252223135,15.6615539064708,15.721301447002041,350506800
2013-01-14,15.140434265136719,15.313941516461746,15.04266581526966,15.168495879456213,734207600
2013-01-15,14.662752151489258,15.057142275340016,14.586106097958975,15.036321287311774,876772400
2013-01-16,15.271384239196777,15.372472382350724,14.861304283900695,14.925878348053525,690804800
2013-01-17,15.16849422454834,15.412009641418653,15.148881876933974,15.398732227121629,453678400
2013-01-18,15.087624549865723,15.154612716782308,14.97899278159012,15.042964160389216,472922800
2013-01-22,15.231551170349121,15.325395464607697,14.985924813432877,15.22521462981326,461546400
2013-01-23,15.5103759765625,15.539947584364652,15.231556809048099,15.35346435212218,861509600
2013-01-24,13.59394645690918,14.053515000129206,13.586401265642918,13.880610544482101,1460852400
2013-01-25,13.273488998413086,13.766853944399083,13.126233631115351,13.629859202687767,1208026400
2013-01-28,13.57372760772705,13.675719831113682,13.152179948925026,13.211625320793349,785517600
2013-01-29,13.828411102294922,13.886650264232875,13.642833501029617,13.835351971451976,571158000
2013-01-30,13.784954071044922,13.959065553954654,13.714646171484702,13.790083576048593,417155200
2013-01-31,13.744519233703613,13.858883184308825,13.729130718579059,13.789480964981767,319334400
2013-02-01,13.688095092773438,13.86492205468344,13.529072336568388,13.853757360881493,539484400
2013-02-04,13.347114562988281,13.758101140169677,13.337458263514023,13.696845199028816,477117200
2013-02-05,13.815431594848633,13.872765054687806,13.344094054672633,13.3993147965803,573347600
2013-02-06,13.800646781921387,14.076748899725118,13.656709603417596,13.774091962263478,593706400
2013-02-07,14.211000442504883,14.265024236566402,13.783048807690147,14.060155583698464,704580800
2013-02-08,14.416168212890625,14.532412771135823,14.211904244454665,14.386424259132006,633158400
2013-02-11,14.566400527954102,14.718460972504868,14.363657050707667,14.462296722949647,517490400
2013-02-12,14.201284408569336,14.64076881460792,14.196428119822556,14.55366035090569,609053200
2013-02-13,14.174270629882812,14.375498621985352,14.05924013555728,14.180340990354715,475207600
2013-02-14,14.161526679992676,14.314799667262399,14.083524557578164,14.098699651507026,355275200
2013-02-15,13.966370582580566,14.269882220942453,13.959086147651124,14.230120941721443,391745200
2013-02-19,13.961204528808594,14.04436765382841,13.774850142240195,13.994895433450095,435783600
2013-02-20,13.623093605041504,13.891397029360894,13.621574799371137,13.891397029360894,476302400
2013-02-21,13.538418769836426,13.63281168887851,13.440081330952172,13.536597661127702,447182400
2013-02-22,13.68257999420166,13.706556697494243,13.554801768883518,13.635232813078327,330654800
2013-02-25,13.439468383789062,13.813393603219973,13.432487065332678,13.774848037189594,372579200
2013-02-26,13.626738548278809,13.704740662576947,13.283467326062604,13.470429585933145,501499600
2013-02-27,13.493191719055176,13.732055138017396,13.37421589446054,13.610346435489973,587350400
2013-02-28,13.396982192993164,13.59335313002659,13.396982192993164,13.477412461018494,322515200
2013-03-01,13.065242767333984,13.29924991452392,13.050370788201239,13.293785779193511,552448400
2013-03-04,12.748981475830078,12.996342552753513,12.717112492943595,12.984201833470681,582755600
2013-03-05,13.085578918457031,13.208500906948014,12.770231325778976,12.792387740876105,638433600
2013-03-06,12.919252395629883,13.210320102286238,12.881920083895363,13.1878597685021,460250000
2013-03-07,13.068581581115723,13.111984258511676,12.779638871379655,12.884046652746408,468473600
2013-03-08,13.103180885314941,13.21578324096538,13.008788801509883,13.044907042855263,391482000
2013-03-11,13.289839744567871,13.324440800231175,12.90346979951235,13.043388775709113,474236000
2013-03-12,13.003326416015625,13.32049590018432,12.977224673285093,13.220944407766158,465911600
2013-03-13,13.000898361206055,13.187557512085352,12.910149297144015,13.003934352292902,405549200
2013-03-14,13.126855850219727,13.191806281823872,13.064635054922578,13.136870730221379,303875600
2013-03-15,13.465572357177734,13.48287247890355,13.27102095549677,13.29166018063823,643960800
2013-03-18,13.831605911254883,13.884415610706116,13.390907510502863,13.398495055104805,606197200
2013-03-19,13.794276237487793,13.990951060387179,13.612471772072057,13.946333504239913,526775200
2013-03-20,13.721128463745117,13.889578131602251,13.645554501406332,13.883204658285589,308660800
2013-03-21,13.740857124328613,13.900200445511672,13.661034717797243,13.664676934214667,383255600
2013-03-22,14.019482612609863,14.025248240238028,13.75239319510675,13.797009135636761,395105200
2013-03-25,14.07016658782959,14.263503919079513,14.015534965269751,14.103855872284957,501135600
2013-03-26,13.996112823486328,14.138762270966001,13.977598625553112,14.126621547579573,294294000
2013-03-27,13.721128463745117,13.864385730206632,13.680154745917394,13.854066927781943,331237200
2013-03-28,13.435222625732422,13.713238671481147,13.403657559488913,13.652536683356098,442839600
2013-04-01,13.017894744873047,13.46678780684489,12.982384348969479,13.412155368696686,389732000
2013-04-02,13.044598579406738,13.298029974846186,12.941708026335986,12.978130178274101,529519200
2013-04-03,13.111373901367188,13.271931277458114,13.06038368745766,13.092555785230093,363216000
2013-04-04,12.981776237487793,13.202732509029996,12.906809307357646,13.165097892790646,358447600
2013-04-05,12.844588279724121,12.897702713646419,12.737751565421979,12.884043998514393,383695200
2013-04-08,12.935943603515625,12.975096207248104,12.82303815678786,12.89466596869191,300829200
2013-04-09,12.959317207336426,13.005450330501947,12.830931907440949,12.940499898498768,306614000
2013-04-10,13.223674774169922,13.265256340409422,12.929875795213293,12.99330984986576,375928000
2013-04-11,13.182398796081543,13.293483164047958,13.087398859118839,13.163883789214681,328364400
2013-04-12,13.04490852355957,13.176935238195336,13.023359145614105,13.176935238195336,238613200
2013-04-15,12.742913246154785,12.986936071294581,12.733807705170678,12.959923371606083,317520000
2013-04-16,12.936859130859375,12.948088084393147,12.76476802248691,12.795119020746471,305771200
2013-04-17,12.225424766540527,12.765675466541659,12.083078469914987,12.755658967190756,945056000
2013-04-18,11.899153709411621,12.316177801010125,11.829042252790211,12.291897166514808,666299200
2013-04-19,11.853019714355469,12.12830451669869,11.68821224415994,11.775320711809881,609274400
2013-04-22,12.100076675415039,12.207217332782696,11.875479799154311,11.91705974639661,429920400
2013-04-23,12.326497077941895,12.394786613861413,12.104325914969174,12.26154502491956,664238400
2013-04-24,12.306158065795898,12.603295281449727,11.912807675937419,11.944373546086878,969651200
2013-04-25,12.39478588104248,12.563537856592914,12.352901202575081,12.48128649506774,384837600
2013-04-26,12.662481307983398,12.710132420147078,12.39083876586416,12.438186765247004,764097600
2013-04-29,13.054618835449219,13.160847711138286,12.747465082688162,12.761122988366814,640326400
2013-04-30,13.438860893249512,13.5138286172239,13.113800842096557,13.205764762173294,691538400
2013-05-01,13.332938194274902,13.504118308231714,13.184218414189989,13.489853366273815,506909200
2013-05-02,13.522025108337402,13.615201486971564,13.373607643411484,13.408510997611026,421828400
2013-05-03,13.657393455505371,13.756034797546695,13.632201051627197,13.697759330796721,361300800
2013-05-06,13.983060836791992,14.028282999026242,13.788812531195802,13.831303436275146,496641600
2013-05-07,13.9208402633667,14.136029291169434,13.770298553564947,14.112355693912347,483753200
2013-05-08,14.0780611038208,14.12449896827689,13.834342145955294,13.93237565645494,472598000
2013-05-09,13.955238342285156,14.14557720045161,13.918881848400119,14.048116930446804,398487600
2013-05-10,13.839142799377441,14.045063966290774,13.763068598193904,13.991903071713713,334852000
2013-05-13,13.893218994140625,13.98976391661551,13.794231486758779,13.794536605915493,316948800
2013-05-14,13.560812950134277,13.907272449270424,13.508568235106058,13.86602752331957,447118000
2013-05-15,13.102226257324219,13.473433854310915,12.903944514581156,13.417218511552184,741613600
2013-05-16,13.277291297912598,13.37719661168965,12.798236266755126,12.930831753757882,603204000
2013-05-17,13.236960411071777,13.44563088231195,13.168218869943546,13.413856887506334,427904400
2013-05-20,13.532400131225586,13.620084355733312,13.140417489017338,13.195716661784177,451578400
2013-05-21,13.432493209838867,13.610305853898877,13.26567953834746,13.386359854193614,456022000
2013-05-22,13.484127044677734,13.697991892349522,13.388499121258649,13.566617713363529,443038400
2013-05-23,13.508264541625977,13.631083975076269,13.314259341133463,13.319147774205309,353021200
2013-05-24,13.600224494934082,13.615805965542002,13.453880718866259,13.468851135414525,276166800
2013-05-28,13.4868745803833,13.78231225246218,13.46884971126916,13.745345525328121,386145200
2013-05-29,13.594114303588867,13.67202247445655,13.424550468897865,13.44288209115845,330576400
2013-05-30,13.796671867370605,13.885884115360804,13.580668775965112,13.615498036437693,353519600
2013-05-31,13.740152359008789,13.965320459615251,13.733124829955804,13.824779668472953,384302800
2013-06-03,13.770403861999512,13.820508679548702,13.518655218256075,13.770708981215407,372352400
2013-06-04,13.727317810058594,13.883744355644422,13.668658263377086,13.846776000128221,292728800
2013-06-05,13.599002838134766,13.770399836336681,13.55622986836596,13.615500482466429,290589600
2013-06-06,13.395833969116211,13.656748391861253,13.261100194332135,13.610003971069226,416934000
2013-06-07,13.498181343078613,13.541870485991428,13.221990610130314,13.335950156308225,404535600
2013-06-10,13.408968925476074,13.720293224834984,13.345115814512873,13.587392635382868,450153200
2013-06-11,13.36955738067627,13.527206080163346,13.238795062440792,13.312731795056088,286112400
2013-06-12,13.20427131652832,13.481073113174869,13.18319035798151,13.427607103139122,265227200
2013-06-13,13.319453239440918,13.355504618455898,13.099173521290274,13.213744134822042,285832400
2013-06-14,13.138887405395508,13.329532165592713,13.091531130462513,13.302340671742614,271866000
2013-06-17,13.198465347290039,13.31150790367631,13.148360544797155,13.181356649017955,259414400
2013-06-18,13.191438674926758,13.287066598391663,13.143778088583428,13.185023015032819,195025600
2013-06-19,12.923498153686523,13.188078037385944,12.923498153686523,13.180134334535943,310940000
2013-06-20,12.735299110412598,13.014543509396862,12.684277313564145,12.81045713782967,357310800
2013-06-21,12.633252143859863,12.831840619636013,12.46827163891437,12.785706449408977,481118400
2013-06-24,12.298404693603516,12.485383173374315,12.161225900389091,12.446887580014838,480746000
2013-06-25,12.301152229309082,12.458800078082495,12.185054419803667,12.394946976306969,314162800
2013-06-26,12.161837577819824,12.367146861936128,12.088206781980436,12.339955362203966,367724000
2013-06-27,12.03077220916748,12.26327306446572,12.023440373488206,12.197892702683466,337246000
2013-06-28,12.114789009094238,12.229052880111828,11.88076014765744,11.956835171101268,578516400
2013-07-01,12.502488136291504,12.595672637097664,12.258072274497088,12.302984330545275,391053600
2013-07-02,12.785706520080566,12.881640369329068,12.510128500184049,12.52509891572359,469865200
2013-07-03,12.856287002563477,12.922891100484192,12.753938270317697,12.858120165327168,240928800
2013-07-05,12.753018379211426,12.932359090898474,12.689776317821021,12.843758691627063,274024800
2013-07-08,12.680606842041016,12.862391729359043,12.54617823012611,12.835201051065408,298138400
2013-07-09,12.90363883972168,12.938773223476078,12.537931560939144,12.636308814443248,352584400
2013-07-10,12.854143142700195,12.978490597870206,12.77837489068434,12.8196198138473,281405600
2013-07-11,13.054564476013184,13.083895068672389,12.867586842769468,12.921969018338839,326292400
2013-07-12,13.03073501586914,13.130945433029371,12.936024085183043,13.065564281045473,279563200
2013-07-15,13.059149742126465,13.181969177448858,12.978493042691419,12.98490951910933,241917200
2013-07-16,13.143472671508789,13.159053326376148,12.959243542726087,13.031040355565226,216538000
2013-07-17,13.146832466125488,13.205187722212122,13.082979355032247,13.12819654062972,198990400
2013-07-18,13.191128730773926,13.286144749580625,13.155994357944694,13.240622461244158,218878800
2013-07-19,12.983075141906738,13.258959127264731,12.964743519323106,13.232073563301952,268721600
2013-07-22,13.02462387084961,13.129722715553493,12.998960417654576,13.120862840114066,207796400
2013-07-23,12.800986289978027,13.044485247169577,12.792431531979338,13.015155464143556,369395600
2013-07-24,13.458466529846191,13.583118325398559,13.298068470916665,13.410194063075458,591936800
2013-07-25,13.397055625915527,13.485656846924787,13.314870881460669,13.46427076728116,229493600
2013-07-26,13.473128318786621,13.47465554600039,13.26995733393872,13.299287112551001,200152400
2013-07-29,13.680883407592773,13.748097729421355,13.44899367095353,13.46732447880378,248057600
2013-07-30,13.849832534790039,13.96684651289034,13.724874039372994,13.747177101028896,309422400
2013-07-31,13.82569694519043,13.972651766953113,13.730986018814626,13.900855774423256,322957600
2013-08-01,13.952488899230957,13.956155223669048,13.848001100224936,13.924076924402076,206250800
2013-08-02,14.13152027130127,14.140992015072635,13.951875311916705,13.993120228204834,274783600
2013-08-05,14.342639923095703,14.379913409788708,14.119610872903953,14.197212301161674,318855600
2013-08-06,14.214319229125977,14.417184271600512,14.1202185404032,14.298948172495102,334857600
2013-08-07,14.20606803894043,14.26778367323751,14.107995917666626,14.170016671031323,298858000
2013-08-08,14.177777290344238,14.27280643596237,14.083669545902962,14.265425371989473,255777200
2013-08-09,13.976029396057129,14.16085981651724,13.951427495598853,14.104887577668348,266865200
2013-08-12,14.373066902160645,14.412738077580418,14.043078734177543,14.050152666136347,364434000
2013-08-13,15.056102752685547,15.212639107332963,14.394280552549205,14.483160445441143,881941200
2013-08-14,15.330732345581055,15.507565797355474,15.173888862241856,15.311665420631217,756372400
2013-08-15,15.312591552734375,15.450676929899734,15.041036017256511,15.266769491960101,490294000
2013-08-16,15.448519706726074,15.467279498925985,15.341804705990917,15.381475868729197,362306000
2013-08-19,15.614898681640625,15.799420353519082,15.499879565138642,15.510335251211062,510518400
2013-08-20,15.409768104553223,15.701929414053328,15.402079908370485,15.675481427911347,358688400
2013-08-21,15.449441909790039,15.596751108781145,15.413766771967696,15.48726862583379,335879600
2013-08-22,15.467890739440918,15.548773644877008,15.321502962187678,15.530013856348173,244207600
2013-08-23,15.408234596252441,15.479890376178892,15.356875922045509,15.477430021399169,222731600
2013-08-26,15.468205451965332,15.690555512019245,15.39224322534604,15.399931423893172,330965600
2013-08-27,15.025964736938477,15.454058255426016,14.955539134575023,15.315356986879843,424188800
2013-08-28,15.097009658813477,15.247703959095269,14.946317000958475,14.946317000958475,307608000
2013-08-29,15.121606826782227,15.269224799355055,15.10407721306953,15.12006951595724,239657600
2013-08-30,14.983835220336914,15.1600528167056,14.961692024409553,15.130837331676975,272297200
2013-09-03,15.025656700134277,15.395315949316737,14.987829979582264,15.164663451639628,331928800
2013-09-04,15.336569786071777,15.445746745010258,15.262453687068305,15.363326542018806,345032800
2013-09-05,15.231395721435547,15.397775119426422,15.181267236957806,15.38455030513414,236367600
2013-09-06,15.322117805480957,15.357791293354097,15.06778488908449,15.328884599681572,359525600
2013-09-09,15.56661605834961,15.620435089548359,15.483888678514106,15.530633778823786,340687200
2013-09-10,15.21202564239502,15.60598133481352,15.05395195143469,15.567538701396192,743195600
2013-09-11,14.383828163146973,14.56773392884537,14.294641126307813,14.36229923826598,898696400
2013-09-12,14.53698444366455,14.62032610400135,14.331548063935577,14.408126210935228,404051200
2013-09-13,14.297407150268555,14.510530016864083,14.291257906562558,14.433953537550961,298835600
2013-09-16,13.842867851257324,14.19622764984299,13.753682462691472,14.177469499480923,543706800
2013-09-17,14.002788543701172,14.137797634020478,13.762294619550678,13.776440837904715,399380800
2013-09-18,14.290644645690918,14.342003322595115,14.167014275156548,14.244513812361586,456862000
2013-09-19,14.524986267089844,14.633547363686892,14.431187298487808,14.475780816199485,404541200
2013-09-20,14.374602317810059,14.717197708248131,14.331238972803101,14.700283999935063,699302800
2013-09-23,15.089009284973145,15.28183505282612,14.841748584248343,15.256924374044264,762106800
2013-09-24,15.041650772094727,15.237551194300693,15.002286735884203,15.219407308623817,364344400
2013-09-25,14.808846473693848,15.058258818463203,14.805771850963048,15.04472850753568,316957200
2013-09-26,14.953081130981445,15.02504405578709,14.881732473752598,14.946315975503312,237221600
2013-09-27,14.84636116027832,14.905408022057703,14.7839309006723,14.878036990610639,228040400
2013-09-30,14.661846160888672,14.81284596042733,14.589881584966184,14.677222561285475,260156400
2013-10-01,15.00658893585205,15.042878343345103,14.711967234339534,14.714120455123576,353883600
2013-10-02,15.055794715881348,15.124683000656834,14.877116805087166,14.934933494419514,289184000
2013-10-03,14.866657257080078,15.141596087703759,14.784545810717516,15.08500794166672,322753200
2013-10-04,14.85497760772705,14.903260025578984,14.718738312533054,14.880502561152124,258868400
2013-10-07,15.000136375427246,15.150829036632212,14.926327356333076,14.96353982090987,312292400
2013-10-08,14.79069709777832,15.089007658743688,14.778395326566665,15.067478737910259,290917200
2013-10-09,14.964455604553223,15.001359279032888,14.70889244407833,14.904485696400835,301725200
2013-10-10,15.058262825012207,15.142527547861805,14.978302903616438,15.109930297020835,278602800
2013-10-11,15.155747413635254,15.187423252506942,14.920481304151831,14.976760693075262,267738800
2013-10-14,15.255080223083496,15.302441232150638,15.04933838916709,15.064100518085645,261898000
2013-10-15,15.336273193359375,15.438376295284339,15.239092444432337,15.300290907914404,320073600
2013-10-16,15.41099739074707,15.454667853572412,15.35318071346031,15.401155974625762,251101200
2013-10-17,15.515256881713867,15.52386812351916,15.367024610988837,15.376250120281291,253593200
2013-10-18,15.65027141571045,15.661650150014975,15.55247474200539,15.561085986803112,290542000
2013-10-21,16.033767700195312,16.124183285209508,15.731150596855333,15.738838795828112,398106800
2013-10-22,15.987942695617676,16.25181000640073,15.623818387723889,16.189072599768643,534063600
2013-10-23,16.14447593688965,16.166311992674434,15.961182819964039,15.961182819964039,313723200
2013-10-24,16.358217239379883,16.375439722749473,16.067287679091063,16.14570861304564,384764800
2013-10-25,16.175233840942383,16.39881243471926,16.14909298057998,16.340072692949914,337792000
2013-10-28,16.29578971862793,16.33023469117912,16.090662121983076,16.269955989214537,550440800
2013-10-29,15.889832496643066,16.583944711670245,15.824020487442853,16.492298984159323,635807200
2013-10-30,16.142635345458984,16.223209507202995,15.90029530784374,15.97994806829258,354163600
2013-10-31,16.074974060058594,16.222284925891067,16.030996450894573,16.14570843763056,275696400
2013-11-01,15.9928617477417,16.1395566959058,15.86400354928719,16.11556905967112,274890000
2013-11-04,16.199525833129883,16.201679053917285,15.955341398251665,16.025766992563632,244627600
2013-11-05,16.159549713134766,16.265343338885657,16.084203392029984,16.132794583526113,265213200
2013-11-06,16.113771438598633,16.235648924796365,16.029632607700137,16.213685371031556,223375600
2013-11-07,15.852995872497559,16.18398211459583,15.849594372782155,16.07231413340946,262620400
2013-11-08,16.102636337280273,16.120268306134278,15.856097700352757,15.9176551278275,279316800
2013-11-11,16.05592155456543,16.136966136427173,15.912391134219883,16.08499868134085,227452400
2013-11-12,16.085615158081055,16.206564154258878,15.992505923743188,16.01323045568493,204276800
2013-11-13,16.104801177978516,16.154913434287263,15.991274631742042,16.02344599322937,197220800
2013-11-14,16.337726593017578,16.3723710178391,16.143155467814722,16.172232599152455,282419200
2013-11-15,16.239662170410156,16.3664873841489,16.22419600327427,16.288845969595123,317920400
2013-11-18,16.04293441772461,16.30772453442749,16.029634035091547,16.23967137802626,244944000
2013-11-19,16.07138442993164,16.189858705211446,16.022509558089585,16.055298757221617,208938800
2013-11-20,15.930642127990723,16.098301900746144,15.90991759061471,16.061490034157885,193916800
2013-11-21,16.12057113647461,16.122736928887754,15.889500414574407,16.01106728437301,262026800
2013-11-22,16.079118728637695,16.15212128905448,16.039833802484466,16.070457211908455,223725600
2013-11-25,16.20099639892578,16.26688372997842,16.11623974772964,16.11685760149725,229311600
2013-11-26,16.499813079833984,16.584571392207238,16.209041814079175,16.21275224111676,401382800
2013-11-27,16.888341903686523,16.889579263821002,16.499819081541727,16.589835792312783,363448400
2013-11-29,17.201078414916992,17.27098678421551,16.94556933020978,16.997227876608736,318127600
2013-12-02,17.05136489868164,17.45658969226998,17.038682367564,17.2607827776875,472544800
2013-12-03,17.518142700195312,17.51999956633689,17.25087952903503,17.270057784406518,450968000
2013-12-04,17.47730255126953,17.606913063429115,17.348000965970527,17.49276871848221,377809600
2013-12-05,17.567018508911133,17.79097574058917,17.520928908225226,17.71395213607361,447580000
2013-12-06,17.323253631591797,17.53143564155775,17.309335402829305,17.501739014823674,344352400
2013-12-09,17.521535873413086,17.618975033893864,17.35047465557878,17.35047465557878,320493600
2013-12-10,17.494312286376953,17.56638805058008,17.359752357295996,17.433374407577055,278269600
2013-12-11,17.364713668823242,17.661984066557352,17.313056775196625,17.53917814051169,359718800
2013-12-12,17.33934783935547,17.48782774208156,17.323572737649474,17.38884224160823,262290000
2013-12-13,17.15034294128418,17.411729843092903,17.126834755920875,17.4108014101924,332822000
2013-12-16,17.245309829711914,17.404308116182985,17.168287884570443,17.168596811575174,282592800
2013-12-17,17.167667388916016,17.305319967836624,17.11786406338292,17.193032442162945,229902400
2013-12-18,17.037128448486328,17.058163567939708,16.66685715119235,17.004030308358438,565863200
2013-12-19,16.84193992614746,17.01331015643188,16.81935851910871,16.997843982410608,320308800
2013-12-20,16.982988357543945,17.063106144222814,16.853068917211832,16.871938236127356,436413600
2013-12-23,17.63475227355957,17.654239445396104,17.408011529092278,17.570100656924883,501306400
2013-12-24,17.55989646911621,17.69012484547656,17.509164727271102,17.628567446517543,167554800
2013-12-26,17.443279266357422,17.61650631890984,17.427193590388942,17.57319872976393,204008000
2013-12-27,17.325422286987305,17.459053825345254,17.30717247113565,17.4408040094936,225884400
2013-12-30,17.15313148498535,17.32543017793082,17.085078325159515,17.24407663480261,253629600
2013-12-31,17.354188919067383,17.362230930069913,17.13703644982961,17.142296466886318,223084400
2014-01-02,17.110126495361328,17.23076658219725,17.075791004374587,17.18900693337302,234684800
2014-01-03,16.734285354614258,17.127755745615204,16.717271249259735,17.101772849313047,392467600
2014-01-06,16.825538635253906,16.914316289127452,16.505997562653175,16.62509135054919,412610800
2014-01-07,16.70520782470703,16.88833206184357,16.63962942781241,16.83760197790967,317209200
2014-01-08,16.811004638671875,16.87596354941266,16.663453201228172,16.6671636285704,258529600
2014-01-09,16.596328735351562,16.916178842374002,16.5601363704948,16.914321976475748,279148800
2014-01-10,16.48558807373047,16.72872352576607,16.42898009411809,16.69871795949923,304976000
2014-01-13,16.57188606262207,16.781303784698217,16.390925956453184,16.391854389063184,378492800
2014-01-14,16.901636123657227,16.91215285392977,16.631587768217237,16.648910802090604,332561600
2014-01-15,17.240976333618164,17.328827225935846,17.064656695100986,17.12219309883261,391638800
2014-01-16,17.144777297973633,17.225204044732195,17.065277332188934,17.164883984663273,229278000
2014-01-17,16.724702835083008,17.077342173100956,16.70088406821548,17.0590923522114,426739600
2014-01-21,16.984540939331055,17.01547328252543,16.716967249814573,16.734599214080415,328526800
2014-01-22,17.06001853942871,17.238811252872043,16.945565233136684,17.041458141972107,379985200
2014-01-23,17.204471588134766,17.214370464379897,16.852760814630706,17.011448457400856,403239200
2014-01-24,16.891740798950195,17.18715260951153,16.8509079248057,17.137040362705722,429354800
2014-01-27,17.028778076171875,17.161791812035702,16.881846103874885,17.01547769379521,554878800
2014-01-28,15.667716979980469,15.930648607018242,15.530680567142847,15.737625358204356,1065523200
2014-01-29,15.489845275878906,15.694624219841105,15.423957922828702,15.588832420963662,502810000
2014-01-30,15.459834098815918,15.667707193250662,15.364560720216648,15.545210253313156,678501600
2014-01-31,15.485203742980957,15.513971947239364,15.267124432785488,15.317545608975385,464797200
2014-02-03,15.513972282409668,15.705759764270555,15.444992358511575,15.547380999952265,401464000
2014-02-04,15.738550186157227,15.759276381406112,15.552022688998262,15.647606694331056,376681200
2014-02-05,15.856094360351562,15.939304746572205,15.65997695103636,15.669566903030857,328344800
2014-02-06,15.948518753051758,15.979327143234885,15.802261163966842,15.872278872824609,257765200
2014-02-07,16.17163848876953,16.27277370655865,16.100066895814045,16.224540242983043,370280400
2014-02-10,16.46134376525879,16.554699561541096,16.119352170813634,16.139889980662616,345559200
2014-02-11,16.678237915039062,16.733938281390092,16.47721071267144,16.51175338228017,282256800
2014-02-12,16.6769962310791,16.79026829963343,16.593600214879615,16.709049377976125,308100800
2014-02-13,16.941816329956055,16.95488554532398,16.623473576729733,16.637787558413855,307398000
2014-02-14,16.928119659423828,16.9900471896955,16.841612568388985,16.880820208519122,272924400
2014-02-18,16.990365982055664,17.152180669141064,16.97853986732172,16.99067675825792,260251600
2014-02-19,16.722122192382812,17.01836998050353,16.628144811717426,16.95177580174137,313768000
2014-02-20,16.528560638427734,16.710603955440153,16.461655701772425,16.58581822158103,305858000
2014-02-21,16.344959259033203,16.63498309057782,16.324732226928262,16.57959183430819,278784800
2014-02-24,16.416528701782227,16.490280662623434,16.256892883345998,16.2796094445416,288909600
2014-02-25,16.245689392089844,16.479387938740867,16.212703929364295,16.473476547622628,231952000
2014-02-26,16.09912872314453,16.33718489335932,16.044671440166667,16.293930507859294,276217200
2014-02-27,16.420276641845703,16.454817672819072,16.05867937860544,16.092598857154634,301882000
2014-02-28,16.375774383544922,16.578355564127506,16.24756509408559,16.464149482520614,371968800
2014-03-03,16.423072814941406,16.513005112828868,16.269035876361826,16.288018149091076,238781200
2014-03-04,16.53135871887207,16.574925529891853,16.42337817417631,16.52389178460116,259140000
2014-03-05,16.566213607788086,16.6405854761623,16.46569998862559,16.521403688747753,200062800
2014-03-06,16.516115188598633,16.63094280826236,16.43365149438909,16.579596611239023,185488800
2014-03-07,16.5064640045166,16.554386662621496,16.36985384988765,16.526691035720468,220729600
2014-03-10,16.52140998840332,16.596405099394058,16.441123372883162,16.441746587141495,178584000
2014-03-11,16.682289123535156,16.764752826544335,16.573374547952536,16.66237452149648,279224400
2014-03-12,16.698469161987305,16.721496508563398,16.555013579102752,16.633121421317664,199326400
2014-03-13,16.512998580932617,16.793375047474232,16.466631464871075,16.724293030253936,257742800
2014-03-14,16.327537536621094,16.520471321145305,16.274946577629358,16.4551219234688,237199200
2014-03-17,16.391324996948242,16.491836935054526,16.363629371145645,16.421199378552053,199544800
2014-03-18,16.536344528198242,16.55408203587263,16.34341070069568,16.36519328413878,209647200
2014-03-19,16.53199005126953,16.68695934323866,16.461661567038774,16.563109217279763,224756000
2014-03-20,16.452327728271484,16.575868748061566,16.410318097828316,16.489358291826143,208398400
2014-03-21,16.58209228515625,16.609477155297952,16.378578725997826,16.5528410957301,374046400
2014-03-24,16.778759002685547,16.819523862190422,16.650238929299334,16.754797661239046,355700800
2014-03-25,16.959243774414062,16.982894337737964,16.79120362197433,16.850641637382903,282293200
2014-03-26,16.797109603881836,17.084022342491284,16.7684816485567,17.006848514473567,299768000
2014-03-27,16.72492218017578,16.850641936063564,16.65210583203408,16.804585575090133,222031600
2014-03-28,16.70625114440918,16.770977342959657,16.625032204584283,16.751684292430156,200564000
2014-03-31,16.702516555786133,16.8291686288388,16.677308789720932,16.780001186919037,168669200
2014-04-01,16.85531234741211,16.862159395721655,16.703454122573984,16.734260854252152,200760000
2014-04-02,16.883319854736328,16.912260269039287,16.81205902868278,16.878030011005634,180420800
2014-04-03,16.766311645507812,16.881760840837174,16.730525851717474,16.847219813663145,162344000
2014-04-04,16.549415588378906,16.803964556844402,16.510829483344324,16.798053161564532,275251200
2014-04-07,16.28957176208496,16.520782530633184,16.240405986397583,16.431161019495637,289850400
2014-04-08,16.28864288330078,16.372040580638533,16.14114053928874,16.34310017369103,243888400
2014-04-09,16.502735137939453,16.50802497948995,16.24445193507141,16.26374498268678,206169600
2014-04-10,16.28988265991211,16.56247980452374,16.280235306583265,16.513933923716007,239652000
2014-04-11,16.169458389282227,16.269659597946106,16.092595305662165,16.150474454056454,271717600
2014-04-14,16.23387336730957,16.248808902741715,16.094773625445207,16.240718751803282,205674000
2014-04-15,16.118106842041016,16.232621996277288,15.911791436887505,16.189990835907093,266490000
2014-04-16,16.150785446166992,16.215511635350616,15.999238049308042,16.12091105335715,214765600
2014-04-17,16.33531951904297,16.423074732334726,16.15669966885388,16.181595000554328,284334400
2014-04-21,16.52918815612793,16.559371666881383,16.304822730003615,16.347766344025704,182548800
2014-04-22,16.54568099975586,16.549726075498064,16.383864674831056,16.440188282875038,202563200
2014-04-23,16.329404830932617,16.527940906441973,16.320068252475593,16.463525495086635,394940000
2014-04-24,17.668121337890625,17.737515818745177,17.449047435679493,17.681813768385897,759911600
2014-04-25,17.797889709472656,17.799443590412977,17.54956457806681,17.567300425548193,390275200
2014-04-28,18.487165451049805,18.53882244309391,17.816872645105565,17.824653684154256,669485600
2014-04-29,18.432382583618164,18.54596539759577,18.344629078219675,18.4762601672693,337377600
2014-04-30,18.362686157226562,18.653333325194748,18.35366201536396,18.44203877705265,456640800
2014-05-01,18.40593910217285,18.5092513828688,18.24661233710697,18.422119402419867,244048000
2014-05-02,18.440170288085938,18.490584162092844,18.350861200389968,18.432703351019413,191514400
2014-05-05,18.700950622558594,18.702197051462875,18.359892774338093,18.364250289787456,287067200
2014-05-06,18.497119903564453,18.808303236894155,18.497119903564453,18.727084295490346,374564400
2014-05-07,18.432382583618164,18.586730235463307,18.28923782516717,18.52324883480025,282864400
2014-05-08,18.399532318115234,18.600429003280038,18.349777750262387,18.40766765454905,230297200
2014-05-09,18.32286262512207,18.345079375101353,18.159828379524125,18.29156966263056,291597600
2014-05-12,18.55098533630371,18.57695724520641,18.381067452146844,18.383885072532273,213208800
2014-05-13,18.580089569091797,18.604497252534614,18.484337249301333,18.525015607581487,159737200
2014-05-14,18.583532333374023,18.69399444022596,18.516880389176382,18.538472122973577,166404000
2014-05-15,18.425506591796875,18.668960075286474,18.401098908179247,18.60950593270648,230846000
2014-05-16,18.69743537902832,18.698060402844366,18.318485444783647,18.419558814822313,276256400
2014-05-19,18.918973922729492,19.004714106662256,18.691791263261525,18.708063598724994,317755200
2014-05-20,18.922739028930664,18.975622058017066,18.79819551800805,18.916480435076267,234836000
2014-05-21,18.972810745239258,18.985013752847603,18.83981935350214,18.895205833665894,196859600
2014-05-22,19.00284767150879,19.08358270506476,18.90365270873197,18.981882633298074,200760000
2014-05-23,19.21751594543457,19.236291731556808,18.977817591761887,19.00222527812729,232209600
2014-05-27,19.577375411987305,19.584571542451254,19.264452363949097,19.27227518947203,348866000
2014-05-28,19.526674270629883,19.708795128496703,19.519476471692194,19.5895710342284,315481600
2014-05-29,19.882474899291992,19.929101013875268,19.644340792789134,19.64684423076927,376474000
2014-05-30,19.807992935180664,20.157526562532972,19.679694292055945,19.963827714903395,564020800
2014-06-02,19.6718807220459,19.865267148801102,19.47943350243078,19.838043511235274,369350800
2014-06-03,19.950061798095703,19.987613359787737,19.65935722720603,19.665928332705498,292709200
2014-06-04,20.17786979675293,20.273937956332677,19.90531430899055,19.946933539157968,335482000
2014-06-05,20.257036209106445,20.320247161216756,20.10871173671859,20.22105055365511,303805600
2014-06-06,20.201332092285156,20.379386939016513,20.166912344356795,20.33682851501459,349938400
2014-06-09,20.524585723876953,20.564014024989334,20.097447187814854,20.305539977960716,301660000
2014-06-10,20.645063400268555,20.820300681159253,20.49611221286743,20.750206103040288,251108000
2014-06-11,20.559642791748047,20.756784383094445,20.474215047362467,20.618784433558396,182724000
2014-06-12,20.21573829650879,20.61659253566515,20.130310563073753,20.599068469527978,218996000
2014-06-13,19.99449920654297,20.248593122097372,19.906880557345353,20.196020929866766,218100000
2014-06-16,20.196022033691406,20.31649789182114,20.031737684161854,20.04488156853126,142244000
2014-06-17,20.169736862182617,20.30554418321693,20.10840430801399,20.22011645831252,118904000
2014-06-18,20.191640853881836,20.21573602431548,20.009832448314068,20.21135417268023,134056000
2014-06-19,20.12154769897461,20.217928387561535,20.00764294497427,20.215737461588144,142112000
2014-06-20,19.913454055786133,20.272689026435387,19.911263129900515,20.119355966991034,403592000
2014-06-23,19.895931243896484,20.068977633647556,19.845549972475528,20.003263222435336,174776000
2014-06-24,19.775453567504883,20.095260218966754,19.755740248660558,19.878405355745453,156144000
2014-06-25,19.792972564697266,19.867447311737006,19.637450294832234,19.76011537051478,147476000
2014-06-26,19.911264419555664,19.944121625220962,19.670314363321648,19.795170407900258,130516000
2014-06-27,20.1478328704834,20.152213051041876,19.882785989059023,19.89373894723539,256116000
2014-06-30,20.355924606323242,20.531161900554732,20.171925280261508,20.174116206015743,197929200
2014-07-01,20.485157012939453,20.605632839257716,20.399729307436097,20.485157012939453,152892000
2014-07-02,20.47640037536621,20.603445658443892,20.39097098315027,20.561828096395466,113860000
2014-07-03,20.59687614440918,20.612209283440958,20.415067730756085,20.51801952333523,91567200
2014-07-07,21.021825790405273,21.026205971103284,20.612209540887644,20.6209715734705,225872000
2014-07-08,20.886014938354492,21.203632324341367,20.57277940386354,21.08753665631305,260888000
2014-07-09,20.89478302001953,21.017448158434732,20.756784739302432,20.905735980743962,145744000
2014-07-10,20.8181095123291,20.9298233193713,20.485159016764342,20.53773120312923,158744000
2014-07-11,20.8575439453125,21.004304248535615,20.778687313780402,20.888210227443093,136072000
2014-07-14,21.12696647644043,21.223347162010903,20.95173084135125,20.997730258231663,171240000
2014-07-15,20.879446029663086,21.214585843343908,20.81592254578046,21.20363455582496,181911600
2014-07-16,20.761159896850586,21.26934606740592,20.752397864628815,21.240870716075243,213585200
2014-07-17,20.390974044799805,20.870684912750356,20.277070956720788,20.815923459192053,229192000
2014-07-18,20.68449592590332,20.75239959229165,20.375640531323686,20.50706935440509,199952000
2014-07-21,20.577167510986328,20.809355575256657,20.528977157001044,20.807164648842637,156316000
2014-07-22,20.748018264770508,20.785255649365094,20.61659112013933,20.73925623230352,220788000
2014-07-23,21.289064407348633,21.440204891191193,20.846590902057113,20.90135235866934,371672000
2014-07-24,21.25400733947754,21.317530802990028,21.120389307810985,21.25619826475351,182916000
2014-07-25,21.394189834594727,21.43142719679533,21.16857306560942,21.214572455007662,173876000
2014-07-28,21.689912796020508,21.73810313588963,21.367916897342347,21.427058523699277,221272000
2014-07-29,21.549728393554688,21.781918112345444,21.521253036965184,21.757822937082373,172572000
2014-07-30,21.499340057373047,21.619814213578422,21.394197365177828,21.56286352352631,132040000
2014-07-31,20.940780639648438,21.346015083671375,20.88163900192733,21.282493264750826,227372000
2014-08-01,21.056869506835938,21.164203138605302,20.767729154010343,20.787444142550548,194044000
2014-08-04,20.938587188720703,21.155443733653023,20.84658835394223,21.109444316263787,159832000
2014-08-05,20.83563804626465,20.95830316506975,20.66916276275279,20.888208572725848,223732000
2014-08-06,20.800586700439453,20.914491439889805,20.7458252564078,20.754587287995264,154232000
2014-08-07,20.798385620117188,21.121983127365723,20.71473312425091,20.897445841591345,186844000
2014-08-08,20.855628967285156,20.87324020375129,20.53423145952796,20.749964907488245,167460000
2014-08-11,21.130786895751953,21.150599946015525,20.87763096582242,20.97228921163958,146340000
2014-08-12,21.126388549804688,21.326710833032575,21.04713969416527,21.141797956206833,135180000
2014-08-13,21.405960083007812,21.405960083007812,21.141798345676325,21.16601336753997,127664000
2014-08-14,21.463199615478516,21.478609024945538,21.30910552080828,21.425777003844267,112464000
2014-08-15,21.568862915039062,21.615091138248793,21.322310711754355,21.551251683483123,195804000
2014-08-18,21.82862091064453,21.874849130060053,21.56886114476254,21.681128957843377,190288000
2014-08-19,22.13020133972168,22.163221970471444,21.86383782947191,21.883650879721387,277596000
2014-08-20,22.13900375366211,22.25347335361908,22.002519283387553,22.110386773547567,210796000
2014-08-21,22.141218185424805,22.220467061101587,22.037754282207903,22.139016361239403,133912000
2014-08-22,22.30411720275879,22.33713784650013,22.055364821640126,22.07737802430112,176736000
2014-08-25,22.352540969848633,22.491225619158733,22.29530531542733,22.40757480077317,161080000
2014-08-26,22.209457397460938,22.343740107838457,22.202853605065254,22.326128875116908,132608000
2014-08-27,22.482421875,22.579281962924796,22.167628268743787,22.238071511007444,209476000
2014-08-28,22.508840560913086,22.625512032997896,22.35694662506708,22.363550417147426,273840000
2014-08-29,22.563867568969727,22.651922022211846,22.497826309163383,22.643116408937736,178380000
2014-09-02,22.739986419677734,22.836844849051275,22.612307490617457,22.687152716928814,214256000
2014-09-03,21.780187606811523,22.71796279655665,21.70093876267826,22.69594960196388,501684000
2014-09-04,21.599687576293945,22.033352934105498,21.527042486089496,21.760385489109918,342872000
2014-09-05,21.786792755126953,21.87924918587852,21.641502638660896,21.74937015403692,233828000
2014-09-08,21.652517318725586,21.86164526958883,21.584275884559638,21.859445124905886,185426800
2014-09-09,21.571056365966797,22.691545853413746,21.16380641972536,21.811004702838115,759385200
2014-09-10,22.233675003051758,22.25789003097942,21.520436790045483,21.57547063906294,403478400
2014-09-11,22.328325271606445,22.330527095036327,21.929880885256264,22.10378798723486,249412400
2014-09-12,22.37895965576172,22.49563111820736,22.251280754425235,22.279897744242295,250504400
2014-09-15,22.372350692749023,22.68494410576447,22.33052612639063,22.632110422734215,245266000
2014-09-16,22.202850341796875,22.290904812963202,21.769183456889685,21.96950742078056,267632400
2014-09-17,22.361347198486328,22.409777239749918,22.14341201280018,22.293104104206144,243706000
2014-09-18,22.40757942199707,22.53085469125193,22.35694754812478,22.438398239310786,149197600
2014-09-19,22.224864959716797,22.53085296495814,22.123602899230406,22.517645381264096,283609600
2014-09-22,22.246875762939453,22.48462232082246,22.141211745768743,22.40977711528481,211153600
2014-09-23,22.59468650817871,22.66072776837233,22.132402725320414,22.145610305559533,253608800
2014-09-24,22.398773193359375,22.64092175684714,22.27769807186573,22.48902949838183,240687200
2014-09-25,21.54463768005371,22.16982098847729,21.511617056411918,22.12579460995402,400368000
2014-09-26,22.178632736206055,22.178632736206055,21.661315087688177,21.689932073695847,249482000
2014-09-29,22.037742614746094,22.11038765890591,21.711941667286204,21.716345313325576,199065200
2014-09-30,22.178632736206055,22.352539834635312,22.130202698732194,22.191840317517418,221056400
2014-10-01,21.83302116394043,22.165425968300916,21.727355471074457,22.143411092641898,205965200
2014-10-02,21.991519927978516,22.061963166799195,21.58206807748978,21.852833594410182,191031200
2014-10-03,21.92988395690918,22.059763005977832,21.80220505207939,21.890259527117156,173878400
2014-10-06,21.92988395690918,22.156623096469318,21.885855879640587,22.002527345278374,148204800
2014-10-07,21.73836326599121,22.03994926478216,21.733961298486626,21.88805535363573,168376800
2014-10-08,22.189640045166016,22.25788145421184,21.641501910929787,21.740563808688943,229618800
2014-10-09,22.238073348999023,22.537457573238722,22.14781872465444,22.35254467682571,309506000
2014-10-10,22.174232482910156,22.46040740360441,22.07957422403069,22.165426868188895,265326400
2014-10-13,21.971704483032227,22.405371307110563,21.971704483032227,22.306311090630352,214333600
2014-10-14,21.73836326599121,22.128002050867796,21.69873884045298,22.099385063339888,254754400
2014-10-15,21.472002029418945,21.826420073794125,20.95248247416711,21.56666029616821,403734400
2014-10-16,21.19022560119629,21.511622955143274,21.0031109219154,21.03392973123229,288618000
2014-10-17,21.5006103515625,21.793390649222662,21.31129389439117,21.46318776059808,272718800
2014-10-20,21.96070098876953,22.004727382965225,21.62169237906497,21.64370557616282,310069200
2014-10-21,22.557266235351562,22.678339652182622,22.293102846858083,22.678339652182622,378495600
2014-10-22,22.671737670898438,22.918289850604097,22.58588502464811,22.638717034763854,273052400
2014-10-23,23.076786041259766,23.125216080469,22.81262264907282,22.91168455095513,284298800
2014-10-24,23.162639617919922,23.22207541785189,23.010745703261485,23.153834003207912,188215600
2014-10-27,23.138418197631836,23.21986885156556,23.048161931421586,23.081182557583844,136750800
2014-10-28,23.497243881225586,23.497243881225586,23.19125591694804,23.202263354885773,192243600
2014-10-29,23.629329681396484,23.63593515324029,23.4135979604871,23.47743741898057,210751600
2014-10-30,23.550081253051758,23.631530260338906,23.31233466418764,23.54567760538789,162619200
2014-10-31,23.774616241455078,23.78342185641776,23.600709124815626,23.77681806507058,178557200
2014-11-03,24.082807540893555,24.28092969109412,23.77681953983357,23.823047761630466,209130400
2014-11-04,23.90669822692871,24.102618550404095,23.712979727171984,24.074001560059166,166297600
2014-11-05,23.963932037353516,24.060792119504995,23.803232508283944,24.01676404602738,149743600
2014-11-06,24.032472610473633,24.05237157955681,23.833493040334794,24.010363956767335,139874000
2014-11-07,24.101011276245117,24.16954860776392,23.999310121262265,24.04352742802624,134766000
2014-11-10,24.061208724975586,24.171753649721282,24.025833539401752,24.103214649367402,108782000
2014-11-11,24.253559112548828,24.264614281239382,23.966143281195556,24.03246923299312,109769200
2014-11-12,24.596250534057617,24.636046782168272,24.180602143510125,24.182811827951483,187769600
2014-11-13,24.943357467651367,25.082643469584976,24.673627573649558,24.717846556885277,238091600
2014-11-14,25.244037628173828,25.246248998840226,24.58740054312599,25.016315366201084,176254400
2014-11-17,25.20203399658203,25.92941987670985,25.049483132158237,25.2639388907577,186986800
2014-11-18,25.529251098632812,25.577891146662264,25.17992865076864,25.190983820514273,176896000
2014-11-19,25.352378845214844,25.588944974635034,25.16003170859129,25.522619015613227,167476800
2014-11-20,25.714962005615234,25.836562107719953,25.392171000770325,25.405437539861094,173582000
2014-11-21,25.750333786010742,25.993532271250267,25.65305371720229,25.980267420696972,228717200
2014-11-24,26.227890014648438,26.258842460731472,25.78350060154979,25.83435032577972,189803200
2014-11-25,26.000171661376953,26.47551527932245,25.96700783932828,26.32517408124625,275361600
2014-11-26,26.3096981048584,26.331806757506065,26.05102332663833,26.075343350585385,163073200
2014-11-28,26.29422378540039,26.398136315837352,26.099665266502424,26.36939354720795,99257600
2014-12-01,25.44080924987793,26.364964900442267,24.600667135989724,26.26768482560969,335256000
2014-12-02,25.343528747558594,25.591149985327576,24.92788043927157,25.093697825785572,237395600
2014-12-03,25.630952835083008,25.723810190648614,25.449659179881632,25.591156584586017,172253600
2014-12-04,25.53367042541504,25.911733927521862,25.489453122990906,25.59557532352161,168178000
2014-12-05,25.425338745117188,25.66411624424686,25.345746245407295,25.64421727592834,153275600
2014-12-08,24.85050392150879,25.347956172970914,24.678054077553703,25.22635605901182,230659600
2014-12-09,25.230775833129883,25.27057207603631,24.176176239500464,24.361892601991055,240832000
2014-12-10,24.751005172729492,25.392166000997644,24.6603592218304,25.294887625250023,178261200
2014-12-11,24.678054809570312,25.160030850532696,24.61614822176628,24.819552208129725,165606800
2014-12-12,24.26019859313965,24.73333090512174,24.22703476651277,24.421593296324282,224112400
2014-12-15,23.928558349609375,24.673630162400315,23.512908297492405,24.47464893391686,268872400
2014-12-16,23.601348876953125,24.35526631115576,23.493015288833345,23.51733531489035,243162800
2014-12-17,24.18944549560547,24.284512528291458,23.616821807615015,23.68314944883713,213647200
2014-12-18,24.905773162841797,24.905773162841797,24.465804812036247,24.733323341258806,236024800
2014-12-19,24.713428497314453,25.036219545572564,24.686898789128506,24.819552390404407,353719200
2014-12-22,24.969890594482422,25.09148901158005,24.755433149521437,24.79744076482196,180670000
2014-12-23,24.881454467773438,25.056115669562008,24.86376687313569,25.034007019655757,104113600
2014-12-24,24.764284133911133,24.91904641396231,24.764284133911133,24.890305329604903,57918400
2014-12-26,25.20203399658203,25.319211358669097,24.7642769953216,24.784174274114413,134884000
2014-12-29,25.184341430664062,25.37447711817261,25.137911085525534,25.15781004583939,110395600
2014-12-30,24.87702751159668,25.186553618196623,24.786381556301755,25.12464873423295,119526000
2014-12-31,24.40390396118164,25.011901221221176,24.36631908084328,24.94336388804156,165613600
2015-01-02,24.171754837036133,24.638254577319934,23.733996171356562,24.62719940958966,212818400
2015-01-05,23.49080467224121,24.021420832782407,23.305089943782043,23.941828324362117,257142000
2015-01-06,23.493013381958008,23.751688161624013,23.132635763336502,23.554918284430343,263188400
2015-01-07,23.82242202758789,23.921911746494175,23.59027710109852,23.70082198289707,160423600
2015-01-08,24.737749099731445,24.79523294678256,24.03247176973318,24.14965083516332,237458000
2015-01-09,24.764284133911133,25.038435181479937,24.366321575519045,24.910202614133336,214798000
2015-01-12,24.154067993164062,24.901351137106996,24.05457822763035,24.894718710975656,198603200
2015-01-13,24.368528366088867,24.93894069695725,24.078901144962483,24.636046935190233,268367600
2015-01-14,24.275671005249023,24.42822188490455,23.988253468699263,24.1076422137223,195826400
2015-01-15,23.616817474365234,24.33314810893353,23.581443975843946,24.319883257835752,240056000
2015-01-16,23.433320999145508,23.784854861833168,23.258659753591324,23.663254726706114,314053200
2015-01-20,24.03689193725586,24.092164407057577,23.546072135531507,23.84233176401339,199599600
2015-01-21,24.220394134521484,24.5542385989461,23.93739770504104,24.087738872947455,194303600
2015-01-22,24.85050392150879,24.86598014630522,24.257982950073732,24.377371692838484,215185600
2015-01-23,24.978729248046875,25.148967671640268,24.65814798873508,24.828388099109983,185859200
2015-01-26,25.00526237487793,25.2838360657216,24.938936430150594,25.14675974776766,222460000
2015-01-27,24.129745483398438,24.86818644083696,24.105425465571376,24.85491990316115,382274800
2015-01-28,25.49386978149414,26.11513340012785,25.49386978149414,26.00679816034438,585908400
2015-01-29,26.28759002685547,26.351706301682732,25.54914886745016,25.717177667453264,337745600
2015-01-30,25.902889251708984,26.530783655227438,25.83435024692136,26.1770402105141,334982000
2015-02-02,26.227890014648438,26.347278743875204,25.66411187232302,26.099659175210917,250956400
2015-02-03,26.232315063476562,26.329593465385972,26.00238138179459,26.19915124353342,207662800
2015-02-04,26.43350601196289,26.643542413996485,26.15714365674654,26.199151274509653,280598800
2015-02-05,26.622173309326172,26.686542614611152,26.469018696977805,26.639929015987743,168984800
2015-02-06,26.397994995117188,26.69098536969141,26.291452270981495,26.63993325962992,174826400
2015-02-09,26.573333740234375,26.599968139363252,26.28700209553015,26.313638188097425,155559200
2015-02-10,27.08385467529297,27.112710874686844,26.67100611784984,26.67322452285019,248034000
2015-02-11,27.718666076660156,27.727544776569264,27.19039613285973,27.25032524044763,294247200
2015-02-12,28.069372177124023,28.29577483213937,27.871825725389765,27.980586855420736,297898000
2015-02-13,28.20698356628418,28.25137537106141,27.88957725115445,28.25137537106141,217088800
2015-02-17,28.373462677001953,28.606523945663774,28.17147601836981,28.297994557330423,252609600
2015-02-18,28.571002960205078,28.58432016349851,28.289109738609003,28.329063041928176,179566800
2015-02-19,28.51107406616211,28.63981268474202,28.484439657793157,28.51773266825435,149449600
2015-02-20,28.744140625,28.744140625,28.422295712366065,28.548812562434367,195793600
2015-02-23,29.52100372314453,29.52100372314453,28.7796500064065,28.859556618124714,283896400
2015-02-24,29.336772918701172,29.654180943439172,29.114810496630156,29.507684932021636,276912400
2015-02-25,28.586538314819336,29.210255554176445,28.444482502820037,29.20137516080777,298846800
2015-02-26,28.948335647583008,29.04821804967619,28.102659449982003,28.586535853706835,365150000
2015-02-27,28.513296127319336,28.98163700453715,28.464464120263223,28.855116789834128,248059200
2015-03-02,28.653133392333984,28.917269263881828,28.47778453766857,28.688648199086956,192386800
2015-03-03,28.713058471679688,28.74857327134073,28.431165253046416,28.624274859404782,151265200
2015-03-04,28.53105354309082,28.75745620398861,28.4822249170917,28.65535536751989,126665200
2015-03-05,28.058273315429688,28.577664620734428,27.913997388365356,28.539931411738248,226068400
2015-03-06,28.100444793701172,28.715280012385133,28.024978376338545,28.499976172884985,291368400
2015-03-09,28.220308303833008,28.75967886717688,27.75862595975019,28.402317461518063,354114000
2015-03-10,27.63654136657715,28.23805932109031,27.478948251714044,28.058270302932478,275426400
2015-03-11,27.13269805908203,27.694262965562235,27.10384354102624,27.689824460261207,275756000
2015-03-12,27.62322425842285,27.723108369874826,26.997290261725283,27.148224784716703,193450800
2015-03-13,27.432334899902344,27.83408803493527,27.208154073139987,27.612125613115115,207309200
2015-03-16,27.73419761657715,27.73419761657715,27.27251717128612,27.496697947023538,143497200
2015-03-17,28.19811248779297,28.26026170865379,27.889584788920136,27.94507540660862,204092400
2015-03-18,28.51551628112793,28.668670913843595,28.049395473856592,28.18923120800626,261083600
2015-03-19,28.30021095275879,28.688645220737833,28.278015047562075,28.57766400131525,183238000
2015-03-20,27.945068359375,28.499972702883888,27.780816646601348,28.46667969541809,274780400
2015-03-23,28.23584747314453,28.37790332786566,28.08269281681357,28.215871662374074,150838800
2015-03-24,28.12042236328125,28.42006962832753,28.0915661619747,28.240282285363186,131369200
2015-03-25,27.385725021362305,28.149276350834853,27.385725021362305,28.087127139075744,206620800
2015-03-26,27.57661247253418,27.71866829557392,27.21259421431497,27.2481090167944,190291600
2015-03-27,27.356870651245117,27.67871551094298,27.2814042347131,27.649861003464096,158184800
2015-03-30,28.04939842224121,28.05605702550457,27.523346749725256,27.534445550790377,188398800
2015-03-31,27.618789672851562,28.076031810260943,27.60325236799122,27.987246485299323,168362400
2015-04-01,27.578840255737305,27.77194823778993,27.323583045467135,27.705358811305725,162485600
2015-04-02,27.816333770751953,27.86960428383157,27.565516815456306,27.751964457954504,128880400
2015-04-06,28.266910552978516,28.30242534888889,27.596584867837652,27.62765946753989,148776000
2015-04-07,27.969482421875,28.437821526633964,27.962823820843358,28.331280523250243,140049200
2015-04-08,27.878480911254883,28.056051532897612,27.738645189782524,27.933971518838366,149316800
2015-04-09,28.091564178466797,28.096004375326153,27.669836922529743,27.93397105873809,129936000
2015-04-10,28.211427688598633,28.235843694120984,27.80301758429594,27.95617052668988,160752000
2015-04-13,28.15593147277832,28.53770878376348,28.10266096834637,28.493313592099053,145460400
2015-04-14,28.03385353088379,28.253595846308986,27.94728832500602,28.189226543115986,102098400
2015-04-15,28.14039421081543,28.218080716019593,27.969483899366274,28.058269202501947,115881600
2015-04-16,28.00499725341797,28.21142236533127,27.99168005053286,28.029413254333218,113476000
2015-04-17,27.6898193359375,27.998347047171396,27.62545001362721,27.867389997030667,207828000
2015-04-20,28.322412490844727,28.437832236886248,27.783043589441288,27.871828921325186,188217200
2015-04-21,28.16925048828125,28.455580509215018,28.11597829018486,28.433386300166404,129740400
2015-04-22,28.54880714416504,28.604297752600676,28.038294562620575,28.187008986802727,150618000
2015-04-23,28.781871795654297,28.948343640734574,28.442269502640794,28.477784309108728,183083600
2015-04-24,28.917264938354492,28.99495314314599,28.68420371085787,28.963878538604966,178103600
2015-04-27,29.443307876586914,29.549852255817207,29.11036431196568,29.3678414814566,387816800
2015-04-28,28.97941780090332,29.86282743012304,28.759677136402377,29.845073414042368,475696000
2015-04-29,28.55324363708496,29.20803205430719,28.477777232253114,28.89062744093221,253544400
2015-04-30,27.778600692749023,28.553249161739682,27.652082165186428,28.553249161739682,332781600
2015-05-01,28.622058868408203,28.883976335393616,27.811897234853156,27.989466188829397,234050400
2015-05-04,28.566560745239258,28.98163274420011,28.468896745483764,28.744131345987658,203953200
2015-05-05,27.922874450683594,28.511073537103066,27.91843425374517,28.444484130538356,197085600
2015-05-06,27.747526168823242,28.13374035515713,27.381287790009118,28.091566948029953,288564000
2015-05-07,27.919151306152344,28.10192070708128,27.64276698239626,27.809934179606117,175763600
2015-05-08,28.44516944885254,28.44516944885254,28.10860569937123,28.235652694796116,222201600
2015-05-11,28.15541648864746,28.43179913893094,28.00162210800377,28.39390831197934,168143200
2015-05-12,28.055112838745117,28.280230096530865,27.821078092933593,27.994931698159256,192640000
2015-05-13,28.086313247680664,28.349322990095366,28.055108846081662,28.117517649279666,138776800
2015-05-14,28.741615295410156,28.741615295410156,28.34264437932672,28.398366783312017,180814000
2015-05-15,28.70149040222168,28.861971162025597,28.576672789268603,28.76835795231079,152832000
2015-05-18,29.01799201965332,29.136123212983502,28.610103721522318,28.614562464956876,203531600
2015-05-19,28.991254806518555,29.171794856426565,28.895410500391332,29.129445284023305,178532800
2015-05-20,28.989015579223633,29.194073565945473,28.82853482421962,28.97564274981076,145819600
2015-05-21,29.285470962524414,29.33896570286655,28.937763652865918,28.991258393208053,158921600
2015-05-22,29.541786193847656,29.63763049072573,29.287692184974375,29.3322728259551,182384000
2015-05-26,28.890945434570312,29.62425403610724,28.779500647797832,29.5551588124723,282790400
2015-05-27,29.430339813232422,29.47937579485799,28.986791708108267,29.051428192419124,183332800
2015-05-28,29.372392654418945,29.410283480151588,29.220829351488383,29.390224231415285,122933200
2015-05-29,29.03805923461914,29.298839680217583,28.953360091236068,29.24980369205114,203538000
2015-06-01,29.096004486083984,29.285461990857094,28.986790767754286,29.038054419236087,128451200
2015-06-02,28.966737747192383,29.122759807642176,28.824088520348884,28.94444742383134,134670400
2015-06-03,29.00238800048828,29.185159069291473,28.953352025981317,29.12275026555983,123934000
2015-06-04,28.83299446105957,29.10492000429588,28.732694836330577,28.882030437775946,153800400
2015-06-05,28.674747467041016,28.906554570065015,28.610110975463048,28.864204999261077,142507200
2015-06-08,28.48529052734375,28.799565668194397,28.26908735110113,28.730467037838547,210699200
2015-06-09,28.400590896606445,28.54769884094166,27.999390658489013,28.24011012115443,224301600
2015-06-10,28.72601318359375,28.828540496615886,28.496435463588547,28.51203766781097,156349200
2015-06-11,28.661365509033203,29.01575906604491,28.63684752327,28.79286952311561,141563600
2015-06-12,28.344873428344727,28.603426211645274,28.331500594902593,28.57222179993837,147544800
2015-06-15,28.289138793945312,28.360463375662157,28.019442666187494,28.106369447013893,175955600
2015-06-16,28.440715789794922,28.496438196005535,28.166562503525917,28.313668771655237,125976400
2015-06-17,28.373849868774414,28.503124558547782,28.24903052275088,28.467463102907402,131672400
2015-06-18,28.50312614440918,28.598968756262476,28.35601986837446,28.358249240886295,141628800
2015-06-19,28.217824935913086,28.48975053845911,28.17324769309133,28.4652325447533,218867600
2015-06-22,28.44293785095215,28.54323747614416,28.324806652233242,28.416190490661805,136157200
2015-06-23,28.31366539001465,28.44294176510625,28.280231610178866,28.413966729522002,121075600
2015-06-24,28.554386138916016,28.93107009846418,28.333725916106733,28.353785163401824,221123600
2015-06-25,28.41842269897461,28.797334321422557,28.41842269897461,28.721552677138014,127752400
2015-06-26,28.25124740600586,28.527629941960665,28.197754395936702,28.456305361697744,176267200
2015-06-29,27.756439208984375,28.188845539651794,27.74529575025831,27.963726587029704,196645600
2015-06-30,27.957046508789062,28.11084089847764,27.829999487028523,27.988250921115306,177482800
2015-07-01,28.217824935913086,28.293608289325444,28.081862134640076,28.284692500658533,120955200
2015-07-02,28.182161331176758,28.237883730708184,28.032824008042905,28.179931959051952,108844000
2015-07-06,28.08409881591797,28.135364188966506,27.82777535170178,27.84783630655147,112241600
2015-07-07,28.014997482299805,28.117526505635364,27.587048110339477,28.059574727049913,187787200
2015-07-08,27.319583892822266,27.780965392876677,27.312897475511964,27.74530393371738,243046400
2015-07-09,26.762348175048828,27.6516770025603,26.572892397831318,27.60487040116626,314380000
2015-07-10,27.477827072143555,27.604874064361603,27.016445710876685,27.179155852039294,245418000
2015-07-13,28.008304595947266,28.03059321317383,27.70963168347132,27.867883076446173,165762000
2015-07-14,27.997159957885742,28.166556512881268,27.87011296676723,28.093002544204097,127072400
2015-07-15,28.266862869262695,28.340416855443703,27.990480203612975,28.021684615838932,134596800
2015-07-16,28.643543243408203,28.656919477190332,28.384992173876547,28.471918987819443,144889600
2015-07-17,28.890945434570312,28.890945434570312,28.59896063739041,28.770586561307027,184658800
2015-07-20,29.437030792236328,29.6376300696983,29.131669730778206,29.19185087442694,235600800
2015-07-21,29.142818450927734,29.626488528758856,29.046977544728716,29.610888023551794,307025600
2015-07-22,27.910234451293945,27.972643263784516,27.190300334606057,27.190300334606057,461802400
2015-07-23,27.896862030029297,28.3270373082323,27.87457171051582,28.12866570825328,203998000
2015-07-24,27.749755859375,28.0261384937987,27.616022436299836,27.93252526769736,168649200
2015-07-27,27.364158630371094,27.551386800440692,27.21928173391012,27.435483242656442,177822000
2015-07-28,27.500118255615234,27.618251172130954,27.315121179871685,27.500118255615234,134472400
2015-07-29,27.413188934326172,27.526863096129816,27.25270816484163,27.448852083328312,148046800
2015-07-30,27.275005340576172,27.319582587523705,27.12789736472597,27.263860178582807,134513200
2015-07-31,27.03650665283203,27.335177872887087,26.94957985293466,27.326262085652413,171540000
2015-08-03,26.39904022216797,27.31957349946473,26.19398053309023,27.081081736554253,279904000
2015-08-04,25.552066802978516,26.234108520096658,25.242250356280216,26.171699696375118,496554400
2015-08-05,25.721460342407227,26.176155333337917,24.98592397756085,25.175379798653793,397250400
2015-08-06,25.77743148803711,26.084173021789667,25.55129525226573,25.965507100240163,211612000
2015-08-07,25.8647518157959,26.028198458805463,25.63637611641484,25.65428840489449,154681600
2015-08-10,26.805126190185547,26.86557802792801,26.090889495255514,26.090889495255514,219806400
2015-08-11,25.410234451293945,26.460318721771483,25.374411587789787,26.377475680840618,388331200
2015-08-12,25.80206298828125,25.842364787119756,24.5459922507262,25.19529825058655,404870000
2015-08-13,25.781909942626953,26.061783038599437,25.6453317351356,25.981179450302577,194143200
2015-08-14,25.963266372680664,26.041630495528047,25.526665039524,25.59607301858743,171718000
2015-08-17,26.231952667236328,26.341662468940665,25.860280286468257,25.981185697987623,163538800
2015-08-18,26.08417510986328,26.29464024535976,25.97446532375149,26.068502283275883,138242800
2015-08-19,25.75056266784668,26.088648116539442,25.67667576520136,25.994611172196148,193146000
2015-08-20,25.222166061401367,25.602792823510995,24.99378863756761,25.542340980854984,274006400
2015-08-21,23.679500579833984,25.054236927891914,23.654871613646495,24.725105932667855,513102000
2015-08-24,23.08841323852539,24.360156748493395,20.598661378669732,21.241250669242508,648825200
2015-08-25,23.227224349975586,24.8773565148094,23.173489201141187,24.8773565148094,414406400
2015-08-26,24.55942153930664,24.604200546045004,23.5205328674482,23.977284202450257,387098400
2015-08-27,25.282621383666992,25.354268844332243,24.633315310519915,25.128132560857356,338464400
2015-08-28,25.365459442138672,25.369936660203646,24.97363709537357,25.114692525253453,212657600
2015-08-31,25.24679183959961,25.643091378068043,25.076628524882036,25.08334520563764,224917200
2015-09-01,24.118343353271484,25.049760096014527,24.03773976777712,24.662416701253587,307383600
2015-09-02,25.152751922607422,25.152751922607422,24.43403807824614,24.68032774832823,247555200
2015-09-03,24.7116756439209,25.25127008789612,24.637788736174347,25.186339324259134,212935600
2015-09-04,24.465381622314453,24.729581848062377,24.295220038972044,24.398213115692826,199985200
2015-09-08,25.146039962768555,25.20201458771156,24.700482426521027,25.020657349523418,219374400
2015-09-09,24.66240882873535,25.528894533893187,24.577326344422943,25.47068218044799,340043200
2015-09-10,25.204254150390625,25.363221880870384,24.606445563612514,24.68928691560042,251571200
2015-09-11,25.571447372436523,25.571447372436523,25.022896733028254,25.0296134146864,199662000
2015-09-14,25.817731857299805,26.171491847516478,25.716978229754055,26.102083868905392,233453600
2015-09-15,26.03491973876953,26.090894368998466,25.618468353209426,25.95655559809105,173364800
2015-09-16,26.064027786254883,26.09313397918189,25.846845946432154,26.02820320276611,148694000
2015-09-17,25.506515502929688,26.08193455236949,25.461736488332857,25.89610010440373,256450400
2015-09-18,25.401281356811523,25.591596427514062,25.047523063835897,25.123647725549066,297141200
2015-09-21,25.79534149169922,25.83116606540664,25.448299902009456,25.4505376567089,200888000
2015-09-22,25.39008331298828,25.564723822017353,25.193051593501515,25.385604387612933,201384800
2015-09-23,25.596071243286133,25.685630966704178,25.367695571369275,25.441580763095242,143026800
2015-09-24,25.748323440551758,25.860272672901985,25.159471093345076,25.35650112732597,200878000
2015-09-25,25.68339729309082,26.126717084422445,25.528906778076614,26.070742458195273,224607600
2015-09-28,25.17515754699707,25.652060920041837,25.17515754699707,25.490853664868776,208436000
2015-09-29,24.418367385864258,25.4147166346998,24.149689896408503,25.26246560181892,293461600
2015-09-30,24.69600486755371,24.973638525143357,24.34448429608788,24.666896969730384,265892000
2015-10-01,24.534793853759766,24.543749997216835,24.026543388881606,24.420605159944234,255716400
2015-10-02,24.713909149169922,24.854966259378173,24.080277863313544,24.18327094054889,232079200
2015-10-05,24.803476333618164,24.935577341025226,24.42061009161065,24.6019673356642,208258800
2015-10-06,24.922138214111328,25.018414624790967,24.577334364426335,24.769887185785613,192787200
2015-10-07,24.803476333618164,25.025135377262504,24.49673647226439,25.018418695365714,187062400
2015-10-08,24.51688003540039,24.671370511017653,24.228050832737917,24.671370511017653,247918400
2015-10-09,25.103496551513672,25.139319417702776,24.51464249435338,24.6288311899875,211064400
2015-10-12,24.987079620361328,25.244563312866365,24.95125673807594,25.240086093159626,121868800
2015-10-13,25.02960777282715,25.177379860627354,24.78108035823582,24.81242600438161,132197200
2015-10-14,24.67584800720215,24.96915443052304,24.530313672837952,24.91765874354177,177849600
2015-10-15,25.0452823638916,25.099017517047702,24.738540852714827,24.83705672367578,150694000
2015-10-16,24.8616886138916,25.07663095999206,24.747499905328574,25.027373018721345,156930400
2015-10-19,25.01617431640625,25.020651533748616,24.65345821612934,24.807948691689624,119036800
2015-10-20,25.472932815551758,25.562492561490735,24.812432892145672,24.928859366119294,195871200
2015-10-21,25.470687866210938,25.878182972337548,25.45725279777825,25.52442301531291,167180800
2015-10-22,25.86027717590332,25.86027717590332,25.54681892909885,25.598316336559378,166616400
2015-10-23,26.661827087402344,26.695412195601318,26.046106367189562,26.128947698109524,237467600
2015-10-26,25.81102180480957,26.449132262288376,25.73041819879012,26.437938360914124,265335200
2015-10-27,25.647573471069336,26.093131001043727,25.522189151379532,25.837886851554078,279537600
2015-10-28,26.704374313354492,26.711092703494916,25.985660307234276,26.180452624265197,342205600
2015-10-29,26.986478805541992,27.022303376022826,26.480467850862226,26.576744248767543,204909200
2015-10-30,26.75586700439453,27.140972643796445,26.744671397677827,27.08947524439327,197461200
2015-11-02,27.13202476501465,27.172326569977844,26.78050413047297,27.046943935963572,128813200
2015-11-03,27.443239212036133,27.64922542308177,27.024548400015334,27.04470015338393,182076000
2015-11-04,27.31562042236328,27.7231156750898,27.230539596659135,27.568625144106544,179544400
2015-11-05,27.189693450927734,27.587691088240014,27.02329984048355,27.398810417433715,158210800
2015-11-06,27.22117805480957,27.389820743995365,27.122242177042295,27.23242158696415,132169200
2015-11-09,27.111000061035156,27.38982217470712,26.994075211921828,27.198694126750713,135485600
2015-11-10,26.25654411315918,26.54885882119208,26.096895891717995,26.285776613275857,236511600
2015-11-11,26.108137130737305,26.40269914710894,25.905765559537567,26.16660041031104,180872000
2015-11-12,26.020437240600586,26.267779454208373,26.004697328339777,26.141860156121886,130102400
2015-11-13,25.260417938232422,25.986706325252037,25.2446780272083,25.90350867239789,183249600
2015-11-16,25.674158096313477,25.687648959867616,24.95911316407321,25.04455815911912,152426800
2015-11-17,25.563982009887695,25.869787537109683,25.480784337672787,25.840555041603942,110467600
2015-11-18,26.373462677001953,26.418433365115245,25.9709686709574,26.02943193792211,186698800
2015-11-19,26.70849609375,26.926607510489614,26.254286016252248,26.45215942462882,173183200
2015-11-20,26.825424194335938,26.964834350174375,26.724237577607514,26.802937135826262,137148400
2015-11-23,26.47689437866211,26.922111701387607,26.38470224569791,26.818676039591114,129930000
2015-11-24,26.730987548828125,26.836670565894213,26.33524064156712,26.382460384517966,171212800
2015-11-25,26.539857864379883,26.809687155716535,26.515123469785976,26.805189057323886,85553200
2015-11-27,26.49039077758789,26.62530628968746,26.44317103456184,26.598322844163146,52185600
2015-11-30,26.60057258605957,26.850163888211174,26.476900601922452,26.530865778854082,156721200
2015-12-01,26.38471031188965,26.715250260558896,26.276779950398975,26.701759394253102,139409600
2015-12-02,26.146360397338867,26.557848941412235,26.10138970296319,26.38470816546962,133546400
2015-12-03,25.90351104736328,26.26103436700735,25.683152272821975,26.207069197908513,166278000
2015-12-04,26.764713287353516,26.814182073839056,25.88327475795129,25.92374906366475,231108000
2015-12-07,26.596065521240234,26.9513397236083,26.490382536882013,26.753466331217695,128336800
2015-12-08,26.584836959838867,26.668032930295457,26.27678233226299,26.425187021645378,137238000
2015-12-09,25.99795150756836,26.463405152338424,25.876528593864638,26.452161622811104,185445600
2015-12-10,26.12162208557129,26.29476283556294,25.973217443957356,26.092391310160515,116850800
2015-12-11,25.449298858642578,25.9462323011803,25.375095684939055,25.901261616493006,187544800
2015-12-14,25.291908264160156,25.336878963992035,24.68704257294465,25.224450498890103,257274800
2015-12-15,24.844438552856445,25.363859161593496,24.812958723905354,25.170482089167063,213292400
2015-12-16,25.03557014465332,25.18172749448732,24.46443504340053,24.974859527456996,224954000
2015-12-17,24.504905700683594,25.24018700836944,24.504905700683594,25.188469166573835,179091200
2015-12-18,23.84157943725586,24.626329623645198,23.792110639367774,24.489168477940314,385813200
2015-12-21,24.13389015197754,24.142884633341986,23.738141549551425,24.122646621391503,190362400
2015-12-22,24.11140251159668,24.221581895661817,23.93601271496503,24.149627767116172,131157600
2015-12-23,24.421703338623047,24.47566850387436,24.104654347288033,24.120394258633066,130629600
2015-12-24,24.291288375854492,24.509399823075448,24.273299413800387,24.509399823075448,54281600
2015-12-28,24.019210815429688,24.21483691016716,23.87530255568779,24.192349850721047,106816800
2015-12-29,24.450939178466797,24.606090990672588,24.02820881795496,24.05069416517501,123724800
2015-12-30,24.131641387939453,24.441943278831367,24.10016156055282,24.414961549941072,100855200
2015-12-31,23.668434143066406,24.066430040175042,23.569496573278652,24.06193365769457,163649200
2016-01-04,23.688676834106445,23.693174933323267,22.935406474375988,23.07256933661158,270597600
2016-01-05,23.095048904418945,23.80109933875041,23.027592872753676,23.77861399486199,223164000
2016-01-06,22.643089294433594,23.018601623728564,22.456459369988686,22.61160946546592,273829600
2016-01-07,21.68744659423828,22.514920027214217,21.68295021121818,22.188878219315704,324377600
2016-01-08,21.8021240234375,22.285566683920138,21.757153331285508,22.15964737347701,283192000
2016-01-11,22.1551456451416,22.274319503789176,21.887565438767243,22.25408321029279,198957600
2016-01-12,22.476699829101562,22.64084615241402,22.224859435211403,22.609366317618043,196616800
2016-01-13,21.89881134033203,22.753268167980142,21.878575044643163,22.557642065378527,249758400
2016-01-14,22.37775993347168,22.59362408642669,21.527801049979146,22.02698368708356,252680400
2016-01-15,21.840347290039062,21.970764687107888,21.442351382699396,21.631230331125874,319335600
2016-01-19,21.734668731689453,22.18213348140118,21.473833904788066,22.12816830586096,212350800
2016-01-20,21.763896942138672,22.078696907422867,21.006128662589358,21.383888277826035,289337600
2016-01-21,21.653718948364258,22.00899152675043,21.34791344418033,21.82460894765617,208646000
2016-01-22,22.80499267578125,22.813987160124526,22.11917997095063,22.177641545898204,263202000
2016-01-25,22.35976791381836,22.82971795312473,22.308050078398306,22.827468904057305,207178000
2016-01-26,22.483440399169922,22.683562898019467,22.051715573484742,22.469949534467872,300308000
2016-01-27,21.006128311157227,21.727918655502844,20.9881393498941,21.59525392611128,533478800
2016-01-28,21.156784057617188,21.253472589399497,20.774528029001694,21.08932801960842,222715200
2016-01-29,21.8875732421875,21.8875732421875,21.215251486492456,21.314189086917164,257666000
2016-02-01,21.68294906616211,21.745908718250337,21.451346753613898,21.691943547249263,163774000
2016-02-02,21.24447250366211,21.595248583909704,21.199500111629504,21.455836741890646,149428800
2016-02-03,21.66495704650879,21.775136422114066,21.154532754380106,21.361400643624762,183857200
2016-02-04,21.83903694152832,22.004073903550463,21.520269281773988,21.671740451478744,185886800
2016-02-05,21.255762100219727,21.911385847563288,21.181157989441367,21.82095468847609,185672400
2016-02-08,21.479576110839844,21.635568066922946,21.034204147813604,21.05455024976029,216085600
2016-02-09,21.475061416625977,21.689835678228587,21.235420262986615,21.31680815003984,177324800
2016-02-10,21.31227684020996,21.782517387893716,21.273844166316813,21.685304214332465,169374400
2016-02-11,21.18341064453125,21.4140101116225,20.932465078783302,21.203758468018282,200298800
2016-02-12,21.248977661132812,21.364277419045337,21.027423157507165,21.294194097976302,161405600
2016-02-16,21.84808349609375,21.8955594642295,21.389147412617355,21.481838095692634,196231600
2016-02-17,22.182682037353516,22.203028145099864,21.737309947373852,21.854869261180895,179452800
2016-02-18,21.762170791625977,22.356752633930416,21.72373639377709,22.34544809488713,156084000
2016-02-19,21.71243667602539,21.87521240241181,21.65817867550683,21.703393388467173,141496800
2016-02-22,21.902339935302734,21.906862441372297,21.685306214392327,21.77347610961122,137123200
2016-02-23,21.40723419189453,21.816433057926353,21.375583546170017,21.79382570024182,127770400
2016-02-24,21.72599983215332,21.789301117570563,21.09750603432402,21.24671768551952,145022800
2016-02-25,21.87521743774414,21.87521743774414,21.533840584372502,21.714702927507034,110330800
2016-02-26,21.90912628173828,22.160070203651877,21.834520446256214,21.974687104013064,115964400
2016-02-29,21.859384536743164,22.207543305482968,21.85034125023726,21.897817210770345,140865200
2016-03-01,22.727519989013672,22.781777984759973,22.024420397887784,22.076418865566318,201628400
2016-03-02,22.77725601196289,22.808906651561315,22.52631042312505,22.72299801905567,132678400
2016-03-03,22.94681167602539,22.99428763113408,22.70943017565161,22.73882128464533,147822800
2016-03-04,23.288192749023438,23.45548924963451,22.917426599112055,23.143503603927808,184220400
2016-03-07,23.03046226501465,23.24749595592753,22.824731388052065,23.148021534114374,143315600
2016-03-08,22.840557098388672,23.005594053327982,22.698129221397846,22.784037853178436,126247600
2016-03-09,22.860912322998047,22.964907560865505,22.668745447219944,22.903865790375907,108806800
2016-03-10,22.872217178344727,23.11411957869778,22.641619321631918,22.926476918020487,134054400
2016-03-11,23.11864471435547,23.123165497426804,22.946825635511168,23.114122206452745,109632800
2016-03-14,23.17741584777832,23.265587474386763,23.010119332204216,23.039510449350633,100304400
2016-03-15,23.643136978149414,23.778782855582488,23.478099981971386,23.50296859406439,160270800
2016-03-16,23.957380294799805,24.034245647936118,23.645392926626023,23.649915432593247,153214000
2016-03-17,23.9189510345459,24.07042223430001,23.729045427903444,23.855648015777817,137682800
2016-03-18,23.946081161499023,24.077206266864874,23.781045877875663,24.04103311028214,176820800
2016-03-21,23.943819046020508,24.337192594788167,23.76973876722751,23.948339827689416,142010800
2016-03-22,24.126937866210938,24.255801688020146,23.785561111132616,23.7946043981686,129777600
2016-03-23,23.99355125427246,24.206064185024427,23.941554510469715,24.072679583692445,102814000
2016-03-24,23.889554977416992,24.020680044797334,23.713215202237485,23.844340269617827,104532000
2016-03-28,23.78104591369629,24.007122968185787,23.751654792720785,23.96416777588685,77645600
2016-03-29,24.343971252441406,24.3688398602475,23.710954967100033,23.71321622003621,124760400
2016-03-30,24.768997192382812,24.96342356311957,24.55196346512961,24.563268005803202,182404400
2016-03-31,24.64013671875,24.84586765817955,24.615268105745745,24.805173720975407,103553600
2016-04-01,24.866212844848633,24.86847409817385,24.461534741180458,24.59265983674843,103496000
2016-04-04,25.121679306030273,25.363581650581384,24.929512457462184,24.963424355728954,149424800
2016-04-05,24.82552146911621,25.033513675711152,24.73735155348086,24.75769938584422,106314800
2016-04-06,25.08550453186035,25.090027037913124,24.68760851591967,24.920469282378427,105616400
2016-04-07,24.538402557373047,24.963426779060946,24.443450612873242,24.857170292431228,127207600
2016-04-08,24.565526962280273,24.816470838432103,24.454747993494127,24.622046210702788,94326800
2016-04-11,24.646913528442383,25.006376851669792,24.603960071767485,24.635610713456614,117630000
2016-04-12,24.967947006225586,24.981511075678288,24.565530180707952,24.719260900720705,108929200
2016-04-13,25.329666137695312,25.397488199719643,25.049331153367543,25.049331153367543,133029200
2016-04-14,25.34323501586914,25.40879756231934,25.169156459648935,25.234719006099134,101895600
2016-04-15,24.834562301635742,25.388452080131696,24.807434160943167,25.34549689092723,187756000
2016-04-18,24.29875946044922,24.63109123908705,24.176677659695585,24.617527169502473,243286000
2016-04-19,24.169891357421875,24.416314443797106,24.01615893822697,24.389184584587234,129539600
2016-04-20,24.219636917114258,24.43667070655504,23.97773451093046,24.108859631060692,122444000
2016-04-21,23.957380294799805,24.174414010799026,23.855644608505056,24.174414010799026,126210000
2016-04-22,23.89181900024414,24.072681302070844,23.652177916429892,23.740347814241954,134732400
2016-04-25,23.75617790222168,23.885041757555705,23.627314046887655,23.73809132344436,112126400
2016-04-26,23.591136932373047,23.80591113845957,23.49166421544458,23.49166421544458,224064800
2016-04-27,22.114849090576172,22.31605745547276,21.631044513765236,21.703389075022095,458408400
2016-04-28,21.438880920410156,22.128414690369752,21.307755855035232,22.067374663291364,328970800
2016-04-29,21.192453384399414,21.414009560329276,20.914379694268078,21.248972623431182,274126000
2016-05-02,21.16985321044922,21.269327656813207,20.889518172769012,21.24445904522221,192640400
2016-05-03,21.518009185791016,21.644611755356102,21.178893681743983,21.29645296422147,227325200
2016-05-04,21.294200897216797,21.680792500306193,21.210551755970187,21.522537508069195,164102000
2016-05-05,21.20775604248047,21.396542794422896,21.080382684703338,21.380621124700756,143562000
2016-05-06,21.0894832611084,21.25552330073232,20.891598143338758,21.237328344361668,174799600
2016-05-09,21.105405807495117,21.328309216431954,21.05991407635242,21.153170823695866,131745600
2016-05-10,21.248699188232422,21.28281755007838,20.950735747797133,21.22822921232403,134747200
2016-05-11,21.041723251342773,21.282823400083267,21.0303498824906,21.262353418548294,114876400
2016-05-12,20.548145294189453,21.103132306770988,20.35026188929821,21.089485654111517,305258800
2016-05-13,20.589092254638672,20.850664154631772,20.470817185557383,20.470817185557383,177571200
2016-05-16,21.353334426879883,21.46933620033494,20.84611408246385,21.01442919028808,245039200
2016-05-17,21.264625549316406,21.53984405433573,21.15544884972697,21.505727420296754,187667600
2016-05-18,21.507999420166016,21.655844521716993,21.35560601279247,21.417019421056718,168249600
2016-05-19,21.426115036010742,21.526195112774182,21.28281998228032,21.526195112774182,121768400
2016-05-20,21.658123016357422,21.70588804415121,21.498904521712273,21.526199567022662,128104000
2016-05-23,21.933338165283203,22.10620328824832,21.760473042318086,21.80596477748378,152074400
2016-05-24,22.267696380615234,22.31091136245209,22.02659450809115,22.11302794242959,140560800
2016-05-25,22.65891456604004,22.686207870935945,22.31545935166485,22.44283273539829,152675200
2016-05-26,22.83860206604004,22.91138710164205,22.436008482138195,22.67256028167776,225324800
2016-05-27,22.8249568939209,22.85225193686595,22.574758407254578,22.617975124751148,145364800
2016-05-31,22.71350860595703,22.836333714780267,22.476956737334422,22.65437020496822,169228800
2016-06-01,22.39506721496582,22.64071736552092,22.365498890213363,22.522440595846764,116693200
2016-06-02,22.22675895690918,22.254052269561818,21.97883370987399,22.199463908923846,160766400
2016-06-03,22.272239685058594,22.351848039335525,22.165336294173013,22.24267136356487,114019600
2016-06-06,22.433731079101562,23.175229743585774,22.188082694616856,22.288161023358054,93170000
2016-06-07,22.52471351623535,22.71577530507539,22.50879184510968,22.574753549868028,89638000
2016-06-08,22.504243850708008,22.645263872530816,22.445105470567977,22.52243880700861,83392400
2016-06-09,22.665740966796875,22.74307432160156,22.39507075431559,22.404169102292457,106405600
2016-06-10,22.479228973388672,22.597504025380122,22.399620598458615,22.410992231830097,126851600
2016-06-13,22.140317916870117,22.545186514211057,22.085729574943514,22.447381461621003,152082000
2016-06-14,22.16761589050293,22.399619411239556,22.006124128394898,22.13577254221866,127727600
2016-06-15,22.094829559326172,22.383696433074892,22.069809539227236,22.249497985695854,117780800
2016-06-16,22.188087463378906,22.233577464826187,21.851455552539154,21.937887249421912,125307200
2016-06-17,21.683141708374023,21.983380247009613,21.676318381298827,21.976556919934417,244032800
2016-06-20,21.63081932067871,21.96517611685531,21.614897651114674,21.83552774031049,137647600
2016-06-21,21.815061569213867,21.915139908778798,21.535293057720768,21.594431441553773,142185600
2016-06-22,21.733179092407227,22.037965899988716,21.68768735858985,21.892395822437525,116876400
2016-06-23,21.8582763671875,21.901493078328414,21.664941280256883,21.821884717278408,128960800
2016-06-24,21.244157791137695,21.530749694370524,21.073567661768816,21.13270605917647,301245600
2016-06-27,20.934814453125,21.164542909327977,20.811989389471883,21.153169543397652,181958400
2016-06-28,21.28736686706543,21.303290273971506,20.957560069318394,21.130425171644948,161779600
2016-06-29,21.471603393554688,21.505721753936463,21.296463286749802,21.37379835263728,146124000
2016-06-30,21.744552612304688,21.783219287907485,21.44886412581391,21.480707474584726,143345600
2016-07-01,21.810522079467773,21.94244556286406,21.683148639130934,21.719540306941614,104106000
2016-07-05,21.605810165405273,21.699066944959693,21.48526007307021,21.696791923783735,110820800
2016-07-06,21.728628158569336,21.7581982181687,21.4647830545983,21.517096377173566,123796400
2016-07-07,21.82188606262207,21.949259448154788,21.749101022984483,21.767295981394707,100558400
2016-07-08,21.990203857421875,22.03796888289611,21.846908780999176,21.946987138278903,115648400
2016-07-11,22.05843734741211,22.210830749360824,22.001573982326867,22.006122287987527,95179600
2016-07-12,22.158517837524414,22.222204534939202,22.09028283400815,22.101654466928018,96670000
2016-07-13,22.033422470092773,22.215384239632336,22.02659740701068,22.156247575581588,103568800
2016-07-14,22.470134735107422,22.515624747577967,22.13577776391744,22.151699441815403,155676000
2016-07-15,22.467849731445312,22.586126487850887,22.40416304814937,22.49969307309328,120548000
2016-07-18,22.706680297851562,22.774915297565876,22.42691176655933,22.4496567664641,145975600
2016-07-19,22.715776443481445,22.74534476695894,22.595224658537607,22.64526469467805,95119600
2016-07-20,22.736249923706055,22.84997666506233,22.68620987985612,22.74534827125444,105104000
2016-07-21,22.615699768066406,22.97280166513089,22.547463029383575,22.70668150786607,130808000
2016-07-22,22.4405574798584,22.586127544295724,22.360947386682817,22.577029198351884,113254800
2016-07-25,22.140317916870117,22.48149809074257,22.044787884665535,22.34730138864548,161531600
2016-07-26,21.987932205200195,22.28362248667355,21.931068823019373,22.02205058157523,224959200
2016-07-27,23.41632843017578,23.734763558922886,23.37083844121127,23.716566869204346,369379200
2016-07-28,23.732494354248047,23.757514374908947,23.386765841538203,23.38904086214345,159479200
2016-07-29,23.702926635742188,23.780261720313952,23.582376570555798,23.69837832974729,110934800
2016-08-01,24.12143898010254,24.144183977954523,23.748415462267246,23.748415462267246,152671600
2016-08-02,23.764339447021484,24.12598963346021,23.655161017241863,24.12144132758002,135266400
2016-08-03,24.06230354309082,24.07367517574286,23.830300024735596,23.839398372056618,120810400
2016-08-04,24.210948944091797,24.240677448708052,24.076023511408614,24.14462990019436,109634800
2016-08-05,24.57912826538086,24.61800439739502,24.281836297046727,24.302417162913304,162213600
2016-08-08,24.782665252685547,24.782665252685547,24.505955817357165,24.5882810486413,112148800
2016-08-09,24.88328742980957,24.9130176838201,24.7003399389186,24.750651065951914,105260800
2016-08-10,24.69805145263672,24.903868897021987,24.64316738237836,24.860418063003667,96034000
2016-08-11,24.682039260864258,24.910724882944077,24.663743992361994,24.81696294041959,109938000
2016-08-12,24.739219665527344,24.798678437422026,24.64774503447402,24.64774503447402,74641600
2016-08-15,25.036508560180664,25.050229142417265,24.716348265038388,24.730068847274993,103472800
2016-08-16,25.01363182067871,25.20801598828304,24.974755685050955,25.070803224154627,135177600
2016-08-17,24.977033615112305,25.011336793214497,24.77578923410323,24.94959072368413,101424000
2016-08-18,24.945026397705078,25.06394214550732,24.931304074884757,24.979329587656807,87938800
2016-08-19,25.009063720703125,25.084530406646195,24.78037806249972,24.8741382751019,101472400
2016-08-22,24.814680099487305,24.949603794044457,24.66374673466097,24.894719727168077,103280800
2016-08-23,24.892433166503906,24.999915703376054,24.819253826785246,24.832974407753408,85030800
2016-08-24,24.70490837097168,24.869562304003725,24.624868749284683,24.828398820745715,94700400
2016-08-25,24.599714279174805,24.670606269416346,24.396184198705306,24.558550794094852,100344800
2016-08-26,24.45564079284668,24.686612013138745,24.311567735430735,24.563123313543393,111065200
2016-08-29,24.428197860717773,24.56998357323382,24.306994761264573,24.382461434606956,99881200
2016-08-30,24.240680694580078,24.355023528045077,24.126337861115076,24.194944259087347,99455600
2016-08-31,24.2635498046875,24.371032351254886,24.15835460339883,24.162929293956257,118649600
2016-09-01,24.40761947631836,24.423627401559532,24.15377827268476,24.272694039514473,106806000
2016-09-02,24.636302947998047,24.698047298562003,24.428198193473584,24.629440913728413,107210000
2016-09-06,24.629444122314453,24.76665690985694,24.585995034676863,24.67518229973964,107521600
2016-09-07,24.780378341674805,24.871852954933342,24.485373629900923,24.659175220618827,169457200
2016-09-08,24.130908966064453,24.531108852664694,24.066877263365704,24.526535907357516,212008000
2016-09-09,23.584348678588867,24.17664537470225,23.584348678588867,23.929664472583937,186228000
2016-09-12,24.11262321472168,24.176654938066143,23.44714692267686,23.47458983756746,181171200
2016-09-13,24.686614990234375,24.878711841710718,24.524248389610946,24.585994491587748,248704800
2016-09-14,25.560192108154297,25.848336490600545,24.835259079485677,24.864989328027217,443554800
2016-09-15,26.42919921875,26.46578975844702,25.953532671086496,26.03814698558614,359934400
2016-09-16,26.28055191040039,26.557261310484716,26.0793091861753,26.326290082769418,319547600
2016-09-19,25.9741153717041,26.56869768588233,25.89864869187927,26.342299391140802,188092000
2016-09-20,25.971824645996094,26.09760242933149,25.729418457821776,25.852908896533055,138057200
2016-09-21,25.96725082397461,26.06787130250994,25.713409665990444,26.03585545778515,144012800
2016-09-22,26.211952209472656,26.28513155432334,26.070166465503682,26.15020610131955,124296000
2016-09-23,25.775156021118164,26.25082252945932,25.509881609176286,26.166208221954566,209924800
2016-09-26,25.81403160095215,25.93066175316282,25.5098810589065,25.53046192679103,119477600
2016-09-27,25.862060546875,25.88264316361179,25.690546301245323,25.84147967487134,98429600
2016-09-28,26.058725357055664,26.21651899108683,25.939809603908138,25.9992683528483,118564400
2016-09-29,25.653961181640625,26.024432633431566,25.567061246163757,25.878073929084536,143548000
2016-09-30,25.852909088134766,25.92608841405423,25.56705207364735,25.71798367003567,145516400
2016-10-03,25.731704711914062,25.852909553815465,25.67682065266904,25.775155537213298,86807200
2016-10-04,25.841474533081055,26.141052130858036,25.756860227302564,25.855195111686786,118947200
2016-10-05,25.852909088134766,25.992407450783244,25.77058212838377,25.93294870324469,85812400
2016-10-06,26.045007705688477,26.147915547003027,25.87120612872349,26.001556875263983,115117200
2016-10-07,26.083881378173828,26.19822418869675,25.958105333438315,26.14105278343529,97433600
2016-10-10,26.538969039916992,26.69904828893821,26.234816722043714,26.303421366738682,144944000
2016-10-11,26.596139907836914,27.142698433019806,26.57326994867143,26.916298399358585,256164000
2016-10-12,26.833972930908203,26.9803333498666,26.69904923690448,26.83626027589914,150347200
2016-10-13,26.75164794921875,26.856843138239455,26.46350354336801,26.708197117656685,140769600
2016-10-14,26.900291442871094,27.023781898930597,26.785948621860403,26.957462853376438,142608800
2016-10-17,26.881999969482422,26.948317275365774,26.70591103463414,26.831688845240055,94499600
2016-10-18,26.863697052001953,27.032923903324484,26.85912236306391,27.02606361465004,98214000
2016-10-19,26.783658981323242,26.93001763056003,26.02442283413263,26.81338748219759,80138400
2016-10-20,26.769939422607422,26.843118754782015,26.602999888927684,26.724202994273142,96503200
2016-10-21,26.66474151611328,26.735635240937782,26.59156219141872,26.712765284375394,92770800
2016-10-24,26.904865264892578,26.92544613453879,26.756219253426952,26.779087467944834,94154800
2016-10-25,27.04207992553711,27.06723548830231,26.827114841810193,26.973473528044174,192516000
2016-10-26,26.433774948120117,26.45893051062822,25.912371915648823,26.14105757864382,264536800
2016-10-27,26.179935455322266,26.495521042006445,26.093033786794877,26.388038501290872,138248000
2016-10-28,26.006139755249023,26.346880981631973,25.94439363522827,26.04044296140127,151446800
2016-10-31,25.964962005615234,26.12275562046842,25.887207998030846,25.990117560004368,105677600
2016-11-01,25.49616241455078,26.01756541298802,25.276624401773685,25.94667342040158,175303200
2016-11-02,25.51902961730957,25.692831191466432,25.43670439242786,25.475580532320077,113326800
2016-11-03,25.245502471923828,25.62017331781611,25.181142007961093,25.509841594934596,107730400
2016-11-04,25.017934799194336,25.342037894308067,24.850138160736485,24.946678836590927,123348000
2016-11-07,25.378816604614258,25.401802229569288,25.160448783314564,25.302962463940972,130240000
2016-11-08,25.528221130371094,25.67992939440463,25.215611756323725,25.355826332346027,97016800
2016-11-09,25.486852645874023,25.587991513710712,24.836350779053614,25.256992858020464,236705600
2016-11-10,24.776588439941406,25.535124739590028,24.326063435338263,25.535124739590028,228538000
2016-11-11,24.923690795898438,25.024829639098517,24.49155513132728,24.622575108340758,136575600
2016-11-14,24.298471450805664,24.781176525179863,23.92380072835661,24.758190903293574,204702000
2016-11-15,24.62027931213379,24.751299306666837,24.40191323914231,24.496154829888138,129058000
2016-11-16,25.282270431518555,25.33743802767343,24.503046111158728,24.526031732711335,235362000
2016-11-17,25.27307891845703,25.36502316958602,25.015637119724733,25.24089869361549,110528000
2016-11-18,25.298364639282227,25.408698095771,25.206422138180844,25.220213162607894,113715600
2016-11-21,25.682233810424805,25.741996090147072,25.286874711014445,25.312159426931917,117058400
2016-11-22,25.69832420349121,25.84083614527255,25.60637994040234,25.73280176766995,103862000
2016-11-23,25.567306518554688,25.631666982449776,25.360432346255397,25.597187661451375,109705600
2016-11-25,25.696020126342773,25.714409326128887,25.502937035969804,25.54431185864325,45903600
2016-11-28,25.64545440673828,25.852328549976207,25.604079578090698,25.613274179311368,108776000
2016-11-29,25.62016487121582,25.751184844999162,25.300659992100464,25.46386018725582,114115200
2016-11-30,25.404096603393555,25.790261020175535,25.34663167085868,25.65234553282995,144649200
2016-12-01,25.16734504699707,25.500642756715852,25.06160976609378,25.36962276149973,148347600
2016-12-02,25.261587142944336,25.30525930339659,25.020233701415115,25.09378875204552,106112000
2016-12-05,25.079999923706055,25.29147049357029,24.882320379013997,25.2845749809842,137298000
2016-12-06,25.27307891845703,25.367322258129196,25.09838677037175,25.169642731993623,104782000
2016-12-07,25.52132797241211,25.558106374487007,25.09149135872883,25.114476983180275,119994800
2016-12-08,25.771879196166992,25.84313516687226,25.422491348076566,25.482255381982473,108273200
2016-12-09,26.192523956298828,26.36491880924601,25.815554018149612,25.815554018149612,137610400
2016-12-12,26.04311180114746,26.43387269604749,25.856924200952502,26.04081271248829,105497600
2016-12-13,26.47754669189453,26.645343337012505,26.146548071609143,26.16723460853157,174935200
2016-12-14,26.47754669189453,26.709703790136704,26.42927635205138,26.443067376666335,136127200
2016-12-15,26.622360229492188,26.831533475621246,26.486743798109075,26.5212213629075,186098000
2016-12-16,26.656837463378906,26.77866285931573,26.58328240807606,26.771767346895285,177404400
2016-12-19,26.81084442138672,26.980940166427025,26.60626935883651,26.61776304923679,111117600
2016-12-20,26.88209342956543,27.008516976463365,26.82003207707311,26.833823099029075,85700000
2016-12-21,26.90738296508789,26.98553619546714,26.84302251282898,26.847620690099358,95132800
2016-12-22,26.730392456054688,26.78096188527395,26.580983257095284,26.74418348086327,104343600
2016-12-23,26.78325843811035,26.78325843811035,26.569488791365973,26.569488791365973,56998000
2016-12-27,26.953357696533203,27.077482185425456,26.77636468778853,26.783260200445167,73187600
2016-12-28,26.838422775268555,27.12804477467143,26.709700132954477,27.01311490877457,83623600
2016-12-29,26.8315372467041,26.918883345954633,26.75568308610454,26.767175024755506,60158000
2016-12-30,26.622360229492188,26.93956610147463,26.532715053634302,26.81314427193476,122345200
2017-01-03,26.69820785522461,26.739582676563,26.3787029724356,26.617757300869563,115127600
2017-01-04,26.668325424194336,26.780957955908196,26.60626406797066,26.629249690509408,84472400
2017-01-05,26.8039493560791,26.86141430165792,26.620060828750496,26.645345545100454,88774400
2017-01-06,27.10276222229004,27.160227156096582,26.77176364238335,26.84301959912247,127007600
2017-01-09,27.35101318359375,27.452152042252223,27.10966148046446,27.111958815476992,134247600
2017-01-10,27.378597259521484,27.44065862560375,27.192411407583823,27.30044402604622,97848400
2017-01-11,27.52570343017578,27.56707825286981,27.261364382613422,27.29354460540982,110354400
2017-01-12,27.410778045654297,27.422271735829046,27.17172367028493,27.330327475503765,108344800
2017-01-13,27.362503051757812,27.495822118879804,27.30963454110923,27.378593163052493,104447600
2017-01-17,27.583168029785156,27.63833387481136,27.174017984600503,27.20160003026831,137759200
2017-01-18,27.58087158203125,27.6981005484148,27.51651113105699,27.58317067062055,94852000
2017-01-19,27.5325984954834,27.603854451421988,27.438356917018545,27.445252428407365,102389200
2017-01-20,27.583168029785156,27.68660420842061,27.521106673342,27.68660420842061,130391600
2017-01-23,27.6015567779541,27.769353398657703,27.530299069199586,27.583167578682577,88200800
2017-01-24,27.576274871826172,27.606156008413322,27.468240507232313,27.47973419636854,92844000
2017-01-25,28.015302658081055,28.06587207818311,27.64752744873502,27.67970766994714,129510400
2017-01-26,28.02910041809082,28.144030301053384,27.95094718575704,27.967037299224167,105350400
2017-01-27,28.03139877319336,28.123343033647554,27.95094820293003,28.075072691489556,82251600
2017-01-30,27.957853317260742,27.957853317260742,27.734890732726715,27.79695212147505,121510000
2017-01-31,27.89348030090332,27.90267490134263,27.725683665535442,27.847509052397502,196804000
2017-02-01,29.59444808959961,29.994405388574847,29.194492544315402,29.19908896851109,447940000
2017-02-02,29.54387855529785,29.74155811517505,29.3714837126392,29.417456722896123,134841600
2017-02-03,29.67030143737793,29.69558615399653,29.45883085628691,29.49330842104774,98029200
2017-02-06,29.94841766357422,29.996689742038733,29.628912832670714,29.681783087031977,107383600
2017-02-07,30.233449935913086,30.362170823232386,29.98520100720538,30.00588754108574,152735200
2017-02-08,30.350679397583008,30.39205597580901,30.162196229210775,30.19207911863059,92016400
2017-02-09,30.569992065429688,30.57691747290408,30.26987815871774,30.392231720882286,113399600
2017-02-10,30.500732421875,30.69003627370901,30.484574313048007,30.57922623896501,80262000
2017-02-13,30.770835876464844,30.893192961014726,30.646175019544277,30.72235802422429,92141600
2017-02-14,31.170228958129883,31.186387072747426,30.761612185180123,30.812400869844556,132904800
2017-02-15,31.283342361450195,31.45879543989374,31.07788035321102,31.285653179380226,142492400
2017-02-16,31.246397018432617,31.373365146688556,31.128658068293166,31.320269191822234,90338400
2017-02-17,31.33182144165039,31.357215778896258,31.188691644039906,31.188691644039906,88792800
2017-02-21,31.558069229125977,31.56961275366342,31.391852339036305,31.449566439134408,98028800
2017-02-22,31.65271759033203,31.655024885940847,31.421861216256996,31.495733424214876,83347600
2017-02-23,31.518821716308594,31.73813457582957,31.465725734497777,31.715051051063014,83152800
2017-02-24,31.5488224029541,31.5488224029541,31.230239585770025,31.375680180151893,87106400
2017-02-27,31.611160278320312,31.728899278590717,31.46110505053433,31.659641664770813,81029600
2017-02-28,31.625011444091797,31.72889609309764,31.558061132505042,31.645787669375324,93931600
2017-03-01,32.27140808105469,32.35451650915443,31.76583562625202,31.832782418776734,145658400
2017-03-02,32.079803466796875,32.38453205049584,32.03362937365845,32.319892547208525,104844000
2017-03-03,32.26909637451172,32.28063989511755,31.99437678799724,32.038240052746666,84432400
2017-03-06,32.16752243041992,32.26679249102052,31.996690988707904,32.17444783899807,87000000
2017-03-07,32.20908737182617,32.31527934798159,32.04055965593592,32.10289187308148,69785200
2017-03-08,32.08902359008789,32.27370932246198,32.04747114966208,32.07748007132938,74828800
2017-03-09,32.01515197753906,32.04054631301657,31.638858580574993,32.02900631537136,88623600
2017-03-10,32.12135696411133,32.17214565013795,32.00592877270334,32.14675130712464,78451200
2017-03-13,32.135196685791016,32.18829264917748,32.047473685975916,32.054399093261644,69686800
2017-03-14,32.08673095703125,32.23909349746687,32.052100384931684,32.158295874412474,61236400
2017-03-15,32.42607498168945,32.49302175365911,32.09594866605252,32.18367518060828,102767200
2017-03-16,32.479183197021484,32.555366221686945,32.379913126364556,32.486108606301194,76928000
2017-03-17,32.31757354736328,32.55073713387873,32.294486509155334,32.55073713387873,175540000
2017-03-20,32.656944274902344,32.66617697993997,32.37298839810612,32.412233559046285,86168000
2017-03-21,32.28295135498047,32.96628770549994,32.25755701540671,32.806996259318026,158119600
2017-03-22,32.64771270751953,32.68926869259248,32.26449022586433,32.285269979695414,103440800
2017-03-23,32.53227615356445,32.68464218874113,32.460711249263134,32.61076646650214,81385200
2017-03-24,32.46763229370117,32.72157565152801,32.40068551168565,32.666168867296385,89582400
2017-03-27,32.523040771484375,32.60153107795881,32.00130321325164,32.17906357298683,94300400
2017-03-28,33.19713592529297,33.252539181636585,32.46301107545243,32.529961373650984,133499200
2017-03-29,33.271018981933594,33.35643823436015,33.05632424825825,33.16944161532169,116760000
2017-03-30,33.22715377807617,33.358743592432035,33.12788723539098,33.28717868536346,84829200
2017-03-31,33.164817810058594,33.305640297811806,33.01475909740384,33.178668624823224,78646800
2017-04-03,33.17405319213867,33.27101242591104,33.02399798995029,33.17636400984456,79942800
2017-04-04,33.421085357666016,33.448787001208686,33.05171367167958,33.07018260823785,79565600
2017-04-05,33.24794006347656,33.58037384658186,33.199458669028225,33.294110639443595,110871600
2017-04-06,33.164817810058594,33.36335437438955,33.1163364357947,33.310254887674894,84596000
2017-04-07,33.090938568115234,33.28485699929098,33.07478046014424,33.18097237706021,66688800
2017-04-10,33.05170822143555,33.21561780474298,32.98937601115369,33.15097829874287,75733600
2017-04-11,32.696197509765625,33.09327085362153,32.33375122158743,32.998618871316324,121517600
2017-04-12,32.73543167114258,32.81622928141407,32.55305317900341,32.68926110490339,81400000
2017-04-13,32.562294006347656,32.86933342297136,32.562294006347656,32.760830639555884,71291600
2017-04-17,32.74235153198242,32.753895052233354,32.52072791996312,32.661550412813725,66328400
2017-04-18,32.59691619873047,32.7908346889943,32.57613997247114,32.64539758259062,58790000
2017-04-19,32.47687530517578,32.78160743129531,32.4237793217176,32.75390579168043,69313600
2017-04-20,32.8831787109375,32.99398877144453,32.58768286785988,32.601533685099724,93278400
2017-04-21,32.84393310546875,32.93858152950958,32.74697386352734,32.883178261307776,69283600
2017-04-24,33.16019821166992,33.23176309980541,33.05400276558699,33.12787847113817,68537200
2017-04-25,33.36567687988281,33.451092624928684,33.2133108028367,33.2225470319488,75486000
2017-04-26,33.1694450378418,33.381836020448354,33.10019093763208,33.35182356196479,80164800
2017-04-27,33.1948356628418,33.28025491451147,33.08402559233279,33.22484811796265,56985200
2017-04-28,33.162513732910156,33.31257247606476,33.07479071404166,33.264091091946895,83441600
2017-05-01,33.83890914916992,33.982038895256416,33.46492315580235,33.49724288951823,134411600
2017-05-02,34.05360794067383,34.18750500321283,33.89893465875478,34.06053334713385,181408800
2017-05-03,33.94972610473633,34.04899614311443,33.305638593035376,33.61036707002252,182788000
2017-05-04,33.827388763427734,33.968211311466995,33.66117186991945,33.82508146750844,93487600
2017-05-05,34.38835525512695,34.39296984476421,33.880468588027576,33.880468588027576,109310800
2017-05-08,35.32331466674805,35.48260604792333,34.40450774887776,34.40450774887776,195009600
2017-05-09,35.549560546875,35.755022499341734,35.42489618049583,35.52185539735332,156521600
2017-05-10,35.38104248046875,35.53802662820742,35.11555909039869,35.466461724236616,103222800
2017-05-11,35.68703842163086,35.71485794084728,35.30687133887663,35.339324497021664,109020400
2017-05-12,36.1854248046875,36.259601924283665,35.853935742783264,35.86088973721014,130108000
2017-05-15,36.09269332885742,36.31291137117154,35.942018757044565,36.16455361809518,104038800
2017-05-16,36.03937911987305,36.17614570849867,35.8655222077506,36.14832973444002,80194000
2017-05-17,34.82932662963867,35.830743908425006,34.70415123835394,35.60588873806216,203070800
2017-05-18,35.36018371582031,35.54563183518866,35.03333534048926,35.065788496094065,134272800
2017-05-19,35.480716705322266,35.6939807515945,35.381040443999204,35.55489734948363,107843200
2017-05-22,35.69629669189453,35.833063258380626,35.44594235450977,35.69861351031507,91865600
2017-05-23,35.65225601196289,35.907244012150436,35.53866822949923,35.907244012150436,79675600
2017-05-24,35.54562759399414,35.73802968538322,35.390315829478965,35.66153221262889,76712000
2017-05-25,35.66847610473633,35.77974705384383,35.47375724948908,35.63602296219512,76942400
2017-05-26,35.608219146728516,35.75426010657202,35.53867566408264,35.69862461302962,87710400
2017-05-30,35.62211608886719,35.79828979142458,35.543301816969986,35.5641637941556,80507600
2017-05-31,35.411170959472656,35.73802276968402,35.32308587160289,35.69166163862716,97804800
2017-06-01,35.508541107177734,35.54331461880568,35.28600619612489,35.50622428792066,65616400
2017-06-02,36.03474426269531,36.03474426269531,35.44131319709185,35.60126213247194,111082800
2017-06-05,35.68239212036133,35.80293390712862,35.57344503933726,35.77743475102646,101326800
2017-06-06,35.80292510986328,36.118185718240646,35.64761339254073,35.675429360679935,106499600
2017-06-07,36.016178131103516,36.15758182121713,35.80986817704852,35.93504706973984,84278400
2017-06-08,35.928104400634766,36.055596613968014,35.79133430261688,35.98837351124916,85003200
2017-06-09,34.53494644165039,35.97448366420415,33.84879293580779,35.97448366420415,259530800
2017-06-12,33.7097053527832,33.86501714721612,33.03513949347641,33.78388602082044,289229200
2017-06-13,33.98090744018555,34.18026347994899,33.64710164922095,34.11304037291214,136661600
2017-06-14,33.6494255065918,34.19185820479447,33.34343565398856,34.19185820479447,126124800
2017-06-15,33.447750091552734,33.49179440836366,32.965590036801295,33.22289840705595,128661600
2017-06-16,32.97949981689453,33.49643340429505,32.96327147313324,33.3295304773726,201444400
2017-06-19,33.92296600341797,34.01569182899518,33.30171888912925,33.30171888912925,130165600
2017-06-20,33.61463928222656,34.04580438773756,33.598414483101244,34.04580438773756,99600400
2017-06-21,33.81400680541992,33.86037147503061,33.52192848736202,33.732875707856564,85063200
2017-06-22,33.75837707519531,34.006411095665946,33.6401521119135,33.7908302237745,76425200
2017-06-23,33.909053802490234,34.11304705629635,33.637837428477,33.642474603462084,141757600
2017-06-26,33.80242156982422,34.37267026030625,33.70042494885919,34.115361889100086,102769600
2017-06-27,33.31794357299805,33.88124190774111,33.292444413200975,33.61465913947565,99047600
2017-06-28,33.804744720458984,33.86965103011628,33.1858144223585,33.494121161794965,88329600
2017-06-29,33.30635070800781,33.64247694381055,32.981819179038446,33.54511748511974,125997600
2017-06-30,33.38517379760742,33.60307508871663,33.32953829653839,33.48485009108605,92096400
2017-07-03,33.26462173461914,33.681879021294286,33.171899465192595,33.584519577258064,57111200
2017-07-05,33.401397705078125,33.56366349073163,33.08382012907563,33.30867540959865,86278400
2017-07-06,33.086124420166016,33.26461848536121,33.0119473192959,33.153351065492295,96515200
2017-07-07,33.42224884033203,33.55438178247811,33.12553334657291,33.12553334657291,76806800
2017-07-10,33.62624740600586,33.832557485774224,33.234489228921056,33.406029337936204,84362400
2017-07-11,33.735206604003906,33.80938727663406,33.46862732813874,33.54975845955767,79127200
2017-07-12,33.783878326416016,33.88587141604451,33.570614260074045,33.81401112095547,99538000
2017-07-13,34.25444412231445,34.42134701782428,33.714328298946185,33.728236284050766,100797600
2017-07-14,34.548851013183594,34.61607768026899,34.15245915410795,34.30081694099434,80528400
2017-07-17,34.669395446777344,34.98001903392579,34.43990652270493,34.49785884286526,95174000
2017-07-18,34.7899169921875,34.801508156891565,34.46306524801784,34.58592381220187,71475200
2017-07-19,35.00782012939453,35.10054237800285,34.759782631820336,34.882641202933534,83692000
2017-07-20,34.85020065307617,35.17473571470918,34.81543068156793,35.11910022316766,68974800
2017-07-21,34.83397674560547,34.87338389337596,34.5117620318318,34.76907043902721,105010400
2017-07-24,35.255855560302734,35.33699018406429,34.74819291574987,34.90582498951104,85972800
2017-07-25,35.40654373168945,35.661531767224204,35.18864248543714,35.18864248543714,75415600
2017-07-26,35.57344055175781,35.68238761903824,35.48071475166183,35.54794139887237,63124000
2017-07-27,34.90119934082031,35.69630689001143,34.145502475929085,35.640671397877796,129905200
2017-07-28,34.655479431152344,34.82469917644037,34.58361913673393,34.74588488818327,68854800
2017-07-31,34.47697448730469,34.84787054859077,34.33789111716764,34.748190773055256,79383600
2017-08-01,34.782981872558594,34.82238902423158,34.40281480903996,34.56276377220777,141474400
2017-08-02,36.42649459838867,37.03151670290718,36.199322591170265,36.92256610475473,279747200
2017-08-03,36.06257629394531,36.44274342338411,35.93508046517298,36.40565308462681,108389200
2017-08-04,36.252647399902344,36.48677346215096,36.090381637099924,36.178470281390524,82239600
2017-08-07,36.81362533569336,36.8391244939229,36.31755369687816,36.40795916021411,87481200
2017-08-08,37.10802459716797,37.51369077846636,36.688450427022744,36.76494790280871,144823600
2017-08-09,37.33518600463867,37.38386748882659,36.883158810582536,36.917928772768626,104526000
2017-08-10,36.14600372314453,37.23512955823391,35.98542665876166,37.211856181852546,163217200
2017-08-11,36.648658752441406,36.90232565697976,36.32052701990321,36.44386804688207,105028400
2017-08-14,37.20022201538086,37.28400119660953,36.94422908634365,37.07688093621345,88490800
2017-08-15,37.60747146606445,37.74710103116794,37.267699444045775,37.388714574616245,117862000
2017-08-16,37.456214904785156,37.81925687380376,37.270038534488236,37.68660856251723,110686400
2017-08-17,36.73711013793945,37.400362308938035,36.732454752422,37.35614502406897,111762400
2017-08-18,36.6533088684082,37.11874771118164,36.47178800380789,36.737088002148084,109712400
2017-08-21,36.58583450317383,36.744082060180695,36.09712212814853,36.653321596363746,105474000
2017-08-22,37.183921813964844,37.23512038858057,36.77433676805687,36.82320587499691,86418400
2017-08-23,37.23047637939453,37.344510248792105,36.97448697912045,37.01870426625459,77596400
2017-08-24,37.065242767333984,37.40734078109702,36.897684411571745,37.33519473960121,79275600
2017-08-25,37.202552795410156,37.365455793809865,37.065249093260334,37.15368012038072,101920400
2017-08-28,37.57722473144531,37.70056580462589,37.21883464818906,37.267707314457965,103864000
2017-08-29,37.9123420715332,37.961211187597634,37.23512734077837,37.25840071577374,118067600
2017-08-30,38.01473617553711,38.14040315773417,37.842522447101416,38.11945925253769,109078400
2017-08-31,38.1660041809082,38.28701933479134,38.04498902702507,38.08222500529962,107140400
2017-09-01,38.17763137817383,38.38475157319191,38.079889622762565,38.35217098805483,66364400
2017-09-05,37.71918487548828,38.224185869992446,37.365450167215954,38.107826095654566,117874000
2017-09-06,37.67961502075195,37.93095250636385,37.356135058449354,37.86579133057755,86606800
2017-09-07,37.52835464477539,37.75642236834919,37.3189084629825,37.721512304037944,87714000
2017-09-08,36.91631317138672,37.50276403663059,36.893039789789334,37.435276911629316,114446000
2017-09-11,37.58421325683594,37.71220973974105,37.20953458016046,37.3514936701063,126323200
2017-09-12,37.43525695800781,38.15668879075786,36.948874080640124,37.84251606174984,286856000
2017-09-13,37.15366744995117,37.22581347915636,36.748737785023984,37.204866024990814,179629600
2017-09-14,36.83484649658203,37.09549123082952,36.79062921823258,37.00007892341132,95042800
2017-09-15,37.20719909667969,37.460862528753474,36.76968524978679,36.879063711510014,196458400
2017-09-18,36.92560577392578,37.35148292120562,36.769684121809895,37.26072245054061,113077600
2017-09-19,36.9395637512207,37.18159401003139,36.87207666138976,37.12108466981991,83242400
2017-09-20,36.32054138183594,36.83019420658848,35.79924831851858,36.74641502768066,211805600
2017-09-21,35.69685363769531,36.25770863694524,35.54791325936947,36.25770863694524,150046800
2017-09-22,35.3477668762207,35.43620142795852,35.0382494961563,35.26631362582871,186581600
2017-09-25,35.03593826293945,35.333819081929974,34.712458144612896,34.90561584850853,177549200
2017-09-26,35.638671875,35.820192840580866,35.30122923647242,35.3221731438044,146640000
2017-09-27,35.892337799072266,36.006371665189434,35.73176072979134,35.79227008982112,102016800
2017-09-28,35.67124938964844,35.90396892040085,35.53627163568985,35.81320844544814,88022000
2017-09-29,35.86674118041992,35.869070648914104,35.37337679824419,35.65496905757333,105199200
2017-10-02,35.79458999633789,35.94353035206246,35.54092656332573,35.89931307362548,74795200
2017-10-03,35.95050811767578,36.09246715768579,35.81785984643047,35.84112966630654,64921200
2017-10-04,35.7177848815918,35.80621942052902,35.48041356815631,35.75269493428581,80655200
2017-10-05,36.162296295166016,36.17393298465975,35.85045290244079,35.880704033901615,85135200
2017-10-06,36.141334533691406,36.185551801316265,35.96912084689387,36.0645366821878,69630400
2017-10-09,36.26700973510742,36.47412996923933,36.185560032391976,36.260028433475185,65051600
2017-10-10,36.280982971191406,36.7696955347829,36.0948101384129,36.31821895815477,62468000
2017-10-11,36.4322509765625,36.53231869152107,36.24607460227,36.29727319397591,67622400
2017-10-12,36.30425262451172,36.623077296490706,36.24141734683788,36.38570589375628,64500400
2017-10-13,36.534645080566406,36.602132190661905,36.39966730935674,36.4741357221856,65576800
2017-10-16,37.20719909667969,37.23512430358156,36.688231994965435,36.746411876689784,96486000
2017-10-17,37.344512939453125,37.4375993551653,37.055939369114775,37.183935853983364,75989200
2017-10-18,37.17926788330078,37.40035426006646,37.14203546022998,37.33286361315338,65496800
2017-10-19,36.299591064453125,36.55558396623373,36.07618230564295,36.47878609569955,170336800
2017-10-20,36.36241912841797,36.71149835205078,36.294932040963324,36.446198284130546,95896400
2017-10-23,36.34379196166992,36.69752647986725,36.18787037396198,36.51135023076252,87937200
2017-10-24,36.560237884521484,36.6347062841316,36.350788186643285,36.37173209112569,71028800
2017-10-25,36.399662017822266,36.66496213617895,36.13436189946558,36.516021781154464,84828400
2017-10-26,36.632381439208984,36.73012321400495,36.485767001505955,36.590490078000336,68002000
2017-10-27,37.94491195678711,38.07290838110051,36.93258079751083,37.069884438584545,177816800
2017-10-30,38.79899978637695,39.11317256791725,38.10084120608133,38.140403099509236,178803200
2017-10-31,39.33891296386719,39.480872037882925,38.85020401718745,39.073612806807134,144187200
2017-11-01,38.838558197021484,39.548353400209294,38.54067751355543,39.532061330307975,134551200
2017-11-02,39.12248611450195,39.213246602579936,38.463889321107885,38.771080850614126,165573600
2017-11-03,40.14411544799805,40.5537005069561,39.82296138808833,40.49319471276325,237594400
2017-11-06,40.55137634277344,40.72359006586679,39.962596241505004,40.11386250903352,140105200
2017-11-07,40.681705474853516,40.78410264881094,40.40011679748923,40.47225929249961,97446000
2017-11-08,41.014488220214844,41.014488220214844,40.569993098457765,40.64679096381511,97638000
2017-11-09,40.93070602416992,40.981904597285485,40.293053327832816,40.751511018265454,117930400
2017-11-10,40.79524612426758,40.96107253375823,40.70182510390722,40.898011384934065,100582000
2017-11-13,40.63175582885742,40.75554027927347,40.49862713853262,40.52198417452118,67928400
2017-11-14,40.01750564575195,40.51731561124466,39.980135810403205,40.41455034592742,99130000
2017-11-15,39.48967742919922,39.779288361333066,39.3261888238754,39.697542276779,116632400
2017-11-16,39.961448669433594,40.14128429391195,39.77460308353181,39.98013002061895,94550000
2017-11-17,39.73957061767578,40.029181476503545,39.62045828475755,39.94743541264098,87598000
2017-11-20,39.69987869262695,39.835341705411594,39.601785524152106,39.77228053861187,65049600
2017-11-21,40.43790817260742,40.568699035095165,39.886715563706446,39.886715563706446,100525200
2017-11-22,40.862979888916016,40.87232056555196,40.416886849149655,40.4892886753747,102355600
2017-11-24,40.86530685424805,40.98909128927828,40.790567199401096,40.89567028450248,56106800
2017-11-27,40.65978240966797,40.891004241956935,40.48461532684453,40.88399784374668,82867200
2017-11-28,40.42156219482422,40.84196038887473,40.13895770201275,40.70883524443442,105715200
2017-11-29,39.58308792114258,40.386521497492396,39.041239607375275,40.31879179469024,166665600
2017-11-30,40.13662338256836,40.20435309391894,39.34019610378886,39.80497053343879,166108800
2017-12-01,39.94978332519531,40.09458700921995,39.35421438290488,39.6928701143926,159037200
2017-12-04,39.657833099365234,40.31645955791869,39.61812898340491,40.2837618410229,130169600
2017-12-05,39.62046432495117,40.05955101829121,39.33085342197184,39.485001333095546,109400800
2017-12-06,39.47331237792969,39.7512446874194,38.87774721620376,39.120643974908816,114240000
2017-12-07,39.545719146728516,39.80730082895225,39.44996029384907,39.477985884435,102693200
2017-12-08,39.55740737915039,39.938105076725485,39.428954336656226,39.818992712967784,93420800
2017-12-11,40.32813262939453,40.379515258115376,39.42193379244509,39.51769265176879,141095200
2017-12-12,40.101593017578125,40.262747342436676,40.04554181852073,40.20669257959501,77636800
2017-12-13,40.234718322753906,40.53133206264366,40.171657165390585,40.28843523854579,95273600
2017-12-14,40.22304153442383,40.435578492024916,40.08991281467893,40.265079931953295,81906000
2017-12-15,40.63175582885742,40.67846633705121,40.27908739364348,40.552347608549645,160677200
2017-12-18,41.20396041870117,41.3861338636754,40.839613528752714,40.844285647895894,117684400
2017-12-19,40.76487350463867,40.9633975829064,40.659773989466274,40.879317258011945,109745600
2017-12-20,40.720516204833984,40.970419432330885,40.463603014151154,40.841962836989474,93902400
2017-12-21,40.87466049194336,41.11055448405394,40.6621271041095,40.67847418142717,83799600
2017-12-22,40.87466049194336,40.970419368665794,40.755548138512246,40.79758653485828,65397600
2017-12-26,39.837669372558594,40.04786845648848,39.629801003099054,39.89138628266804,132742000
2017-12-27,39.84468078613281,39.88671918269649,39.63681595429407,39.727902710632755,85992800
2017-12-28,39.9567756652832,40.13661484956386,39.81664058801304,39.938090750728314,65920800
2017-12-29,39.524696350097656,39.84233277695567,39.52236207214556,39.82598570372476,103999600
2018-01-02,40.23237991333008,40.2417241547698,39.531711484275874,39.74191415126249,102223600
2018-01-03,40.225372314453125,40.767224260711025,40.16231472364331,40.29543986802562,118071600
2018-01-04,40.4122200012207,40.51498527654076,40.19034237338912,40.29777620574446,89738400
2018-01-05,40.87232971191406,40.958744354322555,40.41689589359532,40.50798265725906,94640000
2018-01-08,40.720516204833984,41.014795671065556,40.622419485639426,40.720516204833984,82271200
2018-01-09,40.71583557128906,40.886330527395515,40.500964385725915,40.767218198682784,86336000
2018-01-10,40.70648956298828,40.70882740472124,40.40520377343591,40.44257360333201,95839600
2018-01-11,40.93772506713867,40.98677343075358,40.75321726146878,40.77657074012666,74670800
2018-01-12,41.360450744628906,41.423511892310295,41.024129375372745,41.14791382880961,101672400
2018-01-16,41.1502571105957,41.897636050085076,41.13857859077258,41.54963611654576,118263600
2018-01-17,41.82991027832031,41.864942277306454,40.88867922519407,41.14091674546278,137547200
2018-01-18,41.86725997924805,42.06344978724467,41.631369630642126,41.89295128959387,124773600
2018-01-19,41.680419921875,41.94200159305397,41.435185323253215,41.71545190862826,129700400
2018-01-22,41.33943557739258,41.52160907619025,41.246014549623844,41.40950313011101,108434400
2018-01-23,41.34877395629883,41.909310783105305,41.297394888530555,41.40950082837842,130756400
2018-01-24,40.690155029296875,41.40950843945654,40.451926745023115,41.397829918542136,204420400
2018-01-25,39.963783264160156,40.8606378070579,39.82832030240219,40.75787255580819,166116000
2018-01-26,40.057212829589844,40.171656622698116,39.71855713477156,40.171656622698116,156572000
2018-01-29,39.22808837890625,39.74191114188095,39.0202235699117,39.74191114188095,202561600
2018-01-30,38.99686050415039,39.0902815143299,38.46668718373474,38.66053916545118,184192800
2018-01-31,39.10430145263672,39.34019542667271,38.887095960590166,38.97351058898067,129915600
2018-02-01,39.18605041503906,39.38223672499564,38.947822145072344,39.04358102152163,188923200
2018-02-02,37.48576354980469,38.95716806545105,37.39234251164283,38.77032242534317,346375200
2018-02-05,36.54920959472656,38.275189702823376,36.43476577822991,37.158791395490645,290954000
2018-02-06,38.07665252685547,38.237806813801605,35.96764112765475,36.16149312762015,272975200
2018-02-07,37.26155471801758,38.163081795909825,37.15178658229281,38.090679943847086,206434400
2018-02-08,36.236228942871094,37.60253360818496,36.20820335015767,37.436707202469265,217562000
2018-02-09,36.67945098876953,37.026522336386975,35.232534933914586,36.83422735479435,282690400
2018-02-12,38.15685272216797,38.43357083958652,36.937406518800216,37.169571058398745,243278000
2018-02-13,38.53910446166992,38.63525375165295,37.90827637720075,37.97862960348866,130196800
2018-02-14,39.249656677246094,39.28952266255722,38.196716602413595,38.23423521438623,162579600
2018-02-15,40.56761169433594,40.591060388671146,39.631921837320796,39.81718190932094,204588800
2018-02-16,40.436283111572266,40.9967616423969,40.28151028166677,40.41986938372041,160704400
2018-02-20,40.300262451171875,40.86542487019202,40.19942199726563,40.34716340675717,135722000
2018-02-21,40.11735534667969,40.83260313328711,40.10328183632004,40.53008885937035,149886400
2018-02-22,40.45269012451172,40.792726514243476,40.26743010361679,40.288534996190876,123967600
2018-02-23,41.15620422363281,41.19137903523401,40.69656640827321,40.7270536305359,135249600
2018-02-26,41.969966888427734,42.06845998293298,41.322725019544364,41.355556051046115,152648800
2018-02-27,41.83395004272461,42.32407170138227,41.78001411689453,42.00045256808782,155712400
2018-02-28,41.7706298828125,42.35690081010692,41.75421615757141,42.037969282526205,151128400
2018-03-01,41.03895950317383,42.159909082195455,40.49021084632658,41.86911745238018,195208000
2018-03-02,41.32271194458008,41.34381683422894,40.44095838613417,40.523037728074755,153816000
2018-03-05,41.46577072143555,41.68151798734125,40.92640076751445,41.08821211152215,113605600
2018-03-06,41.43059158325195,41.80111522190971,41.30395864315268,41.72138323820596,95154000
2018-03-07,41.04600143432617,41.23830002337251,40.86777635385295,41.02489653893735,126814000
2018-03-08,41.4939079284668,41.53611771378168,41.055378460010644,41.151524163776784,95096400
2018-03-09,42.20682144165039,42.21151261164634,41.599445535644904,41.733117043172626,128740800
2018-03-12,42.614871978759766,42.77199219669841,42.26076553937398,42.27952306476591,128828400
2018-03-13,42.20447540283203,43.03228973656736,42.033285279377445,42.81888624202116,126774000
2018-03-14,41.845680236816406,42.33345814716971,41.69793879704333,42.286557181971446,117473600
2018-03-15,41.89492416381836,42.26779523875993,41.75891244094542,41.8597493351985,90975200
2018-03-16,41.7471809387207,42.00513799817259,41.65337544393605,41.894918778246705,157618800
2018-03-19,41.109310150146484,41.6181927867662,40.724716639699125,41.58301796928839,133787200
2018-03-20,41.09524154663086,41.461073973434026,41.02488833109644,41.09524154663086,78597600
2018-03-21,40.16426086425781,41.060081229692244,40.1619134897747,41.048355092220945,148219600
2018-03-22,39.59672927856445,40.49489295022914,39.5381022015031,39.86641240172156,165963200
2018-03-23,38.679805755615234,39.847656274311774,38.679805755615234,39.488858804240465,164115200
2018-03-26,40.516021728515625,40.593409938429524,39.03158296376278,39.413832842888034,150164800
2018-03-27,39.477134704589844,41.07413599250078,39.14413327762529,40.729408432396,163690400
2018-03-28,39.040950775146484,39.87111237349299,38.73843656517135,39.221523214294066,166674000
2018-03-29,39.34580993652344,40.27680835477367,39.13944144734554,39.35284490062601,153594000
2018-04-02,39.087852478027344,39.61784367192837,38.569590996327946,39.078473717905176,150347200
2018-04-03,39.48885726928711,39.573280410628975,38.66573432493875,39.31297602301765,121112000
2018-04-04,40.243961334228516,40.33776320385612,38.63992574673764,38.665721797632024,138422000
2018-04-05,40.52304458618164,40.85838981728814,40.354198283789394,40.47145246165548,107732800
2018-04-06,39.48652267456055,40.4480048978712,39.44430930489733,40.09389852773458,140021200
2018-04-09,39.878150939941406,40.59105484435307,39.83124997936275,39.838284944533854,116070800
2018-04-10,40.62857437133789,40.80445564567269,40.22521969593166,40.56994727989296,113634400
2018-04-11,40.43862533569336,40.785696733727676,40.26508784751927,40.389377001781156,89726400
2018-04-12,40.837276458740234,41.038953745995926,40.57931588958314,40.666086396470234,91557200
2018-04-13,40.975650787353516,41.23595524849731,40.76928583335497,40.98737692274658,100497200
2018-04-16,41.231258392333984,41.31802533378069,40.99909384564957,41.04599479836905,86313600
2018-04-17,41.798770904541016,41.962926039032276,41.36962018116944,41.38838127915609,106421600
2018-04-18,41.70496368408203,41.93478444114706,41.47983767421081,41.697928719918146,83018000
2018-04-19,40.52304458618164,41.13042036873271,40.49021355951167,40.748170603828946,139235200
2018-04-20,38.86273193359375,40.15252812029606,38.794722494438965,40.00713405885561,261964400
2018-04-23,38.75017166137695,39.144144079751584,38.4804848379833,39.123039181263174,146062000
2018-04-24,38.21078872680664,39.0057718403514,37.80743410382036,38.85099548025622,134768000
2018-04-25,38.377288818359375,38.79236958650734,38.08650076378324,38.135745511852214,113528400
2018-04-26,38.51095199584961,38.86505822855267,38.31161851633833,38.4874997353262,111852000
2018-04-27,38.065399169921875,38.5367596909896,37.669079464232254,38.459371501862606,142623200
2018-04-30,38.75484848022461,39.223865178378034,37.95283035577987,38.02083978086763,169709600
2018-05-01,39.65536117553711,39.678809862224035,38.75719381639185,39.02453317715288,214277600
2018-05-02,41.40713882446289,41.68385694481844,40.757549728374016,41.092894933040135,266157600
2018-05-03,41.48218536376953,41.6252356123869,40.90764057379652,41.24533319861876,136272800
2018-05-04,43.10968780517578,43.20818092252133,41.78236914979149,41.801130254759435,224805200
2018-05-07,43.42156982421875,44.01018453355884,43.32542053554756,43.42625741514392,169805600
2018-05-08,43.63028335571289,43.67014934958215,43.072152284915745,43.38170505375531,113611200
2018-05-09,43.93748092651367,43.94685968527181,43.43563324259434,43.74752975142134,92844800
2018-05-10,44.56597137451172,44.64335957002789,44.00549648424058,44.026604958155126,111957200
2018-05-11,44.39647674560547,44.74253367480774,44.12810643235804,44.60835031424025,104848800
2018-05-14,44.29289245605469,44.61776309036825,44.22462436223415,44.49534749608727,83115200
2018-05-15,43.890342712402344,44.038653857301725,43.574890568370826,43.9703821652857,94780800
2018-05-16,44.29994583129883,44.36586467071861,43.78674803552611,43.80322864340894,76732400
2018-05-17,44.019813537597656,44.47180540297354,43.87150241585593,44.2575790253715,69176000
2018-05-18,43.85972595214844,44.21284489257208,43.81735340351118,44.066890213339356,73190800
2018-05-21,44.170475006103516,44.55655159388453,44.00097761711557,44.2575765338486,73603200
2018-05-22,44.0598258972168,44.46473588249332,43.97036795401736,44.34702957496204,60962800
2018-05-23,44.34233093261719,44.375288562931686,43.73025655007666,43.86915275622062,80233600
2018-05-24,44.29289245605469,44.455327773211465,43.83619489329493,44.4388507541978,92936000
2018-05-25,44.394126892089844,44.646016610326086,44.175191215681515,44.31173101118196,69844000
2018-05-29,44.234039306640625,44.434141513213916,43.99156454363286,44.16341837924985,90056400
2018-05-30,44.139862060546875,44.257568359375,43.97036470286548,44.191653119400144,74762000
2018-05-31,43.99156951904297,44.31173093050286,43.81971925610215,44.07396539980083,109931200
2018-06-01,44.784908294677734,44.78961396182632,44.198729444569345,44.25522977936332,93770000
2018-06-04,45.15920639038086,45.5335116194763,45.04620933090354,45.11447741480749,105064800
2018-06-05,45.50761795043945,45.65592906665708,45.28397665552099,45.451121214441805,86264000
2018-06-06,45.665348052978516,45.688890756479125,45.18039853460859,45.58295577495082,83734400
2018-06-07,45.54292678833008,45.71712982719416,45.27926221278443,45.703005644811824,85388800
2018-06-08,45.12859344482422,45.199217941279684,44.67424886369031,45.0038250576677,106627200
2018-06-11,45.01795959472656,45.19216624711074,44.777841280495316,45.046211555074656,73234000
2018-06-12,45.26515197753906,45.34283859669024,44.999134487001314,45.05563482605106,67644400
2018-06-13,44.8931884765625,45.406389885336665,44.83198248503108,45.29809849342999,86553600
2018-06-14,44.91673278808594,45.098001528120655,44.78019302474528,45.09329226949185,86440400
2018-06-15,44.455322265625,44.76606867596771,44.31878250278761,44.73546388316103,246876800
2018-06-18,44.431785583496094,44.54478265155956,44.06924808496244,44.22933055748837,73939600
2018-06-19,43.713775634765625,43.86443958736214,43.18645000462183,43.58429795860175,134314000
2018-06-20,43.90445327758789,44.069241391842866,43.723184555851674,43.869142821715926,82514800
2018-06-21,43.65963363647461,44.33997608225244,43.53721804711214,44.081020718622625,102847600
2018-06-22,43.53251266479492,43.822069257467064,43.48072158745682,43.815007164385726,108801600
2018-06-25,42.885135650634766,43.53252064390831,42.54614075214615,43.174692296379995,126652400
2018-06-26,43.417144775390625,43.91151267999617,42.97221509809014,43.07815364344223,98276800
2018-06-27,43.35359573364258,44.0880820733022,43.32299093878607,43.60548540849269,101141200
2018-06-28,43.669044494628906,43.836189048695495,43.26884372711666,43.33946823717454,69460800
2018-06-29,43.57723617553711,44.06689492297677,43.05932905932024,43.855021380811685,90950800
2018-07-02,44.06454086303711,44.09279282544298,43.17939053675064,43.27355775791656,70925200
2018-07-03,43.297088623046875,44.2458011939208,43.20763067800487,44.20813431262822,55819200
2018-07-05,43.6454963684082,43.883265402976,43.38183539521996,43.612538746759675,66416800
2018-07-06,44.250518798828125,44.35880661283061,43.59842471288167,43.650215786400146,69940800
2018-07-09,44.86494445800781,44.88848356836496,44.56361654538464,44.610698358210996,79026400
2018-07-10,44.81081008911133,45.029742181795555,44.77078676797384,44.89555880707909,63756400
2018-07-11,44.229331970214844,44.67661458999871,44.16576954584989,44.375286670796754,75326000
2018-07-12,44.970882415771484,45.0603403805497,44.56597233282379,44.61776340799935,72164400
2018-07-13,45.041500091552734,45.16155924279147,44.94027079014177,44.98264693253363,50055600
2018-07-16,44.942623138427734,45.352238789090364,44.8272696640545,45.086224977091796,60172400
2018-07-17,45.06974411010742,45.16861697666692,44.54006573003852,44.669543385810975,62138000
2018-07-18,44.822566986083984,45.152146850343286,44.71192275355339,45.14743759156633,65573600
2018-07-19,45.170982360839844,45.328708412023275,44.655428060581336,44.655428060581336,81147200
2018-07-20,45.0673942565918,45.30045046027843,44.76841921206279,45.147433688320305,82704800
2018-07-23,45.107425689697266,45.1898215680699,44.624828956613065,44.88849002002537,63957600
2018-07-24,45.43464660644531,45.59001983518572,45.211005281986324,45.305168915828304,74791600
2018-07-25,45.86309814453125,45.870160237270106,45.30045841417882,45.448769545919404,66839600
2018-07-26,45.71949768066406,46.13146986631483,45.578248637310274,45.813661314825,76304000
2018-07-27,44.95911407470703,45.95020307009098,44.75195335224335,45.903121250990715,96096000
2018-07-30,44.707218170166016,45.24631156955065,44.50947240208614,45.17568705463297,84118000
2018-07-31,44.79668045043945,45.23219537594548,44.573039107117175,44.799036876357306,157492000
2018-08-01,47.435646057128906,47.49685204920368,46.449266539565365,46.877719260424044,271742800
2018-08-02,48.82223129272461,49.05529111870741,47.16492775096106,47.21907165683549,249616000
2018-08-03,48.96348571777344,49.14004523178112,48.372597578609025,48.73748795931409,133789600
2018-08-06,49.21773147583008,49.260104034656656,48.74690610871269,48.96583818020829,101701600
2018-08-07,48.756317138671875,49.318953263723905,48.67392126916684,49.27658070828396,102349600
2018-08-08,48.78927993774414,48.92111046923115,48.14660430068866,48.5067854285416,90102000
2018-08-09,49.172996520996094,49.384866473630254,48.77750139273708,49.32601330988609,93970400
2018-08-10,49.02653884887695,49.39743474598381,48.823373747053296,48.98637876656086,98444800
2018-08-13,49.34307861328125,49.83445457088549,49.06668031301187,49.447024012639176,103563600
2018-08-14,49.55097961425781,49.742332045788096,49.198983276632525,49.64783817493935,82992000
2018-08-15,49.666744232177734,49.784863388699996,49.215528189132144,49.42578014355335,115230400
2018-08-16,50.39435958862305,50.510114057112624,49.95731725963036,50.02346370011316,114001600
2018-08-17,51.400726318359375,51.488133330022386,50.35655353456642,50.422699965777916,141708000
2018-08-20,50.89990234375,51.778705445399396,50.81721750232455,51.523571270388054,121150800
2018-08-21,50.800682067871094,51.30859657191745,50.56208268434248,51.21646377979151,104639200
2018-08-22,50.803043365478516,51.11251493875671,50.51719345762094,50.57861771807685,76072400
2018-08-23,50.90699005126953,51.27552120432041,50.696738118838695,50.708547149487345,75532800
2018-08-24,51.06526184082031,51.240075841735475,50.81721095322185,51.16920724931565,73905600
2018-08-27,51.485774993896484,51.674766352324625,51.10543119176735,51.2991447207412,82100400
2018-08-28,51.901546478271484,52.09998575718909,51.717280918603734,51.7385414974785,91107200
2018-08-29,52.676414489746094,52.79689832830849,51.83304564336104,52.00785967623927,109019200
2018-08-30,53.160701751708984,53.923750413942706,52.53939389969296,52.740197886722456,195175200
2018-08-31,53.77491760253906,54.067850745143865,53.38984807574226,53.51032829361586,173360400
2018-09-04,53.947364807128906,54.141078290113896,53.53867365991013,53.95917744010946,109560400
2018-09-05,53.595375061035156,54.25684293673854,53.177235919309275,54.09620264370011,133332000
2018-09-06,52.70476531982422,53.70877807859269,52.27953566575668,53.44418873566715,137160000
2018-09-07,52.27952194213867,53.24100968075021,52.14014224911029,52.4094536918725,150479200
2018-09-10,51.57789611816406,52.40945574431646,51.13849284121695,52.19683916241394,158066000
2018-09-11,52.881935119628906,52.98824161403199,51.15975621240195,51.50230096312733,142996000
2018-09-12,52.22519302368164,53.15360764020319,51.93461737319087,53.139433921586026,197114800
2018-09-13,53.4867057800293,53.9450085851955,52.57955171881712,52.80397734684011,166825600
2018-09-14,52.87957763671875,53.58829250227248,52.56774497032442,53.33079363291841,127997200
2018-09-17,51.471595764160156,52.66932192659372,51.327490274311316,52.48033058839213,148780400
2018-09-18,51.55664825439453,52.409468667615585,51.292058905319834,51.450338134874215,126286800
2018-09-19,51.587345123291016,51.88264293364041,50.86209557552189,51.618057249074425,108495200
2018-09-20,51.97949981689453,52.51103585851095,51.7716090115553,52.02911143351757,106435200
2018-09-21,51.419620513916016,52.29370135458624,51.33220990655215,52.15668273128186,384986800
2018-09-24,52.159053802490234,52.27008609427585,51.17630519274992,51.221191047477355,110773600
2018-09-25,52.489784240722656,52.638615511284215,51.901549623240875,51.91336225823483,98217600
2018-09-26,52.07163619995117,52.85831002869763,51.91571808512725,52.20865482164101,95938800
2018-09-27,53.14180374145508,53.49380009871501,52.80870688036114,52.8748569192973,120724800
2018-09-28,53.328426361083984,53.35204802436929,52.922096263594824,53.103997129259895,91717600
2018-10-01,53.6875114440918,54.197787005703184,53.47253734395038,53.85051643777683,94403200
2018-10-02,54.164710998535156,54.33480284363987,53.53868101635113,53.685147592248526,99152800
2018-10-03,54.82381820678711,55.15455034988667,54.28283053842638,54.346615881992015,114619200
2018-10-04,53.859962463378906,54.88996142629786,53.56229994728196,54.51906562598968,128168000
2018-10-05,52.98588562011719,53.95918984709933,52.10944356396356,53.852883335249984,134322000
2018-10-08,52.863037109375,53.1063622318355,52.01966478038702,52.49450599592842,118655600
2018-10-09,53.595375061035156,53.689872531684166,52.50395540918603,52.83232645968275,107564000
2018-10-10,51.11252212524414,53.47254419660768,51.03928882413628,53.26229223983872,167962400
2018-10-11,50.66129684448242,51.854300842204054,50.15811177498409,50.67783525382728,212497600
2018-10-12,52.47087860107422,52.652783065490866,51.225901996474846,52.071635376118714,161351600
2018-10-15,51.3487548828125,52.40474032798749,51.32749430183293,52.246461106178046,123164000
2018-10-16,52.4803352355957,52.678778140870236,51.20701098324297,51.7196476453891,116736000
2018-10-17,52.2535400390625,52.59608478681421,51.81649782677638,52.515764645492226,91541600
2018-10-18,51.032188415527344,51.91099500494613,50.318747882244416,51.466865935858664,130325200
2018-10-19,51.809417724609375,52.27008165957751,51.36528859514771,51.51411986825671,132314800
2018-10-22,52.12596893310547,52.76617618297206,51.722003540271174,51.92280389191962,115168400
2018-10-23,52.617340087890625,52.740184977111134,50.720347384705434,50.98729773876846,155071200
2018-10-24,50.81248474121094,52.971702219608254,50.682552981710785,52.58663632017464,163702000
2018-10-25,51.92516326904297,52.29842010209034,51.20463595223347,51.43142623733275,119423200
2018-10-26,51.09834671020508,52.01731358357668,50.24080049918027,51.003849224236355,189033600
2018-10-29,50.139217376708984,51.89919196573982,48.68634968954274,51.78107281741949,183742000
2018-10-30,50.38963317871094,50.833758758546665,49.43759306012666,49.881718639962386,146640000
2018-10-31,51.70310974121094,52.07872773863771,51.17393470003853,51.23535895942081,153435600
2018-11-01,52.49686813354492,52.52994134683256,51.218818240233645,51.7479932575457,233292800
2018-11-02,49.014713287353516,50.47230292231517,48.53042413230621,49.50372821693035,365314800
2018-11-05,47.623268127441406,48.284735950815005,46.815333742036444,48.26347537336716,264654800
2018-11-06,48.138275146484375,48.36270079071048,47.64689909334055,47.701232888220325,127531600
2018-11-07,49.59822463989258,49.62421099408189,48.223319767020705,48.65799732372377,133697600
2018-11-08,49.425174713134766,49.81158422834098,49.01268455420354,49.778395614446815,101450400
2018-11-09,48.4721794128418,48.83725414465748,47.94590026761649,48.72820739840714,137463200
2018-11-12,46.03044128417969,47.376958635940824,45.940356345152274,47.1754539935757,204542000
2018-11-13,45.570526123046875,46.74398484568346,45.38561765122714,45.42829078480157,187531600
2018-11-14,44.28327941894531,46.10391783458197,44.07703256697884,45.966421139033315,243204000
2018-11-15,45.37614440917969,45.50889886088742,44.3069899736933,44.6602144819987,185915200
2018-11-16,45.878719329833984,46.2200900127269,44.913876541520615,45.16042002511673,147713200
2018-11-19,44.06044006347656,45.20782179086691,43.85419682883502,45.04187875050665,167701200
2018-11-20,41.9553337097168,43.019745978740524,41.60685143343039,42.28485054583868,271300800
2018-11-21,41.90791320800781,42.7352627289544,41.85338983967159,42.60724693877204,124496800
2018-11-23,40.843502044677734,41.865244596069026,40.798463202121155,41.47171992481934,94496000
2018-11-26,41.39585494995117,41.47408601348081,40.362262246396874,41.30577365457601,179994000
2018-11-27,41.30576705932617,41.4314098820373,40.509236996453666,40.658583896357925,165549600
2018-11-28,42.89409637451172,42.97706609276824,41.469348200420384,41.89606149396926,184250000
2018-11-29,42.5645751953125,43.335028367317676,42.126008096640945,43.30183975998431,167080000
2018-11-30,42.33462905883789,42.749488506107106,41.967181396370556,42.74000397877434,158126000
2018-12-03,43.81389617919922,43.842342523740484,42.958100347142334,43.72855352828848,163210000
2018-12-04,41.88658905029297,43.23784507191264,41.787023197888146,42.8964743680744,165377200
2018-12-06,41.41957473754883,41.43379791374435,40.40020490851023,40.71786790117009,172393600
2018-12-07,39.94268035888672,41.36505601524601,39.89763788433587,41.1279934058528,169126400
2018-12-10,40.205810546875,40.32196888310216,38.71942732261499,39.11532135314505,248104000
2018-12-11,39.975860595703125,40.72497553514085,39.58944746589914,40.69415986213853,189126800
2018-12-12,40.087276458740234,40.75579093217634,40.06831102170334,40.39545486304984,142510800
2018-12-13,40.525856018066406,40.909899939778064,40.19396978181057,40.41680923356321,127594400
2018-12-14,39.22910690307617,40.08253346781374,39.1816951199879,40.063568031120994,162814800
2018-12-17,38.86403274536133,39.909479397667184,38.57718548508604,39.221995872633826,177151600
2018-12-18,39.36898422241211,39.7150935619969,38.97071720878755,39.20541046417102,135366000
2018-12-19,38.140987396240234,39.696116895593,37.714274151347865,39.35237697678329,196189200
2018-12-20,37.17851257324219,38.430202292752995,36.815807235047956,38.02482382326648,259092000
2018-12-21,35.73244094848633,37.493817763282536,35.47167428612858,37.18563569205263,382978400
2018-12-24,34.80789566040039,35.926831218245276,34.75099934452627,35.120816354489186,148676800
2018-12-26,37.259117126464844,37.27334029939218,34.78181443000984,35.15637365867392,234330000
2018-12-27,37.01731491088867,37.16429614836959,35.575977822212685,36.943826100791895,212468400
2018-12-28,37.03628158569336,37.57915685691389,36.6380182335606,37.337352040383294,169165600
2018-12-31,37.39424133300781,37.778281438629776,37.095540257713566,37.5815191228161,140014000
2019-01-02,37.436912536621094,37.657382560104914,36.56215126344113,36.71861339400552,148158800
2019-01-03,33.707916259765625,34.544746565740525,33.66287380759525,34.13225652812852,365248800
2019-01-04,35.14689636230469,35.21564653531297,34.089599294610764,34.26265396297282,234428400
2019-01-07,35.068660736083984,35.282019198115606,34.587424056502364,35.2511999095662,219111200
2019-01-08,35.7371826171875,35.990841304732,35.20853409612209,35.45507757862409,164101200
2019-01-09,36.344051361083984,36.63326790098298,35.47166309582496,35.86518409738925,180396400
2019-01-10,36.46022033691406,36.50052053570231,35.76325587216913,36.15203830332984,143122800
2019-01-11,36.102264404296875,36.43652356290657,35.91735585214863,36.24213409767135,108092800
2019-01-14,35.55938720703125,35.860457698224735,35.37447868293772,35.7608918481196,129756800
2019-01-15,36.287166595458984,36.363024731160756,35.5712366750947,35.623390725952945,114843600
2019-01-16,36.73047637939453,36.95331578127012,36.27057439974284,36.289539840039474,122278800
2019-01-17,36.94856262207031,37.375275859702455,36.3321986546809,36.55503799084918,119284800
2019-01-18,37.176143646240234,37.427429321935136,36.97700839356735,37.33734441280423,135004000
2019-01-22,36.341678619384766,37.15480118304186,36.18047425327368,37.078943071032086,121576000
2019-01-23,36.48866271972656,36.777879284107165,35.96238363485609,36.54318608659887,92522400
2019-01-24,36.19944763183594,36.62141864613615,35.97186962856401,36.53370666750917,101766000
2019-01-25,37.39898681640625,37.48670242020263,36.58349467789878,36.85848448845611,134142000
2019-01-28,37.0528678894043,37.05997947471733,36.427023060851354,36.93196370450961,104768400
2019-01-29,36.668827056884766,37.4866956045575,36.53370330810849,37.04101693130822,166348800
2019-01-30,39.174591064453125,39.387945938010034,37.98453590853503,38.700465907848546,244439200
2019-01-31,39.45669174194336,40.06357129642498,39.011012986557645,39.37846066569241,162958400
2019-02-01,39.475650787353516,40.05882254527424,39.33578115515661,39.57995887212942,130672400
2019-02-04,40.596954345703125,40.694150841774515,39.65581590302126,39.68663518647969,125982000
2019-02-05,41.29154586791992,41.504904295289336,40.85772466190439,40.9786252386463,144406400
2019-02-06,41.30576705932617,41.62106058601386,40.97625036286534,41.40295992520472,112958400
2019-02-07,40.52345657348633,41.23464393738104,40.381217653792994,40.869565731568265,126966800
2019-02-08,40.57109451293945,40.63061433812733,40.09731539663526,40.23302234180851,95280000
2019-02-11,40.337764739990234,40.7615491383027,40.29491221963111,40.723455587227264,83973600
2019-02-12,40.685367584228516,40.71155645006401,40.402052662772235,40.497286553447424,89134000
2019-02-13,40.51632308959961,41.06390606505326,40.4544237953591,40.804400566797696,89960800
2019-02-14,40.663936614990234,40.77345103559048,40.325864516022556,40.40443110443633,87342800
2019-02-15,40.57346725463867,40.87820841832707,40.41395458558312,40.77107347735558,98507200
2019-02-19,40.69487762451172,40.81630034661282,40.35204661363919,40.40442433046703,75891200
2019-02-20,40.95677185058594,41.26389610818391,40.70917103649229,40.756786158494805,104457600
2019-02-21,40.72584533691406,41.037728645253,40.544906372901146,40.90202533044378,68998800
2019-02-22,41.180564880371094,41.18770696667767,40.80201977491948,40.84963489456358,75652800
2019-02-25,41.48054885864258,41.870998703552395,41.413886955814164,41.4638851993361,87493600
2019-02-26,41.50436019897461,41.735297384970416,41.22818736975056,41.35675221185204,68280800
2019-02-27,41.63292694091797,41.663878413092874,41.12343737306422,41.23771805518607,111341600
2019-02-28,41.223419189453125,41.64244097925039,41.16866198112314,41.5019750987165,112861600
2019-03-01,41.65673065185547,41.699583177214194,41.16152532850225,41.49245537237755,103544800
2019-03-04,41.866241455078125,42.318590618981844,41.41865126099976,41.8281478996669,109744800
2019-03-05,41.790042877197266,41.901940395012524,41.55434315466717,41.88765622385319,78949600
2019-03-06,41.549598693847656,41.78053589569321,41.41151226975844,41.58530913421484,83241600
2019-03-07,41.06867599487305,41.5305503815129,40.95439895711522,41.394843447524245,99185600
2019-03-08,41.16629409790039,41.20438765912665,40.35444278417519,40.54966956085832,95997600
2019-03-11,42.59237289428711,42.64475061563465,41.74719453203529,41.78052547900183,128044000
2019-03-12,43.0709114074707,43.489929515629875,42.704267384130986,42.85425845120637,129870400
2019-03-13,43.261390686035156,43.639935896652894,43.0733060069069,43.389951908070735,124130000
2019-03-14,43.742305755615234,43.8303975608462,43.463753429758704,43.78277879788824,94318000
2019-03-15,44.311309814453125,44.59938731167194,43.744683657393075,44.00895177597191,156171600
2019-03-18,44.76365661621094,44.85174476640295,44.23273733223031,44.23512044945754,104879200
2019-03-19,44.40891647338867,44.994592951140454,44.263688004342946,44.84222239614171,126585600
2019-03-20,44.7969856262207,45.113631415703125,43.9803720359133,44.337490855702434,124140800
2019-03-21,46.446895599365234,46.742115276256705,45.18983702808909,45.239835285802215,204136800
2019-03-22,45.48503494262695,47.06588079152945,45.42075253712384,46.50639318081825,169630800
2019-03-25,44.935081481933594,45.70645597035694,44.42559200356954,45.59455842593482,175381200
2019-03-26,44.470821380615234,45.92072676985604,43.9446682740036,45.63026979507093,199202000
2019-03-27,44.870792388916016,45.17791299458407,44.41368070712132,44.937454282127696,119393600
2019-03-28,44.93031692504883,45.13030262573335,44.647002032678536,44.98507413606459,83121600
2019-03-29,45.22315979003906,45.254111259812014,44.88746712386078,45.194591438126565,94256000
2019-04-01,45.53028106689453,45.63503289451936,44.849374206925575,45.6255113221176,111448000
2019-04-02,46.192138671875,46.29689412668294,45.485042984722554,45.494564556613646,91062800
2019-04-03,46.508792877197266,46.782582620071864,45.985015509051685,46.00882489225897,93087200
2019-04-04,46.58974075317383,46.75163294022202,45.98263778613916,46.375467194501724,76457200
2019-04-05,46.901615142822266,46.92542452241121,46.64686858586537,46.7706708206856,74106400
2019-04-08,47.63966369628906,47.67061153128953,46.744483310155175,46.76353008781775,103526800
2019-04-09,47.49680709838867,48.2943739839882,47.432524688138955,47.69203381366528,143072800
2019-04-10,47.763450622558594,47.792022598466595,47.18253676070273,47.301576367384655,86781200
2019-04-11,47.36585998535156,47.85392311180823,47.24444089123429,47.81821268200921,83603200
2019-04-12,47.34682846069336,47.649190183974554,46.71354029389259,47.425395064355484,111042800
2019-04-15,47.432533264160156,47.58014488597061,47.14207625605754,47.27778318747662,70146400
2019-04-16,47.437286376953125,47.94201317992309,47.2730111276995,47.48728461347408,102785600
2019-04-17,48.36103439331055,48.42055419987631,47.28491527341734,47.50632721009765,115627200
2019-04-18,48.53485107421875,48.60389247965797,48.21582565233705,48.35867106687405,96783200
2019-04-22,48.69434356689453,48.79195692095308,48.17294948323619,48.28960961121841,77758000
2019-04-23,49.39668655395508,49.46096897486131,48.5443623205219,48.67054404461103,93292000
2019-04-24,49.320499420166016,49.63476214823507,49.294310556760166,49.36811454468543,70162400
2019-04-25,48.87290954589844,49.46334508558559,48.83481599293768,49.24193312050334,74172800
2019-04-26,48.639591217041016,48.806245964505955,48.12057656602047,48.7824365865248,74596400
2019-04-29,48.713401794433594,49.03718976166445,48.534842333816606,48.66340354702817,88818800
2019-04-30,47.775367736816406,48.4253231411779,47.403964648609836,48.34437705945112,186139600
2019-05-01,50.12044906616211,51.260847173955064,49.813324772705464,49.96807847828328,259309200
2019-05-02,49.794273376464844,50.627550746312075,49.55143515858325,49.958548639197176,127985200
2019-05-03,50.41327667236328,50.43470293107204,50.05139522758998,50.208528390389,83569600
2019-05-06,49.63475799560547,49.72046666569017,48.449124420101235,48.63720541769776,129772400
2019-05-07,48.29676818847656,49.38240924321776,47.81346748764048,49.015768710198,155054800
2019-05-08,48.3062858581543,48.88719989942972,48.03249613134411,48.06820657125792,105358000
2019-05-09,47.787261962890625,48.015815982753914,46.820660898117396,47.71107486773577,139634400
2019-05-10,47.125247955322266,47.524374640553994,46.07127795478432,47.18260833059418,164834800
2019-05-13,44.386356353759766,45.28498038440615,43.70043870801492,44.861959909569315,229722400
2019-05-14,45.08900833129883,45.3375626885166,44.31227095065522,44.55126706777633,146118800
2019-05-15,45.62913513183594,45.827502333135364,44.458055696511366,44.51780472171754,106178800
2019-05-16,45.42837905883789,45.99957959112661,45.132022582428725,45.38775015951254,132125600
2019-05-17,45.17027282714844,45.624364058228416,44.63492013264827,44.67554904096242,131516400
2019-05-20,43.7578010559082,44.05893851702306,43.086222506583134,43.860571289289304,154449200
2019-05-21,44.5966682434082,44.93126128361247,44.14257352108455,44.26685249892783,113459200
2019-05-22,43.6837158203125,44.383976433179555,43.62874772714694,44.133029747383624,118994400
2019-05-23,42.93804168701172,43.14835578247127,42.4958974279958,42.97150099629786,146118800
2019-05-24,42.773136138916016,43.53075340614285,42.68948603770904,43.067100347137895,94858800
2019-05-28,42.596275329589844,43.16030629063083,42.519798471322034,42.76118322768103,111792800
2019-05-29,42.393123626708984,42.86394617150037,42.06330788653476,42.16368579728549,113924800
2019-05-30,42.613006591796875,42.83527122076542,42.22344177055687,42.52935649566115,84873600
2019-05-31,41.841041564941406,42.53890961569285,41.82192144271378,42.11827422026592,108174400
2019-06-03,41.418025970458984,42.522186815106615,40.693868059775646,41.96771774456351,161584400
2019-06-04,42.93326950073242,42.97867935405244,41.7096103437768,41.92948637061777,123872000
2019-06-05,43.6263542175293,44.21189768368727,43.29176107697479,44.042208818039946,119093600
2019-06-06,44.266868591308594,44.326617630693605,43.53314863720055,43.7554169600446,90105200
2019-06-07,45.44511032104492,45.86813447046718,44.39830980535762,44.57516459850568,122737600
2019-06-10,46.02587127685547,46.692668818811526,45.79643340678976,45.84184325115213,104883600
2019-06-11,46.55884552001953,46.84325155940268,46.26966218269835,46.570796058449275,107731600
2019-06-12,46.410640716552734,46.83605336799331,46.21944315879752,46.35328035518914,73012800
2019-06-13,46.40108871459961,47.032038236807054,46.26964378451583,46.532537291474256,86698400
2019-06-14,46.06411361694336,46.267258131465205,45.480962498943924,45.77970764982139,75046000
2019-06-17,46.338958740234375,46.59468634560239,45.92788511162942,46.10235126256792,58676400
2019-06-18,47.42877197265625,47.868523890430765,46.65442699718173,46.85518283180173,106204000
2019-06-19,47.29014587402344,47.770530254527024,47.15630867339425,47.72272812848213,84496800
2019-06-20,47.670166015625,47.94501008519834,47.32839967976791,47.88764970557996,86056000
2019-06-21,47.50765609741211,48.002379895993556,47.357087350575675,47.512437041684116,191202400
2019-06-24,47.459842681884766,47.83745693129313,47.3618534124554,47.45028079634536,72881600
2019-06-25,46.7404670715332,47.622359580324556,46.67354481128587,47.4239923880106,84281200
2019-06-26,47.75142288208008,48.03582883274254,47.16588314960564,47.266261076876305,104270000
2019-06-27,47.73707962036133,48.17444289617968,47.69645072327974,47.86852455047612,83598800
2019-06-28,47.3021125793457,47.67972689411709,47.09418711775815,47.48374832133551,124442400
2019-07-01,48.16967010498047,48.87231930153746,47.95457140270037,48.55684266357657,109012000
2019-07-02,48.45167922973633,48.54727985958251,48.12425573364212,48.13620626822179,67740800
2019-07-03,48.85319137573242,48.86036096665152,48.44211781134659,48.583124628476725,45448000
2019-07-05,48.81016159057617,49.01330968896287,48.49229641088853,48.59984754932282,69062000
2019-07-08,47.80400466918945,48.13381683307876,47.419220772325794,47.99280999831783,101354400
2019-07-09,48.0955696105957,48.16009592269418,47.51480727417549,47.60801559399719,82312000
2019-07-10,48.57118606567383,48.6906841394985,48.17206293671445,48.241373861736164,71588400
2019-07-11,48.217464447021484,48.84841402179487,48.207906207357404,48.5902977893706,80767200
2019-07-12,48.58790969848633,48.75520624546054,48.32501251981883,48.38476154708042,70380800
2019-07-15,49.04439163208008,49.202126287633234,48.75520474444894,48.77671351837103,67789600
2019-07-16,48.87470245361328,49.25948632051337,48.63570635359561,48.89621122738501,67467200
2019-07-17,48.599849700927734,49.01570050660049,48.580729578732715,48.76714621164611,56430000
2019-07-18,49.151939392089844,49.20451882646519,48.683505425870685,48.7552049860908,74162400
2019-07-19,48.418216705322266,49.35269228680589,48.36324862605585,49.18300345934316,83717200
2019-07-22,49.524776458740234,49.52716510710405,48.66200031652238,48.67155855676903,89111600
2019-07-23,49.91194152832031,49.928673004733994,49.541496867121964,49.821125495815984,73420800
2019-07-24,49.87131881713867,49.98603593109381,49.51282464508648,49.63232270243721,59966400
2019-07-25,49.476966857910156,50.00753841889171,49.40765595621234,49.92388833664692,55638400
2019-07-26,49.649051666259766,50.12465157648066,49.50565254598537,49.58691034563834,70475600
2019-07-29,50.112693786621094,50.34213161648365,49.81634099625393,49.82112193871518,86693600
2019-07-30,49.89760208129883,50.2274178438979,49.54627754638872,49.892821138521654,135742800
2019-07-31,50.91572570800781,52.90656358701365,50.49987484291198,51.723533663924655,277125600
2019-08-01,49.81394958496094,52.108313337109216,49.410049286192155,51.12125839181598,216071600
2019-08-02,48.75997543334961,49.33595314572935,48.188775016309386,49.12085815816069,163448400
2019-08-05,46.20751190185547,47.47658079621263,46.02587615195821,47.31884611855073,209572000
2019-08-06,47.08222961425781,47.337957180388806,46.37479958500888,46.91732172907666,143299200
2019-08-07,47.56977462768555,47.6940536011622,46.322218537734486,46.702221401498505,133457600
2019-08-08,48.61897277832031,48.64287384600723,47.65343018049829,47.84701642967316,108038000
2019-08-09,48.21833419799805,48.64296188820883,47.81049423332828,48.292703895357675,98478800
2019-08-12,48.095985412597656,48.47263670436005,47.776912437595854,47.889667686680966,89927600
2019-08-13,50.13277053833008,50.893266254855526,48.09598298618555,48.225533277199396,188874000
2019-08-14,48.64057540893555,49.525822471872054,48.60218985928062,48.738937007183495,146189600
2019-08-15,48.398277282714844,49.213950143233156,47.90167380434236,48.810912822218775,108909600
2019-08-16,49.540218353271484,49.69855600719331,48.90207228914848,49.00763072509636,110481600
2019-08-19,50.46384811401367,51.034817600178286,50.387077015671984,50.528619610011084,97654400
2019-08-20,50.46623229980469,51.18354695733414,50.45663774540958,50.590983470819914,107537200
2019-08-21,51.01321792602539,51.25551979787076,50.76371922258588,51.0971858421528,86141600
2019-08-22,50.97004318237305,51.445052429028564,50.55980542800198,51.14517220703567,89014800
2019-08-23,48.61417770385742,50.87167667544053,48.220735037045706,50.243125301638166,187272000
2019-08-26,49.53780746459961,49.70573963141325,49.19474263893695,49.38666668414398,104174400
2019-08-27,48.978851318359375,50.032030802765824,48.82771047327895,49.866496288753595,103493200
2019-08-28,49.307498931884766,49.35308130541824,48.77731281814011,48.964437759537844,63755200
2019-08-29,50.14237594604492,50.21674932361464,49.57860326769011,50.02002612084865,83962000
2019-08-30,50.07760238647461,50.48783650508239,49.70814788060656,50.418265900044815,84573600
2019-09-03,49.34828567504883,49.65536271132292,48.99322853822822,49.52341468933475,80092000
2019-09-04,50.185550689697266,50.255121283851096,49.73693109197349,49.99362663387558,76752400
2019-09-05,51.166744232177734,51.33227864065992,50.74211296615552,50.85966728857012,95654800
2019-09-06,51.16196060180664,51.44025031008519,50.98203247914074,51.35148694097706,77449200
2019-09-09,51.38027572631836,51.924859218012465,50.63657499459651,51.54101108118064,109237600
2019-09-10,51.987220764160156,52.00641353255493,50.790101578286716,51.30589395905369,127111600
2019-09-11,53.64017105102539,53.66896203989214,52.23433250615887,52.3159027038598,177158400
2019-09-12,53.52022933959961,54.319110798315485,53.46505239627143,53.93046714945555,128906800
2019-09-13,52.47903823852539,52.96844114444219,52.0640050410945,52.77891845703125,159053200
2019-09-16,52.75491714477539,52.81009773078232,52.19354235463961,52.23432561778829,84632400
2019-09-17,52.94684600830078,52.9756369959949,52.56779700604228,52.76931927731361,73274800
2019-09-18,53.44344711303711,53.46263988380928,52.64456587529819,53.0332094166562,101360000
2019-09-19,53.00922393798828,53.68095264649306,52.86767770380978,53.26112037335412,88242400
2019-09-20,52.23432540893555,53.39306280074984,52.171951652718704,53.10997768332739,221652400
2019-09-23,52.471839904785156,52.74053140147138,52.21514068797828,52.52701683843027,76662000
2019-09-24,52.22233963012695,53.37628179948727,52.10478892590082,53.026020089457724,124763200
2019-09-25,53.026023864746094,53.138779129113395,52.092796693735195,52.4310624868371,87613600
2019-09-26,52.752525329589844,53.00442542844722,52.498227506977486,52.77891493348246,75334000
2019-09-27,52.49583053588867,53.00922529663117,52.1263760760949,52.90846232712596,101408000
2019-09-30,53.73133850097656,53.877680194515705,52.96844131904631,52.994830924787706,103909600
2019-10-01,53.88007736206055,54.75093068188669,53.78651488097034,53.995234000823245,139223200
2019-10-02,52.52941131591797,53.63776725465984,52.28230668763537,53.51301607875295,138449200
2019-10-03,52.97563552856445,53.00922196273818,51.61058034563439,52.402261102678956,114426000
2019-10-04,54.460655212402344,54.575811872713146,53.71215522362141,54.131987605137255,138478800
2019-10-07,54.47262954711914,55.16115320827285,54.17994622439848,54.283106900757275,122306000
2019-10-08,53.83448791503906,54.712537951919714,53.81769652866201,54.175155017507095,111820000
2019-10-09,54.46544647216797,54.64777233374476,54.13197980362061,54.46544647216797,74770400
2019-10-10,55.19953536987305,55.2835032719904,54.530204518768,54.68134161767458,113013600
2019-10-11,56.667762756347656,57.01082394508319,55.73213434401569,55.88567285866777,166795600
2019-10-14,56.5861930847168,57.12837882948465,56.29830882465834,56.353485756513194,96427600
2019-10-15,56.454246520996094,57.01321997096741,56.34868810894503,56.71094205880496,87360000
2019-10-16,56.2263298034668,56.435048885905815,55.94564241051072,55.98642567335256,73903200
2019-10-17,56.44465255737305,56.653368012877294,56.02242253800609,56.39907017958543,67585200
2019-10-18,56.71574783325195,56.99643528339095,56.20714848455597,56.279120470382004,97433600
2019-10-21,57.6993522644043,57.81450890497435,56.93406101508978,56.98204111833702,87247200
2019-10-22,57.56740188598633,58.10478484329185,57.48583169226944,57.85528613606384,82293600
2019-10-23,58.33988952636719,58.35428685033186,57.869679441632414,58.08079626535233,75828800
2019-10-24,58.43585205078125,58.72853540039477,58.011220689350694,58.65896114841544,69275200
2019-10-25,59.15557098388672,59.19155514531401,58.2679262824244,58.33509915752011,73477200
2019-10-28,59.74812316894531,59.7961032619008,59.18914611743011,59.357078273097535,96572800
2019-10-29,58.36627960205078,59.91606203658459,58.19355198019087,59.728937090643406,142839600
2019-10-30,58.35908508300781,58.84849162305364,57.867284479823844,58.71894132571627,124522000
2019-10-31,59.678558349609375,59.7769199351258,56.919660471431264,59.31390665702909,139162000
2019-11-01,61.37228775024414,61.39867369524902,59.77452506763022,59.86568616480788,151125200
2019-11-04,61.775325775146484,61.859293701624026,61.26673008968638,61.73453884355642,103272000
2019-11-05,61.68656539916992,61.94086325426059,61.492243591436385,61.66736896409052,79897600
2019-11-06,61.71294403076172,61.772920071009715,61.26432442111376,61.600188782243734,75864400
2019-11-07,62.42518615722656,62.646563835655755,62.10756018771795,62.259154734223145,94940400
2019-11-08,62.59603500366211,62.668219386425065,61.804378670750026,62.24712668600199,69986400
2019-11-11,63.091732025146484,63.15669798131459,62.14848097555343,62.153290820844504,81821200
2019-11-12,63.033973693847656,63.233696083194374,62.7837295735389,62.93531679624955,87388800
2019-11-13,63.6379280090332,63.71252097695285,62.81980661221337,62.83424348708343,102734400
2019-11-14,63.197593688964844,63.736589975912096,63.067654461478035,63.464683238676635,89182800
2019-11-15,63.948333740234375,63.953143583967275,63.28661673495305,63.447830947643325,100206400
2019-11-18,64.27079010009766,64.3501929351306,63.580199124620194,63.95797391868933,86703200
2019-11-19,64.07588958740234,64.48735535838527,63.85932904179426,64.46329144370087,76167200
2019-11-20,63.32994079589844,64.02534154140798,62.65859661743068,63.89540964359442,106234400
2019-11-21,63.046016693115234,63.527265609899075,62.84629428041554,63.45026402082749,121395200
2019-11-22,62.99066925048828,63.32754201730535,62.764481676352055,63.18557447069228,65325200
2019-11-25,64.0951156616211,64.11196113080011,63.16871031932938,63.21442953951619,84020400
2019-11-26,63.59463119506836,64.28522211832744,63.16391141917877,64.23228445121657,105207600
2019-11-27,64.44886016845703,64.48255112060035,63.84008052470446,63.90504649105404,65235600
2019-11-29,64.306884765625,64.48735310453695,63.98204028692839,64.15048034055641,46617600
2019-12-02,63.56334686279297,64.5474998469269,63.392505582875074,64.31168527473677,94487200
2019-12-03,62.43001174926758,62.4492584727649,61.66963766381255,62.155696372325146,114430400
2019-12-04,62.98103713989258,63.35881926446583,62.72597582676955,62.81982288100207,67181600
2019-12-05,63.9050407409668,63.97964107924649,63.21926690581925,63.474328245499024,74424400
2019-12-06,65.13943481445312,65.2092179525118,64.31890465939279,64.36222263596946,106075600
2019-12-09,64.22747802734375,65.16109467560312,63.74382055858157,64.96859806309656,128042400
2019-12-10,64.60285949707031,64.98545151813082,63.972417225633926,64.6317332581653,90420400
2019-12-11,65.15385437011719,65.23326451999995,64.60763972440519,64.68223268746318,78756800
2019-12-12,65.31990051269531,65.58458883328302,64.323719270287,64.4344044431603,137310400
2019-12-13,66.20780944824219,66.2439016435434,65.19237407521152,65.31990472745893,133587600
2019-12-16,67.34114837646484,67.56493467366947,66.64815619751495,66.65296604245897,128186000
2019-12-17,67.4735107421875,67.8007565074222,67.08610151418986,67.27138706190554,114158400
2019-12-18,67.31224822998047,67.83199766787727,67.16306231918333,67.32668510242718,116028400
2019-12-19,67.379638671875,67.65876384392536,67.12217615688571,67.25451663334493,98369200
2019-12-20,67.24009704589844,68.01249947600941,67.02834635450061,67.91144131901756,275978000
2019-12-23,68.33733367919922,68.39748978279006,67.46386588013625,67.50236666762733,98572000
2019-12-24,68.4023208618164,68.55151421338667,68.07748367620525,68.50338637826378,48478800
2019-12-26,69.75942993164062,69.7762754042592,68.50577869758881,68.53465245449213,93121200
2019-12-27,69.73292541503906,70.73633206646946,69.32867831741062,70.05055128172064,146266000
2019-12-30,70.14683532714844,70.4283691578937,68.63090426605163,69.65114955957583,144114400
2019-12-31,70.65934753417969,70.66656597182994,69.66556767244613,69.76422454918179,100805600
2020-01-02,72.27153778076172,72.3316938789073,71.02991503384398,71.28256770874596,135480400
2020-01-03,71.56892395019531,72.32688945190185,71.34514498799838,71.5015494021164,146322800
2020-01-06,72.13919830322266,72.17769909168206,70.442799076604,70.69305052995288,118387200
2020-01-07,71.79991149902344,72.40387369288733,71.58094243439095,72.14881244029856,108872000
2020-01-08,72.95490264892578,73.25568310862707,71.50393800505775,71.50393800505775,132079200
2020-01-09,74.5045394897461,74.69703608624071,73.67919950094557,73.9294436077337,170108400
2020-01-10,74.67296600341797,75.2360335553344,74.17247048793807,74.73793929040194,140644800
2020-01-13,76.26830291748047,76.29477541829935,74.87027582985212,74.98818677177965,121532000
2020-01-14,75.23844146728516,76.4150983993522,75.11572800719021,76.2057563300334,161954400
2020-01-15,74.916015625,75.91701422144251,74.48529580198468,75.03873644474652,121923600
2020-01-16,75.85443878173828,75.96513130059404,75.09647333767747,75.45740996278018,108829200
2020-01-17,76.6942367553711,76.69663800654283,75.79670487627278,76.10229529679785,137816400
2020-01-21,76.17446899414062,76.76399437532534,76.0373113220916,76.32365494902595,110843200
2020-01-22,76.4463882446289,76.99741293025565,76.35254118737379,76.65813158547017,101832400
2020-01-23,76.81454467773438,76.89394751401544,75.95310504727735,76.49932724037184,104472000
2020-01-24,76.59315490722656,77.80108679471296,76.40305956833261,77.05996684733118,146537600
2020-01-27,74.34092712402344,75.01948249541286,73.36158384540518,74.60801674004179,161940000
2020-01-28,76.4439468383789,76.61478806293934,75.12051297398266,75.21916983415757,162234000
2020-01-29,78.04411315917969,78.88870711130171,77.33186702648361,78.0705856603743,216229200
2020-01-30,77.9310302734375,77.9839679399373,76.69903440937786,77.12975418029563,126743200
2020-01-31,74.47563934326172,77.64465768330331,74.18207736450624,77.2235651023254,199588400
2020-02-03,74.2711181640625,75.43333062820889,72.72149664968535,73.2219921031148,173788400
2020-02-04,76.72309112548828,76.91318645690339,75.46703146839315,75.87127869651542,136616400
2020-02-05,77.34870910644531,78.14517520873252,76.74714816252607,77.84679598712277,118826800
2020-02-06,78.25344848632812,78.25585707985009,77.06236227335305,77.61820397472934,105425600
2020-02-07,77.18980407714844,78.00263182401238,76.70017745261804,77.75420072606255,117684000
2020-02-10,77.55640411376953,77.55640411376953,75.69920332307832,75.7787945932457,109348800
2020-02-11,77.08848571777344,78.12321641331339,76.87141125259707,78.05086071182195,94323200
2020-02-12,78.919189453125,78.92401071442725,77.53713625713554,77.53713625713554,113730400
2020-02-13,78.35717010498047,78.68278545723169,77.99055564537478,78.19315895415963,94747600
2020-02-14,78.37648010253906,78.62491117131455,77.86996808406116,78.32582374819955,80113600
2020-02-18,76.94135284423828,77.12224944183446,75.88250122650535,76.06339782410153,152531200
2020-02-19,78.05567932128906,78.28481796940162,77.18255286966328,77.18255286966328,93984000
2020-02-20,77.25491333007812,78.30411519495496,76.75081563386378,77.81690294978998,100566000
2020-02-21,75.5062255859375,77.29107763684756,74.89118019048897,76.84968588281482,129554000
2020-02-24,71.91967010498047,73.36684305832843,69.76097486599113,71.69777437412706,222195200
2020-02-25,69.48360443115234,72.96888275320897,69.0132775682206,72.58779705787798,230673600
2020-02-26,70.58586883544922,71.8473240795573,69.10251783059799,69.10975340191128,198054800
2020-02-27,65.9718017578125,68.98192476086734,65.83673284364053,67.80006808151072,320605600
2020-02-28,65.93319702148438,67.151238688421,61.835287914284685,62.04995543810668,426510000
2020-03-02,72.07160949707031,72.70595468778731,66.98479850420505,68.08464913181372,341397200
2020-03-03,69.78267669677734,73.32342450844571,68.93366391267253,73.24383324028676,319475600
2020-03-04,73.01952362060547,73.17871353455695,70.70163838902825,71.49999490851802,219178400
2020-03-05,70.65098571777344,72.25010562325896,70.28677817477744,71.27808809920204,187572800
2020-03-06,69.71273040771484,70.14447238483373,67.83140857783133,68.01712645055636,226176800
2020-03-09,64.19900512695312,67.07405117029745,63.43441220501271,63.61530881776465,286744800
2020-03-10,68.8227310180664,69.08804757078283,64.9708381447339,66.84493210656007,285290000
2020-03-11,66.43245697021484,67.82898060143201,65.57138749972806,66.90520532305104,255598800
2020-03-12,59.871952056884766,65.12277860691059,59.81647812782899,61.73157079868094,418474000
2020-03-13,67.04512786865234,67.51546213922724,61.01041412848334,63.890293287918134,370732000
2020-03-16,58.41997146606445,62.48893523569509,57.88692772061568,58.35725827227534,322423600
2020-03-17,60.98868942260742,62.1343642760622,57.50100115086754,59.698292128180576,324056000
2020-03-18,59.495697021484375,60.298878525080625,57.192279125756,57.83144944633274,300233600
2020-03-19,59.03982925415039,60.98386423258545,58.51643550459872,59.66934960367585,271857200
2020-03-20,55.29165267944336,60.74025764199119,54.99256896191713,59.618696461531016,401693200
2020-03-23,54.11703109741211,55.11316965220814,51.28057345030364,55.011867987706175,336752800
2020-03-24,59.54634475708008,59.74171251843163,56.51210499986582,57.008967128821915,287531200
2020-03-25,59.21831130981445,62.28872853386047,58.92405254951491,60.47976255514235,303602000
2020-03-26,62.33456039428711,62.39244495401999,59.42091855638433,59.45951071644022,252087200
2020-03-27,59.7537727355957,61.71468959022156,59.58734725663957,60.962160830090674,204216800
2020-03-30,61.459014892578125,61.63026528942081,60.154146563924634,60.47735127906783,167976400
2020-03-31,61.333595275878906,63.31139742053906,60.78125926146835,61.649564437343955,197002000
2020-04-01,58.10640335083008,59.990139440698485,57.6770756954336,59.45468518637688,176218400
2020-04-02,59.07600402832031,59.12906732554458,57.13920472068674,57.96891771690177,165934000
2020-04-03,58.22700119018555,59.26172817079223,57.63848363538416,58.56226275717802,129880000
2020-04-06,63.306575775146484,63.46093704952722,60.14932793269973,60.51594239996791,201820400
2020-04-07,62.57334518432617,65.53281860383495,62.46963288857008,65.31573677087265,202887200
2020-04-08,64.17485046386719,64.4884014839826,63.0074658181739,63.37166580231142,168895200
2020-04-09,64.63797760009766,65.13966834587349,63.84444973045493,64.80923169926753,161834800
2020-04-13,65.90666961669922,66.0152105347314,64.11699578858152,64.7151632715521,131022800
2020-04-14,69.23513793945312,69.52457536922498,67.0643792982631,67.53471328146745,194994800
2020-04-15,68.60325622558594,69.06152634991895,67.68671597691991,68.11362949851825,131154400
2020-04-16,69.1483154296875,69.51252286868491,68.10152819197249,69.31474085805718,157125200
2020-04-17,68.21007537841797,69.21104245877268,66.7773737102237,68.66593834588957,215250000
2020-04-20,66.79425048828125,67.93992881208341,66.7749580920623,67.04027454445135,130015200
2020-04-21,64.7296371459961,66.87145442951221,64.02052176535352,66.63749449289608,180991600
2020-04-22,66.59407043457031,67.02821933430408,65.65340957801277,65.99348871174,116862400
2020-04-23,66.33598327636719,67.95681696931808,66.29739112168969,66.53858656789843,124814400
2020-04-24,68.2510986328125,68.26074851489837,66.81116104086111,66.85940309058712,126161200
2020-04-27,68.29932403564453,68.62976064968919,67.52267433285353,67.96888006089833,117087600
2020-04-28,67.19223022460938,68.94089736729391,67.1005821297752,68.76000076632654,112004800
2020-04-29,69.39918518066406,69.86710504839203,68.47299532638776,68.67559866694484,137280800
2020-04-30,70.86320495605469,71.0392802463668,69.54869445396915,69.93701551143772,183064000
2020-05-01,69.72236633300781,72.11743524186343,68.94571673597511,69.0421934380716,240616800
2020-05-04,70.70886993408203,70.83670324791197,69.05909368437592,69.74650229526233,133568000
2020-05-05,71.7701187133789,72.59983166411055,71.02241133373455,71.16713007829493,147751200
2020-05-06,72.5105972290039,73.14011388910748,72.08609083522563,72.46959075931778,142333600
2020-05-07,73.2607192993164,73.6056344607325,72.83380591134457,73.13530028833947,115215200
2020-05-08,75.00443267822266,75.05763961237142,73.59203914883197,73.9185359092618,133838400
2020-05-11,76.18468475341797,76.67805029133442,74.30551752010811,74.51351103092436,145946400
2020-05-12,75.3139877319336,77.31649156659209,75.19306356950102,76.86664984441782,162301200
2020-05-13,74.40464782714844,76.41199367992591,73.33084049882564,75.49296546688427,200622400
2020-05-14,74.86174774169922,74.92220983518885,72.92453990449086,73.64525071591287,158929200
2020-05-15,74.41915130615234,74.46510308161692,72.60528873978969,72.63915105039544,166348400
2020-05-18,76.17256927490234,76.54501787394523,75.0503965474728,75.73966595706034,135178400
2020-05-19,75.73243713378906,77.03357576614795,75.70099565025417,76.18952692646491,101729600
2020-05-20,77.20526885986328,77.27539958314759,76.54985436932522,76.58855099973772,111504800
2020-05-21,76.62967681884766,77.60674654641333,76.39266269950214,77.06742188839526,102688800
2020-05-22,77.12305450439453,77.20528209037693,76.26690893879248,76.36848115298238,81803200
2020-05-26,76.60064697265625,78.41692345166804,76.54501918320653,78.23795799610525,125522000
2020-05-27,76.93437957763672,77.07949007225308,75.72030344662004,76.45794538565892,112945200
2020-05-28,76.96824645996094,78.22344013486418,76.334604889172,76.61030820274443,133560800
2020-05-29,76.89328002929688,77.66961131806718,76.53776259003484,77.21010083931498,153532400
2020-06-01,77.83889770507812,77.9598218875062,76.71671774944491,76.84731793304262,80791200
2020-06-02,78.19924926757812,78.22343558014592,77.1326970947877,77.57286288939194,87642800
2020-06-03,78.6297378540039,78.8909382167243,77.94772370544388,78.51848967465142,104491200
2020-06-04,77.95256805419922,78.75066471951315,77.58011949942701,78.4531959492946,87560400
2020-06-05,80.1727523803711,80.23321448623865,78.17266857529869,78.2016892052146,137250400
2020-06-08,80.6467514038086,80.68061371663406,79.1618063233987,79.87042024109125,95654400
2020-06-09,83.19344329833984,83.58523659393398,80.29610368341933,80.32754516181643,147712400
2020-06-10,85.33379364013672,85.80055930851739,83.70131684314876,84.13906188270568,166651600
2020-06-11,81.23687744140625,84.90330013235034,81.13530524486026,84.48006542527774,201662400
2020-06-12,81.938232421875,84.11486795424553,80.83057003176687,83.36997815286581,200146000
2020-06-15,82.95158386230469,83.60215667626827,80.43394102615576,80.59598270848474,138808800
2020-06-16,85.14998626708984,85.42086269022191,83.36998548456056,85.00004143146272,165428800
2020-06-17,85.03146362304688,85.95290528003906,84.91053944359251,85.89244319031188,114406400
2020-06-18,85.0653305053711,85.48131000026396,84.45828873010188,84.98793725501275,96820400
2020-06-19,84.5792236328125,86.2334658205362,83.47397466183713,85.76912102080368,264476000
2020-06-22,86.7921371459961,86.93482682128399,84.92506713782858,84.97101892587712,135445200
2020-06-23,88.64469909667969,90.05951379803278,87.61442248881565,88.03282290304573,212155600
2020-06-24,87.07991790771484,89.19125669896502,86.70746937530838,88.27464936907793,192623200
2020-06-25,88.23596954345703,88.27466617320825,86.47773432903298,87.2347210034187,137522400
2020-06-26,85.52484893798828,88.35205726047579,85.37731757939976,88.13197433577965,205256800
2020-06-29,87.49591064453125,87.59023505976948,84.95650253776073,85.43294416349418,130646000
2020-06-30,88.22630310058594,88.51168985334573,87.06543360477359,87.08477823143156,140223200
2020-07-01,88.05941009521484,88.84541733018017,88.01104484759307,88.30367932080465,110737200
2020-07-02,88.05941009521484,89.59756962987294,87.94574844202161,88.96392805520118,114041600
2020-07-06,90.41502380371094,90.8817894339713,89.45246453610925,89.48390600830983,118655600
2020-07-07,90.13448333740234,91.5686426186408,90.02323513682953,90.79231129924504,112424400
2020-07-08,92.23372650146484,92.26516797551552,91.02206361133545,91.10913287644715,117092000
2020-07-09,92.63035583496094,93.17692818708905,91.58556900054663,93.12372124513385,125642800
2020-07-10,92.79239654541016,92.85044518286722,91.6170168108506,92.22647214944136,90257200
2020-07-13,92.36432647705078,96.695832354325,92.15149869689814,94.09354111984942,191649200
2020-07-14,93.89281463623047,94.08386957373939,90.81650244245171,91.74761295378508,170989200
2020-07-15,94.53852844238281,96.01138416249864,93.34379687777705,95.7622806311285,153198000
2020-07-16,93.37525939941406,94.22898406159878,92.7778934824319,93.41395603386725,110577600
2020-07-17,93.18661499023438,93.97987752001936,92.71500761457771,93.82509836770011,92186800
2020-07-20,95.15042877197266,95.28828415237645,92.93026189226053,93.27368992018475,90318000
2020-07-21,93.8371810913086,96.01381673517915,93.58807752951296,95.93884432011826,103433200
2020-07-22,94.10079193115234,94.78038533647508,93.45263999834938,93.53970187859424,89001600
2020-07-23,89.81767272949219,93.91216495167265,89.0098998444414,93.83477168133008,197004400
2020-07-24,89.59515380859375,89.93858177491317,86.23829692519554,88.0207257853986,185438800
2020-07-27,91.71857452392578,91.81047808647506,90.43194679011566,90.6544431599045,121214000
2020-07-28,90.21186828613281,91.46706199244389,90.20702659484037,91.29051001469016,103625600
2020-07-29,91.94110107421875,92.12490824489846,90.65688648684609,90.69316227563066,90329200
2020-07-30,93.05359649658203,93.15758954142316,90.71008481567014,91.11638837269675,158130000
2020-07-31,102.79525756835938,102.9452024123297,97.537467741964,99.53030380101023,374336800
2020-08-03,105.38545227050781,107.99741233494379,104.37452761502963,104.67199645721692,308151200
2020-08-04,106.08921813964844,107.17753592025956,104.85336899973937,105.57407987592546,173071600
2020-08-05,106.4737548828125,106.79299653251695,105.34674048719083,105.81109264863613,121776800
2020-08-06,110.18852996826172,110.68190269913852,106.21738395051588,106.80507370575988,202428800
2020-08-07,107.683349609375,110.1667657488304,106.88865674050672,109.71126970314928,198045600
2020-08-10,109.24849700927734,110.26366958356304,106.6051724150767,109.12492955700957,212403600
2020-08-11,105.99944305419922,109.01103688460056,105.74019692749955,108.51435673757749,187902400
2020-08-12,109.52226257324219,109.77908349339258,106.89347486656195,107.08729946496186,165598000
2020-08-13,111.46053314208984,112.46116903802795,110.41143740175444,110.89843148039117,210082000
2020-08-14,111.3611831665039,111.45082721405979,109.55616137687677,111.28607559185257,165565200
2020-08-17,111.07046508789062,112.50479236850128,110.44537442392807,112.48056244330753,119561600
2020-08-18,111.99598693847656,112.41998472569632,110.48897736471524,110.82333108852379,105633600
2020-08-19,112.1364974975586,113.54659462972901,112.0420104163777,112.40301184462525,145538000
2020-08-20,114.62477111816406,114.73864510178977,112.16073508691606,112.17769677241944,126907200
2020-08-21,120.53167724609375,121.01382096112869,115.56968878487616,115.58180005044522,338054800
2020-08-24,121.97328186035156,124.81043862781013,120.11253870845955,124.72563018161648,345937600
2020-08-25,120.97261810302734,121.31666526163795,119.25482230830535,120.84905806633049,211495600
2020-08-26,122.61774444580078,123.07324042466944,121.22218355631982,122.285815910586,163022400
2020-08-27,121.15193939208984,123.55055438295649,120.0107741116813,123.21862581210485,155552400
2020-08-28,120.95568084716797,122.54021598651187,120.73277587733193,122.1234863946809,187630000
2020-08-31,125.0575180053711,126.95703433878084,122.1113460052396,123.64258529318269,225702700
2020-09-01,130.03887939453125,130.63975477764288,126.50153297923832,128.66270574189053,151948100
2020-09-02,127.34471893310547,133.72164832942713,123.08051792791673,133.34368512573027,200119000
2020-09-03,117.14938354492188,124.86372013453284,116.78111381462604,122.99329113592864,257599600
2020-09-04,117.2269058227539,119.88234128870778,107.46768860387866,116.36437378387909,332607200
2020-09-08,109.33811950683594,115.3176975867679,109.20244081478072,110.4332424909772,231366600
2020-09-09,113.69924926757812,115.46307981230207,111.70282771529025,113.64110336417085,176940500
2020-09-10,109.98744201660156,116.78109976625105,109.02799770708086,116.64542107173031,182274400
2020-09-11,108.54341888427734,111.67373680721721,106.6051435470581,111.03410239684672,180860300
2020-09-14,111.79974365234375,112.35215193447013,109.31875310720565,111.17949601605923,140150100
2020-09-15,111.97420501708984,115.16266991325175,110.10376838785008,114.67810091494026,184642000
2020-09-16,108.66943359375,112.42000005035005,108.58221472900694,111.67376709645097,154679000
2020-09-17,106.9346694946289,108.73726653223142,105.35497742143326,106.33380874471821,178011000
2020-09-18,103.54269409179688,107.45801226163356,102.81584063587528,106.99283019044772,287104900
2020-09-21,106.68268585205078,106.78929159662262,99.91810106836907,101.31366180172101,195713800
2020-09-22,108.35930633544922,109.37690408898602,105.791096813168,109.20245897106359,183055400
2020-09-23,103.81405639648438,108.65005253506956,103.47485221017152,108.17517702574132,150718700
2020-09-24,104.88009643554688,106.8474450340975,101.75947146104525,101.92422311648544,167743300
2020-09-25,108.8147964477539,108.96986205260443,104.3470703746047,105.08361720977464,149981400
2020-09-28,111.41207122802734,111.76096139819123,109.29935070600561,111.46053107152444,137672400
2020-09-29,110.56890869140625,111.75125778339695,110.06496037698288,111.01471850800384,99382200
2020-09-30,112.23584747314453,113.64110173479544,110.11344069592683,110.27819234917513,142675200
2020-10-01,113.18560791015625,114.0869063866764,112.25523648180236,114.00937358582986,116120400
2020-10-02,109.53193664550781,111.80941609420873,108.7566309427858,109.40595140972307,144712000
2020-10-05,112.9045639038086,113.0499360657336,110.04561009300302,110.39450032404892,106243800
2020-10-06,109.66765594482422,112.53630344118018,108.78573684536278,112.12925987546326,161498200
2020-10-07,111.52839660644531,111.98389262412043,110.6077111213325,111.08259403853273,96849000
2020-10-08,111.4217758178711,112.80764318962937,111.05349871590646,112.66227103853464,83477200
2020-10-09,113.36003112792969,113.38910407415013,111.37329600495454,111.7221861474666,100506900
2020-10-12,120.56072998046875,121.31665619479716,115.59874235138079,116.3546685657092,240226800
2020-10-13,117.36260986328125,121.52021275433124,115.95736272633879,121.403913532968,262330500
2020-10-14,117.44979858398438,119.23300837791939,115.92825271205345,117.2656600575047,150712000
2020-10-15,116.98461151123047,117.45948691649245,114.50362135189651,115.05602954812115,112559200
2020-10-16,115.34678649902344,117.79871153091253,115.1432684327753,117.53704016435405,115393800
2020-10-19,112.4006118774414,116.70357893346838,112.09048805904365,116.25777640664253,120639300
2020-10-20,113.88338470458984,115.30801845057066,112.06140091237076,112.6138091614312,124423700
2020-10-21,113.26312255859375,115.04633232866423,112.85607911635273,113.06929058754238,89946000
2020-10-22,112.17768859863281,114.39701481541562,111.05348531931205,113.825219728469,101988000
2020-10-23,111.48960876464844,112.95300885211658,110.75306199696499,112.79794326147403,82572600
2020-10-26,111.49932098388672,112.95302786819327,109.39628607186555,110.49141665682858,111850700
2020-10-27,113.00145721435547,113.66047116286873,111.00503586765389,111.92571374848922,92276800
2020-10-28,107.76810455322266,111.86756009765654,107.67119226626225,111.49929044963356,143937800
2020-10-29,111.760986328125,113.32129899442697,108.73727331019896,108.90203237848063,146129200
2020-10-30,105.50035095214844,108.53374987611883,104.39553435267372,107.63245134560678,190272600
2020-11-02,105.41310119628906,107.26415769654733,104.00785453124645,105.74261184919625,122866900
2020-11-03,107.03160095214844,108.04919139549884,105.37437589246122,106.27567451024929,107624400
2020-11-04,111.40238952636719,112.02263714006965,108.88263267145909,110.61739025769825,138235500
2020-11-05,115.35646057128906,115.92825566569405,113.26312696012087,114.309790068738,126387100
2020-11-06,115.22542572021484,115.72053342058035,112.74014741905776,114.8662234022807,114457900
2020-11-09,112.92459869384766,118.42908863111414,112.66248329970261,116.982584063866,154515300
2020-11-10,112.58482360839844,114.15753088265224,110.79852956756876,112.17708523408758,138023400
2020-11-11,116.00206756591797,116.1379803531598,113.0411019505022,113.76920934216545,112295000
2020-11-12,115.730224609375,117.011693129965,115.10890698767624,116.12826014557999,103162300
2020-11-13,115.77879333496094,116.17682155137521,114.42936813634326,115.95353941713333,81581900
2020-11-16,116.78842163085938,117.45827535475047,114.70117908437909,115.44869936969526,91183000
2020-11-17,115.90499114990234,117.14762661304611,115.48754260462515,116.06032428614111,74271000
2020-11-18,114.5846939086914,116.32244455787598,114.55557079610209,115.14776544105797,76322100
2020-11-19,115.17686462402344,115.58460292894434,113.40028105826617,114.15751145503081,74113000
2020-11-20,113.91483306884766,115.30309155816464,113.86629701660235,115.17688893429653,73604300
2020-11-23,110.5267105102539,114.1866681424837,110.42963099730896,113.7595093974955,127959300
2020-11-24,111.80817413330078,112.46832515996194,109.30348281979012,110.58495899509562,113874200
2020-11-25,112.64306640625,113.34205068763839,111.80816933755735,112.17708182311867,76499200
2020-11-27,113.18672180175781,114.060452186272,112.82752688184597,113.1673088628538,46691300
2020-11-30,115.57490539550781,117.4388583652438,113.40028619079179,113.5556193082818,169410200
2020-12-01,119.13777160644531,119.86587890611962,116.50687811909167,117.47768785199075,127728200
2020-12-02,119.48728942871094,119.76882520066982,117.36121328577195,118.45822585372865,89004200
2020-12-03,119.3513412475586,120.16681780180761,118.64264694110803,119.91440521786345,78967600
2020-12-04,118.6814956665039,119.27369022514605,117.97280126779268,119.02127760834182,78260400
2020-12-07,120.1377182006836,120.93378197653361,118.68150343461471,118.73974965511624,86712000
2020-12-08,120.74932098388672,121.33181279274314,119.49697544555106,120.73961821864586,82225500
2020-12-09,118.22522735595703,122.27350282433629,117.46799682595132,120.89495455654684,115089200
2020-12-10,119.64259338378906,120.25420827611856,116.64279476467264,116.98257670113864,81312200
2020-12-11,118.83683013916016,119.17661208486537,117.03112333433712,118.8562430760472,86939800
2020-12-14,118.22522735595703,119.74939858875337,117.99223505596105,119.02129117041069,79184500
2020-12-15,124.14716339111328,124.16658373624205,120.50662638207584,120.71049556577894,157243700
2020-12-16,124.0792007446289,124.62285187377786,122.86568846942772,123.69088274191743,98208600
2020-12-17,124.94320678710938,125.79752407268884,124.30246882292478,125.13736576654637,94359800
2020-12-18,122.96277618408203,125.33155453096758,122.43853798895042,125.19564174778804,192541500
2020-12-21,124.4869384765625,124.56460503939759,119.84646874418631,121.3706398580424,121251600
2020-12-22,128.03042602539062,130.48657411125797,125.86550908536934,127.76830318074434,168904800
2020-12-23,127.13726043701172,128.5643372428869,126.9625069666015,128.30222925734495,88223700
2020-12-24,128.11776733398438,129.56427923315684,127.27316756907929,127.48674690488681,54930100
2020-12-28,132.6999969482422,133.33101740723168,129.61281401111586,130.07881339134244,124486200
2020-12-29,130.93313598632812,134.73870929323533,130.41860788701317,134.0203193956025,121047300
2020-12-30,129.81666564941406,132.020407669835,129.50599945561927,131.62237216405273,96452100
2020-12-31,128.81678771972656,130.80695128204687,127.87510078750749,130.16621309475406,99116600
2021-01-04,125.63247680664062,129.70987425858502,123.05982982560184,129.62250494776845,143301900
2021-01-05,127.18577575683594,127.89447751624492,124.68108490808069,125.12766389601812,97664900
2021-01-06,122.90453338623047,127.22464193893974,122.69095402050523,123.99184315415357,155088000
2021-01-07,127.09842681884766,127.78770834669253,124.1277509770645,124.61315591365346,109578200
2021-01-08,128.19544982910156,128.75852134682515,126.42856870658443,128.56434751676753,105158200
2021-01-11,125.21504211425781,126.37030813032683,124.74905756448756,125.41891868730954,100384500
2021-01-12,125.0403060913086,125.90432622691371,123.15693269578279,124.74906018656239,91951100
2021-01-13,127.06929016113281,127.61294126201366,124.73935263924878,125.00146061142823,88636800
2021-01-14,125.14710235595703,127.17609140406186,125.00147198922038,126.98193239512918,90221800
2021-01-15,123.42875671386719,126.41885265934873,123.29284393513538,125.02088418474625,111598500
2021-01-19,124.0986328125,124.95295027523217,123.2346125834672,124.05008935422954,90757300
2021-01-20,128.17604064941406,128.62261975871334,124.79762606214696,124.90441575262822,104319500
2021-01-21,132.87472534179688,135.59299559628155,129.6904705564632,129.89434712123654,120150900
2021-01-22,135.01052856445312,135.76775903778582,131.07874583699044,132.30196087543968,114459400
2021-01-25,138.74815368652344,140.85480946109453,132.55438158085332,138.89378406433565,157611700
2021-01-26,138.9811248779297,140.08784738058793,137.24336716103608,139.40828353042602,98390600
2021-01-27,137.91323852539062,140.0878578213645,136.3114082725256,139.24324321793168,140843800
2021-01-28,133.08831787109375,137.8452949915903,132.7097026247184,135.44739349341899,142621100
2021-01-29,128.1080780029297,132.7485480341253,126.40916071663973,131.86510749004256,177523800
2021-02-01,130.22439575195312,131.42820495734406,127.10809049941766,129.84578061037203,106239800
2021-02-02,131.04966735839844,132.33112905223507,130.68075476146055,131.76805738815673,83305400
2021-02-03,130.03030395507812,131.80688817183957,129.70993485237824,131.797170590512,89880900
2021-02-04,133.37954711914062,133.38924988354398,130.66127693474024,132.32136807732365,84183100
2021-02-05,132.96633911132812,133.60803459447885,132.09131060559002,133.53998407473009,75693800
2021-02-08,133.11216735839844,133.16078334273837,131.17736393158722,132.25657350766537,71297200
2021-02-09,132.23715209960938,134.05528941674183,132.0816016865625,132.83023162868662,76774200
2021-02-10,131.6343536376953,133.18997643259982,130.6718103643523,132.6941140635208,73046600
2021-02-11,131.38156127929688,132.6066041234454,130.05928645451803,132.13019115518452,64280000
2021-02-12,131.61492919921875,131.77049447527503,129.98153830719173,130.6232339442829,60145100
2021-02-16,129.4954071044922,132.23717460843758,129.1064939168793,131.73160971782258,80576300
2021-02-17,127.21056365966797,128.55228793289643,125.87857148643107,127.6091940358472,97918500
2021-02-18,126.1119155883789,126.39386460486962,123.8757134782661,125.61605324019762,96856700
2021-02-19,126.26744842529297,127.08415840410441,125.22713755275306,126.62719484726894,87668800
2021-02-22,122.50483703613281,126.12164769737448,122.1159313080217,124.4590755242555,103916400
2021-02-23,122.36869812011719,123.19511800076138,115.10591153263685,120.32695270389084,158273000
2021-02-24,121.87284851074219,122.07702231944482,118.83940058972168,121.47422557501572,111039900
2021-02-25,117.63378143310547,122.95204690459941,117.19626722871075,121.2214246130711,148199500
2021-02-26,117.89631652832031,121.38672834698384,117.83797585116562,119.18941742406001,164560400
2021-03-01,124.24517059326172,124.38128647028813,119.38386807729292,120.31723727022785,116307900
2021-03-02,121.64924621582031,125.1493828138184,121.54229695879663,124.84798440825688,102260900
2021-03-03,118.67411041259766,122.22286260620939,118.46021192268415,121.34782670099902,112966300
2021-03-04,116.79766082763672,120.17140622773192,115.32955269233915,118.37272563793533,178155000
2021-03-05,118.0518569946289,118.55743656088569,114.30865590625393,117.62406745905575,153766600
2021-03-08,113.1322250366211,117.64351287063639,112.98638448752729,117.57545493676041,154376600
2021-03-09,117.73102569580078,118.67411961018901,115.4948308955723,115.72817134912674,129525800
2021-03-10,116.65180206298828,118.78104722203169,116.13649783770954,118.31436639995009,111943300
2021-03-11,118.57688903808594,119.79221465640565,117.89630965893046,119.14080190524842,103026500
2021-03-12,117.67269897460938,117.80881486489184,115.85457640393945,117.06017746833828,88105100
2021-03-15,120.55056762695312,120.56029230814386,117.07959821769512,118.0421413761026,92403800
2021-03-16,122.08673858642578,123.69096973595795,121.26031872689654,122.21312976850402,115227900
2021-03-17,121.2992172241211,122.36870224795845,118.9463412703685,120.60891318675553,111932600
2021-03-18,117.1865463256836,119.76303790222613,116.98237252920022,119.471356811388,121229700
2021-03-19,116.66155242919922,118.06161012823361,116.3601540036749,116.57405253188959,185549500
2021-03-22,119.96720886230469,120.43389711306004,116.9240365136813,116.99209444423333,111912300
2021-03-23,119.14080047607422,120.79364033005854,118.75189479932533,119.90888714776963,95467100
2021-03-24,116.75877380371094,119.49083117848545,116.73933185520713,119.41304854895056,88530500
2021-03-25,117.24488830566406,118.28521414548541,115.6989976953015,116.22401924724316,98844700
2021-03-26,117.84769439697266,118.11020888610055,115.62121696029041,117.0115497729694,94071200
2021-03-29,118.022705078125,119.17969748186921,117.381016985914,118.275494892758,80819200
2021-03-30,116.57403564453125,117.06016589541106,115.56288383257017,116.7782094597697,85671900
2021-03-31,118.7616195678711,120.09361168317854,117.78935908416811,118.27548932601961,118323800
2021-04-01,119.58805084228516,120.73531861862071,119.0921958715762,120.22974638293907,75089100
2021-04-05,122.4075927734375,122.66038256872103,119.65609390540438,120.43390523654203,88651200
2021-04-06,122.708984375,123.60346216405839,122.16452092387894,122.99094078154718,80171300
2021-04-07,124.35211181640625,124.3715537614014,121.66867092380699,122.33953300139642,83466700
2021-04-08,126.74386596679688,126.77303259187028,124.95491039655207,125.3729752462817,88844600
2021-04-09,129.31063842773438,129.34952231767917,125.87856026382458,126.19940798905769,106686700
2021-04-12,127.5994873046875,129.1648274741665,127.00640774145585,128.84397969384253,91420000
2021-04-13,130.70095825195312,130.9245888251844,128.2703072556539,128.7661695536294,91266500
2021-04-14,128.3675537109375,131.25516860713591,128.00782207026887,131.19683535032675,87222800
2021-04-15,130.76904296875,131.2551732400093,129.93289830876327,130.10791292088626,89347100
2021-04-16,130.43849182128906,130.93433940993674,129.5828977054859,130.57460771830137,84922400
2021-04-19,131.09959411621094,131.71212294052938,129.64120345679902,129.80648595127033,94264200
2021-04-20,129.41758728027344,131.77045575605666,128.15364574587304,131.27460827428777,94812300
2021-04-21,129.79676818847656,130.03983329744375,127.65779819666872,128.6883918850069,68847100
2021-04-22,128.280029296875,130.4287163012516,127.76473251290152,129.349506750087,84566500
2021-04-23,130.5940399169922,131.37183646308597,128.49395363729542,128.49395363729542,78657500
2021-04-26,130.98291015625,131.31347510114207,129.85508463607295,131.08985938377566,66905100
2021-04-27,130.66209411621094,131.65380402656527,130.38986235031265,131.26489090705445,66015800
2021-04-28,129.8745574951172,131.27461496858584,129.38842725213598,130.5843034959248,107760100
2021-04-29,129.77731323242188,133.26773932174638,128.77588621347985,132.68437715116124,151101000
2021-04-30,127.81340789794922,129.85514662235994,127.43422678944994,128.1245236312071,109839500
2021-05-03,128.86337280273438,130.35094470080776,128.17307630207762,128.3772426558717,75135100
2021-05-04,124.30351257324219,127.84254787757098,123.18541143255057,127.55086673903944,137564700
2021-05-05,124.54658508300781,126.83138852361431,124.42018646140798,125.61606280982821,84000900
2021-05-06,126.14109802246094,126.15081528786173,123.60348979624123,124.34240994349356,78128300
2021-05-07,126.81307220458984,127.83566778817108,126.10210583375782,127.43637521223602,78973300
2021-05-10,123.5407485961914,126.16056709673003,123.50179122048604,126.03396862881701,88071200
2021-05-11,122.6252670288086,122.97586852300613,119.56717642454035,120.2781354744355,126142800
2021-05-12,119.56717681884766,121.3883949923918,119.06074583190636,120.18074615402475,112172300
2021-05-13,121.70977783203125,122.85899423262195,121.01830123774441,121.32995276517451,105861300
2021-05-14,124.12507629394531,124.55359993393608,122.56681864446786,122.95638491442686,81918000
2021-05-17,122.97586822509766,123.61865372868071,121.90456648281831,123.51152281141687,74244600
2021-05-18,121.59291076660156,123.67708183593513,121.52473722434705,123.2582993819835,63342900
2021-05-19,121.43708038330078,121.66107596519278,119.65481977612977,119.94699632595916,92612000
2021-05-20,123.98871612548828,124.3880235533931,121.83637181336027,121.96298511018756,76857100
2021-05-21,122.15777587890625,124.66072928690556,121.94351406158702,124.48542483913151,79295400
2021-05-24,123.78421020507812,124.60230012567476,122.65447618088876,122.72264972174192,63092900
2021-05-25,123.58943176269531,124.9723924215316,123.02456103094238,124.48542900111524,72009500
2021-05-26,123.5407485961914,124.06666202267431,123.12196609530832,123.64787952179124,56575900
2021-05-27,122.0116958618164,124.3101288080937,121.81691643126096,123.1414373640431,94625600
2021-05-28,121.35916137695312,122.51811890538758,121.30072904118603,122.29411590101695,71311100
2021-06-01,121.03776550292969,122.07985090220888,120.70663903510166,121.81689796777825,67637100
2021-06-02,121.79743194580078,121.97273640244447,120.81378617886122,121.03778177713107,59278900
2021-06-03,120.31710052490234,121.5929229854548,119.91779300131472,121.4273597133934,76229200
2021-06-04,122.60578155517578,122.86874195718396,120.61900017592295,120.83326200560104,75169300
2021-06-07,122.61550903320312,123.02455024570587,121.57342360305104,122.878461975424,71057600
2021-06-08,123.43359375,125.10873085926178,122.91742162506401,123.2972466766342,74403800
2021-06-09,123.81343078613281,124.41725890545642,123.21934386738059,123.89134552998598,56877900
2021-06-10,122.8200454711914,124.84578425664763,122.65448221103098,123.7063015458541,71186400
2021-06-11,124.02770233154297,124.11535828283353,122.8103122273261,123.22909472039107,53522400
2021-06-14,127.07604217529297,127.1344745215217,123.75500589494463,124.48543994424124,96906500
2021-06-15,126.2579574584961,127.19291956440452,126.01447944620644,126.55013404538738,62746300
2021-06-16,126.75462341308594,127.47532354376922,125.10872484257997,126.96888521245891,91815000
2021-06-17,128.35182189941406,129.09200433395995,126.26765136661298,126.41374704429569,96721700
2021-06-18,127.05657958984375,128.07917541017278,126.8423177381681,127.3000576157734,108953300
2021-06-21,128.84857177734375,128.955702701089,125.83918700220758,126.90074760795298,79663300
2021-06-22,130.48472595214844,130.58212309669915,128.18629303149916,128.68299766370282,74783600
2021-06-23,130.21202087402344,130.81585637036997,129.75428108226635,130.28020184164183,60214200
2021-06-24,129.92958068847656,131.12748807728477,129.46209231078763,130.94244245203893,68711000
2021-06-25,129.6374053955078,130.3970554405537,129.34522887186355,129.978280483212,70783700
2021-06-28,131.2638397216797,131.72157948620062,129.87115289056985,129.9295852246422,62111300
2021-06-29,132.7734375,132.92926700154416,130.84509571572818,131.28335318569188,64556100
2021-06-30,133.3870086669922,133.8252661428457,132.32543317658508,132.6176097807272,63261400
2021-07-01,133.68887329101562,133.74730561970333,132.21825700237508,133.03635418614581,52485800
2021-07-02,136.30874633789062,136.34769628382654,134.15639402212219,134.30247489528134,78852600
2021-07-06,138.3149871826172,139.41549764354806,136.4158617440288,136.4158617440288,108181800
2021-07-07,140.79847717285156,141.11012131228122,138.93830152510142,139.79533405407227,104911600
2021-07-08,139.503173828125,140.30177401839643,137.00021261100082,137.88647618396286,105575500
2021-07-09,141.32437133789062,141.85027728075062,138.92854127199598,139.02593841657492,99890800
2021-07-12,140.73028564453125,142.50281263838897,140.24332963884083,142.39568172270836,76299700
2021-07-13,141.8405303955078,143.61305721006948,139.88297280050324,140.27253162136344,100827100
2021-07-14,145.25897216796875,145.66802829472786,143.82732030646622,144.23637643322533,127050800
2021-07-15,144.60647583007812,146.08682649960923,143.2527384989439,145.3466585952039,106820300
2021-07-16,142.57098388671875,145.85306272785598,142.07429409288326,144.58698895603396,93251400
2021-07-19,138.7337188720703,140.31146593339338,137.97406893394609,139.99980705584846,121434600
2021-07-20,142.3372039794922,143.26243208036362,139.2304378127707,139.71739371398104,96350000
2021-07-21,141.6067657470703,142.31773204055827,140.85686438211923,141.73337903289692,74993500
2021-07-22,142.9702911376953,144.33376205602218,142.00611286355945,142.13272618480354,77338200
2021-07-23,144.68438720703125,144.84021671822956,143.08717186904903,143.70074128144222,71447400
2021-07-26,145.10317993164062,145.9212625899734,143.8468249071035,144.40196197857813,72434100
2021-07-27,142.9410858154297,145.3174337626536,141.7529118418177,145.22977037782812,104818600
2021-07-28,141.19778442382812,143.135875021886,138.82143631465343,141.03222113566045,118931200
2021-07-29,141.8405303955078,142.72679380278865,140.80818614558353,140.91531705042755,56699500
2021-07-30,142.05477905273438,142.51251879825827,140.35043336301797,140.61339371614585,70440600
2021-08-02,141.72369384765625,143.11638102630255,141.46073341799487,142.5417764502479,62880000
2021-08-03,143.51565551757812,144.17790846415585,141.39251988736964,142.00608912842299,64786600
2021-08-04,143.11634826660156,143.93443068193204,142.46382908813206,143.4280072023747,56368300
2021-08-05,143.22348022460938,143.9831303102646,142.35669923658142,143.1455654900914,46397700
2021-08-06,142.5407257080078,143.48683682415765,142.04329182669468,142.74556017853746,54126800
2021-08-09,142.49197387695312,143.0869508994325,141.936020036627,142.59926530339968,48908700
2021-08-10,142.01405334472656,144.0720871817776,141.7214390067462,142.83336158468475,69023100
2021-08-11,142.26760864257812,143.1064282624458,141.94573444022404,142.45293150602257,48493500
2021-08-12,145.2230224609375,145.37908543032157,142.24813722010816,142.58952310526286,72282600
2021-08-13,145.42784118652344,145.75946379823836,144.6182813640554,145.30103817728678,59375000
2021-08-16,147.39810180664062,147.4663849394875,142.86263134674047,144.88164213986906,103296000
2021-08-17,146.4910125732422,147.94430623200614,145.41809822926902,146.53002087530285,92229700
2021-08-18,142.7552947998047,147.00791279558547,142.55046034897777,146.1105732952071,86326000
2021-08-19,143.08694458007812,144.35493005036025,140.94113102889904,141.45807654722455,86960300
2021-08-20,144.54025268554688,144.84261535990314,143.16497579607238,143.80872432514332,60549600
2021-08-23,146.02281188964844,146.49098584387335,144.24762936861552,144.65728343893502,60131800
2021-08-24,145.93502807617188,147.14449367144724,145.4766024407117,145.7692167650667,48606400
2021-08-25,144.70603942871094,146.61777310120064,144.15983406027962,146.12032437546637,58991300
2021-08-26,143.90625,145.44733817166107,143.87699005673284,144.6963131171606,48597200
2021-08-27,144.94017028808594,145.08647001894514,143.2137590490284,143.84774439339665,55802400
2021-08-30,149.3488006591797,149.7096980445359,144.94988286885493,145.3302769581914,90956700
2021-08-31,148.09063720703125,149.03674862857602,147.5639283316424,148.90019723180595,86453100
2021-09-01,148.7538299560547,151.16299758315895,148.5880186674378,149.0659558284964,80313700
2021-09-02,149.86573791503906,150.90939195726816,148.6465242486851,150.0803207109557,71115500
2021-09-03,150.499755859375,150.82163009154993,149.31955034140017,149.9730471583683,57808700
2021-09-07,152.83090209960938,153.38685589495006,150.58754556278473,151.15326259436534,82278300
2021-09-08,151.289794921875,153.17225378958634,150.18762094012845,153.113733911437,74420200
2021-09-09,150.27545166015625,152.2652024090621,150.15839699282031,151.6604770125975,57305700
2021-09-10,145.30105590820312,151.65071737057013,145.03770150418336,151.18254333907822,140893200
2021-09-13,145.86676025390625,147.6906995642944,145.08646034770857,146.92016289482572,102404300
2021-09-14,144.4719696044922,147.34932639599026,143.2917788504928,146.64705797915482,109296300
2021-09-15,145.35951232910156,145.75941793780808,142.76502237214694,144.90108685238485,83281300
2021-09-16,145.12542724609375,145.30100174431934,143.59410269773988,144.78405636656498,68034100
2021-09-17,142.46270751953125,145.15474141357228,142.17009319848557,145.15474141357228,129868800
2021-09-20,139.41954040527344,141.272739448902,137.79067253613061,140.25836010441694,123478900
2021-09-21,139.8975067138672,141.0387042995896,139.26352128445325,140.38519239279663,75834000
2021-09-22,142.2578582763672,142.82356032742504,140.1608018149043,140.8923300236282,76404300
2021-09-23,143.21372985839844,143.45757261545157,142.05303595354863,143.03815533417017,64838200
2021-09-24,143.30152893066406,143.83798604484667,141.97502355876833,142.07256662788618,53477900
2021-09-27,141.7897186279297,142.36519899589,140.27790504587242,141.88726170941032,74150700
2021-09-28,138.41493225097656,141.18498292082313,138.20034939372246,139.72192610299075,108972300
2021-09-29,139.31228637695312,140.89238314094982,138.531986350207,138.96115210906663,74602000
2021-09-30,138.01504516601562,140.8241193990878,137.8004622797123,140.12185084081975,89056700
2021-10-01,139.13668823242188,139.40004260947205,135.68388091891475,138.40515987182454,94639600
2021-10-04,135.713134765625,138.7075311976416,134.86456666800945,138.26860229461653,98322000
2021-10-05,137.63461303710938,138.73678711480215,135.9277136552574,136.0545166576062,80861100
2021-10-06,138.502685546875,138.6489852474294,134.96208396365105,136.03499804431914,83221100
2021-10-07,139.76095581054688,140.66805891569803,139.20500187376496,139.5366245646865,61732700
2021-10-08,139.3805389404297,140.62901288949595,139.04891630336158,140.48271316225515,58773200
2021-10-11,139.29278564453125,141.24352842200915,138.3174142557923,138.76609164312617,64452200
2021-10-12,138.0247802734375,139.72193160685052,137.56635459515326,139.70242001460875,73035900
2021-10-13,137.43955993652344,137.9174823014052,135.77166862906188,137.76143421982243,78762700
2021-10-14,140.2193603515625,140.33641501765865,138.02477512030043,138.61000380183043,69907100
2021-10-15,141.27276611328125,141.33128600610704,139.97552058470157,140.2291266309253,67940300
2021-10-18,142.94064331054688,143.22349439217342,139.63413574665708,139.91698682828363,85589200
2021-10-19,145.09622192382812,145.4961277086073,142.94065979384268,143.38932223477877,76378900
2021-10-20,145.58387756347656,146.06181473584434,144.4719551618084,145.03767215675973,58418800
2021-10-21,145.7985076904297,145.9545706809791,144.228159195118,145.14501066086328,61421000
2021-10-22,145.0279541015625,146.48124774454206,144.97918256227808,146.00332535531382,58883400
2021-10-25,144.9791717529297,145.69118854784608,143.98428898104416,145.0181800516583,50720600
2021-10-26,145.64242553710938,147.12497895180522,145.34004798248478,145.6521738906202,60893400
2021-10-27,145.18402099609375,146.0423376021523,144.83288673993832,145.68145499107032,56094900
2021-10-28,148.81239318847656,149.39760698679012,146.0325792767904,146.13012235133445,100077900
2021-10-29,146.110595703125,146.2471470636249,142.804088225394,143.59413644564216,124953200
2021-11-01,145.2913055419922,146.01307072992742,144.1598713388164,145.3205654883688,74588300
2021-11-02,146.32518005371094,147.8370082711022,144.98891149464504,144.9986747309846,69122000
2021-11-03,147.75897216796875,148.22714612515688,146.1301042293714,146.68605801297326,54511500
2021-11-04,147.24205017089844,148.6758322133497,146.92992422765454,147.84677558220335,60394600
2021-11-05,147.76950073242188,148.66815006608644,146.57781000839395,148.36534609443586,65463900
2021-11-08,146.948974609375,148.0527572213007,146.67547332752292,147.8964665160418,55020900
2021-11-09,147.31039428710938,147.91600218212633,146.57779832196186,146.71454897260128,56787900
2021-11-10,144.4874725341797,146.64619541359409,144.41910465453822,146.53874739869644,65187100
2021-11-11,144.4385986328125,145.96239567531134,144.25300529217714,145.50331597045192,41000000
2021-11-12,146.50946044921875,146.90993499792881,144.05769591147595,144.98564800973566,63804000
2021-11-15,146.51919555664062,148.3555742437889,145.9624154592678,146.88060480284193,59222800
2021-11-16,147.4960174560547,147.97465228236786,145.87453448172622,146.46061733416252,59256200
2021-11-17,149.92822265625,151.40317727562876,147.48623592599793,147.49599850722544,88807000
2021-11-18,154.20657348632812,154.98801222203343,149.49843081431837,150.14311888912806,137827700
2021-11-19,156.8243865966797,157.28348128204507,152.89766786630707,153.9916731226482,117305600
2021-11-22,157.28347778320312,161.8548695638248,157.26393771700205,157.9281509208038,117467900
2021-11-23,157.6644287109375,158.04537802988585,155.36895531169498,157.3811499145866,96041900
2021-11-24,158.18209838867188,158.3774543011539,155.93546813337693,157.01971058805793,69463600
2021-11-26,153.17115783691406,156.72668956141257,152.73160325073675,155.86712045424656,76959800
2021-11-29,156.5215606689453,157.4495124904144,155.1051966783485,155.67173929364688,88748200
2021-11-30,161.46417236328125,161.67906839694083,156.2090119296681,156.2773947152438,174048100
2021-12-01,160.94647216796875,166.34814584365344,160.71203606659066,163.5935775451036,152052500
2021-12-02,159.95989990234375,160.38969196905754,154.13821164787007,155.05640108044867,136739200
2021-12-03,158.08444213867188,161.13205157338396,156.01364225594332,160.21386222018816,118023100
2021-12-06,161.4836883544922,163.98428011365826,160.46781363689186,160.47757621707362,107497000
2021-12-07,167.2076873779297,167.59841414884357,164.43359437560147,165.15642772326544,120405400
2021-12-08,171.0172119140625,171.87679598965886,166.7388465074218,168.13567063026588,116998900
2021-12-09,170.50930786132812,172.64849098301357,169.88415974900647,170.85119202317716,108923700
2021-12-10,175.28578186035156,175.46161263264923,170.63624509261138,171.14418244016858,115402700
2021-12-13,171.66188049316406,177.90359710458122,171.4567470785072,176.9170250648393,153237000
2021-12-14,170.2845916748047,173.61546458889217,168.21379204713816,171.18324085105056,139380400
2021-12-15,175.1392822265625,175.33463817394934,168.31148231582245,171.0465102933484,131063300
2021-12-16,168.26266479492188,176.93660728082307,166.78771003091353,175.11976837917365,150185800
2021-12-17,167.16864013671875,169.44457351876034,165.75229083845704,165.98671202152144,195432700
2021-12-20,165.81089782714844,166.62163920449956,163.5740445559153,164.375008447403,107499100
2021-12-21,168.9757080078125,169.1808265329912,165.1955026634982,167.57888393978646,91185900
2021-12-22,171.56422424316406,171.7791202742142,168.15520530032774,169.02455200604697,92135300
2021-12-23,172.18934631347656,172.74612637491737,171.20278915942293,171.76933180091095,68356600
2021-12-27,176.14537048339844,176.23327841950962,172.96102548062714,172.9805506410723,74919600
2021-12-28,175.12948608398438,177.12215528727302,174.38712760111903,175.97930746687297,79144300
2021-12-29,175.21739196777344,176.43838502161353,174.00616149267194,175.16854926467977,62348900
2021-12-30,174.0648193359375,176.379833000267,173.95737131856603,175.30535282655248,59773000
2021-12-31,173.44943237304688,175.0709001571645,173.14661351296067,173.9573548573712,64062300
2022-01-03,177.78639221191406,178.6362137085352,173.58618706197944,173.70339765267045,104487900
2022-01-04,175.5299835205078,178.69480333397306,174.96344087400894,178.39199939810527,99310400
2022-01-05,170.8609161376953,175.9890879826122,170.587414831676,175.4420853705736,94537600
2022-01-06,168.00868225097656,171.23210762394186,167.65703557565845,168.69243553501073,96904000
2022-01-07,168.17474365234375,170.0990304259398,167.06119827767387,168.878037036841,86709100
2022-01-10,168.19427490234375,168.4970788622131,164.2675561955421,165.1564429133354,106765600
2022-01-11,171.0172119140625,171.1148824378415,166.85607200254188,168.32126400156088,76138300
2022-01-12,171.4567413330078,173.06844633316717,170.76322556870227,172.03304652412405,74805200
2022-01-13,168.19427490234375,172.52146809219963,167.80354809549323,171.70096415486904,84505800
2022-01-14,169.0538330078125,169.74734876331195,167.11976914653764,167.36396777404897,80440800
2022-01-18,165.85975646972656,168.5361646254104,165.4788071020713,167.53006719532837,90956700
2022-01-19,162.37254333496094,167.1100025568735,162.08927949191408,166.05506272277646,94815000
2022-01-20,160.6924591064453,165.74248492301732,160.37011513031928,163.10514273299674,91420500
2022-01-21,158.64122009277344,162.470253269675,158.5337720868401,160.60457194151562,122848900
2022-01-24,157.8695831298828,158.53381139617989,151.11016437480347,156.30672027070835,162294600
2022-01-25,156.07225036621094,158.98309429431202,153.37630245676536,155.29081165334586,115798400
2022-01-26,155.984375,160.57530790290645,154.1577733646561,159.70596106577034,108275300
2022-01-27,155.52523803710938,160.03802433796415,154.60704872462142,158.68028043462846,121954600
2022-01-28,166.37745666503906,166.3969967339565,159.02219316405643,161.86466955096992,179935700
2022-01-31,170.7241668701172,170.93906288440527,165.576454917367,166.21138037947398,115541600
2022-02-01,170.55812072753906,170.78277933201363,168.31148996868112,169.9720379540269,86213900
2022-02-02,171.7595672607422,171.79864739328102,169.30781806090394,170.69486467196293,84914300
2022-02-03,168.88775634765625,172.15026117501966,168.1258578604404,170.4310933846244,89418100
2022-02-04,168.60415649414062,170.27660988825676,166.93170310002452,167.90974218054592,82465400
2022-02-07,167.89022827148438,170.12993168140494,167.19581380846196,169.06387243592252,77251200
2022-02-08,170.99057006835938,171.49915455646115,167.6652283214683,167.9586430232075,74829200
2022-02-09,172.40872192382812,172.77059159545334,171.05902326407136,172.18377712176584,71285000
2022-02-10,168.34011840820312,171.62633103104866,167.78264377127414,170.31576195955012,90865900
2022-02-11,164.93653869628906,169.2790353586412,164.34970917619486,168.54550592037077,98670700
2022-02-14,165.1712646484375,165.8558891027738,162.9022065441299,163.69441590726865,86185500
2022-02-15,168.99537658691406,169.1518664311418,166.5111637354937,167.2153531108256,62527400
2022-02-16,168.76068115234375,169.53332561896576,166.3155829464961,168.07605663944543,61177400
2022-02-17,165.1712646484375,168.1347222265384,164.7702649952927,167.27404295611913,69589300
2022-02-18,163.62594604492188,166.7947832093295,162.54032203615824,166.09060878011084,82772700
2022-02-22,160.7113800048828,163.02932772220805,158.58902218443671,161.35687442039574,91162800
2022-02-23,156.55471801757812,162.5011823133144,156.24173835796486,161.90457789540673,90009200
2022-02-24,159.16610717773438,159.27369208830245,148.66196063900136,149.22922517438823,141147500
2022-02-25,161.229736328125,161.49379611504713,157.33713033388693,160.2419073795577,91974200
2022-02-28,161.49383544921875,161.7872502076219,158.8629074909049,159.47907699118204,95056600
2022-03-01,159.615966796875,162.94130845487337,158.4129829679633,161.08302534266187,83474400
2022-03-02,162.90223693847656,163.68467142814512,159.3715141755355,160.7798932721996,79724800
2022-03-03,162.57945251464844,165.20060533866413,161.91439302006907,164.77026570160976,76678400
2022-03-04,159.5866241455078,161.9143617747294,158.54013016070306,160.87764280753723,83737200
2022-03-07,155.80165100097656,161.39603654297554,155.5473512521712,159.7724878532729,96418800
2022-03-08,153.98248291015625,159.30301816152476,152.37849933499598,155.33218168421902,131148300
2022-03-09,159.37144470214844,159.82134918778635,155.9091933685317,157.93372624467713,91454900
2022-03-10,155.03878784179688,156.86771648439594,152.5545597614365,156.68188663700346,105342000
2022-03-11,151.3319854736328,155.78206635482195,151.1070406596988,155.43974670100266,96970100
2022-03-14,147.312255859375,150.7353929741164,146.8036862331013,148.12403016599976,108732100
2022-03-15,151.68406677246094,152.15353624322603,147.07751138372214,147.58608092484786,92964300
2022-03-16,156.0852508544922,156.48625045296393,151.06792059745445,153.60103819497576,102300200
2022-03-17,157.09263610839844,157.4642957434988,154.16830873861088,155.12678288189394,75615400
2022-03-18,160.3788604736328,160.86788006337628,156.25153394230247,156.98506332691767,123511700
2022-03-21,161.74810791015625,162.6968070121453,159.4301451412394,159.9191646814939,95811400
2022-03-22,165.11257934570312,165.6993938917205,161.28844262082922,161.87525716684658,81532000
2022-03-23,166.47206115722656,168.8486892835288,163.9682682338466,164.3008129085659,98062700
2022-03-24,170.24728393554688,170.31573891650316,166.4720521767643,167.30337650948087,90131400
2022-03-25,170.8830108642578,171.43071043053845,168.95627243907444,170.06146151483682,80546200
2022-03-28,171.74368286132812,171.87081780430975,168.22273590773543,168.38900077447545,90371900
2022-03-29,175.0299072265625,175.07879724912362,172.46743429498167,172.80975399507543,100589400
2022-03-30,173.8660430908203,175.66563174403498,172.81953392128133,174.62891251824163,92633200
2022-03-31,170.77545166015625,174.12034444944086,170.57005683003788,173.9345145849757,103049300
2022-04-01,170.48199462890625,171.0394840841696,168.16404671715162,170.20814487239906,78751300
2022-04-04,174.52133178710938,174.57023673592576,170.60917466091976,170.73632454310336,76468400
2022-04-05,171.2155303955078,174.38438259894033,170.58958593943765,173.60194829792937,73401800
2022-04-06,168.05648803710938,169.8169616919483,166.393824277865,168.57484765163213,89058800
2022-04-07,168.3596649169922,169.55287391806212,166.11996174699982,167.401190693142,77594700
2022-04-08,166.35470581054688,168.0075946635794,165.4842514050896,168.0075946635794,76575500
2022-04-11,162.1099853515625,165.31795249524248,161.8654755697351,165.00498773482366,72246700
2022-04-12,163.97805786132812,166.13951616252308,162.98045368647982,164.3301525745867,79265200
2022-04-13,166.65786743164062,167.28381189911025,163.10759541750994,163.7139749230824,70618900
2022-04-14,161.6600799560547,167.5087646523774,161.41557017548345,166.8730302686766,75329400
2022-04-18,161.44491577148438,162.94131434841603,159.97785717263437,160.3201618914843,69023900
2022-04-19,163.72373962402344,164.13452917950872,160.31039271090148,161.3960167105301,67723800
2022-04-20,163.55747985839844,165.17125338034182,162.45230578739907,165.05387853639598,67929800
2022-04-21,162.76527404785156,167.7630547165198,162.266479452362,165.20059691129774,87227800
2022-04-22,158.23692321777344,164.18340212764667,157.95329847424364,162.80437847987656,84882400
2022-04-25,159.30299377441406,159.58661851207708,154.9800632753819,157.58163561913904,96046400
2022-04-26,153.3565216064453,158.7748512209157,153.2782766938566,158.6868312906376,95623200
2022-04-27,153.13157653808594,156.28084845296394,151.96770771639416,152.48606720314393,88063200
2022-04-28,160.04632568359375,160.9070049099631,155.43975472715812,155.7527344180899,130216800
2022-04-29,154.1878662109375,162.55010393809633,153.79665651995063,158.28585264208988,131747600
2022-05-02,154.49105834960938,154.75511815394006,149.9040527150275,153.26850950984627,123055300
2022-05-03,155.97764587402344,157.1806445145201,152.88705416758032,154.67685229380245,88966500
2022-05-04,162.37405395507812,162.8239435793619,155.76250015329012,156.16349976201118,108256500
2022-05-05,153.32720947265625,160.47667363266967,151.5471709663278,160.25172879543595,130525300
2022-05-06,154.05201721191406,156.16768941381943,151.01563498071906,152.80807823964273,116124600
2022-05-09,148.9391632080078,152.6317930294346,148.3808694909006,151.7502553954864,131577900
2022-05-10,151.33885192871094,153.52309446613708,149.79127784510368,152.328132388233,115366700
2022-05-11,143.49325561523438,152.25956414663153,142.81741468212965,150.3495886480442,142689800
2022-05-12,139.63412475585938,143.19941752795359,135.95129962230052,139.8398213340432,182602000
2022-05-13,144.09075927734375,145.06044619602298,140.1728540722722,141.62247481337442,113990900
2022-05-16,142.552978515625,144.49235241019304,141.2208901087805,142.56278284412517,86643800
2022-05-17,146.177001953125,146.6961230315545,143.66953086740642,145.80479629477273,78336300
2022-05-18,137.92982482910156,144.33559163369299,137.02869370903522,143.8360642275501,109742900
2022-05-19,134.53103637695312,138.7525756020971,133.79642936713128,137.00910949443605,136095600
2022-05-20,134.76614379882812,137.81231576353846,129.88835589129073,136.23535828446418,137426100
2022-05-23,140.1728057861328,140.31972120246527,134.8248604473741,134.96198648449013,117726300
2022-05-24,137.479248046875,139.0562049598391,134.51143704695141,137.92000924521287,104132700
2022-05-25,137.63600158691406,138.87992561613757,135.50073567160547,135.5888849437953,92482700
2022-05-26,140.82904052734375,141.3775446276635,134.32532129598022,134.57019026545265,90601500
2022-05-27,146.5688018798828,146.60797434750936,142.27869181225157,142.4060284868712,90978500
2022-05-31,145.78521728515625,147.5678709384086,143.82626511004062,146.01050754614022,103718400
2022-06-01,145.6578826904297,148.62569377792533,144.64900865939228,146.823446577346,74286600
2022-06-02,148.10659790039062,148.16536407915592,143.8458705924634,144.79596367082308,72348100
2022-06-03,142.39625549316406,144.93309527765794,141.49513917786348,143.88504856420633,88570300
2022-06-06,143.140625,145.52075950090375,141.92606935448035,144.01235806018857,71598400
2022-06-07,145.6578826904297,145.94192415465892,141.1424977278199,141.38736672807937,67808200
2022-06-08,144.92330932617188,146.7940975636926,144.43357121198528,145.53057980516448,53950200
2022-06-09,139.71246337890625,144.91347882072873,139.60472041542363,144.06133943857793,69473000
2022-06-10,134.31556701660156,137.87105521943323,134.24699651333503,137.40091085996173,91437900
2022-06-13,129.17333984375,132.4251934035628,128.7423678783914,130.14301182018457,122207100
2022-06-14,130.0352325439453,131.14204524198857,128.7815044194442,130.39764883857168,84784300
2022-06-15,132.6504364013672,134.5212392737676,129.44756042743367,131.53383428431485,91533000
2022-06-16,127.39067840576172,129.67285985675707,126.39160844816745,129.36922461121898,108123900
2022-06-17,128.85986328125,130.3486710219844,127.14578023984714,127.40045357119396,134520300
2022-06-21,133.08143615722656,134.24701531100777,130.58378362269173,130.68172228241795,81000500
2022-06-22,132.57208251953125,134.93260831981635,131.1616346888571,132.02356340545535,73409200
2022-06-23,135.43214416503906,135.74556869818326,132.8463282477274,134.01190702274286,72433800
2022-06-24,138.7526092529297,138.99747831559026,136.90139973704072,137.02872148660157,89116800
2022-06-27,138.7526092529297,140.5450525850796,138.0767682486871,139.77125797752416,70207900
2022-06-28,134.61923217773438,140.47649657650823,134.50169979812208,139.2129786588069,67083400
2022-06-29,136.37246704101562,137.7829151592785,133.8650103621575,134.63880492913648,66242400
2022-06-30,133.91400146484375,135.53013138802967,131.0245493574635,134.4331227102609,98964500
2022-07-01,136.07858276367188,136.18632571299105,132.87570725736074,133.2478979449589,71051600
2022-07-05,138.65464782714844,138.70362462604172,134.11966825992553,134.94243962271915,73353800
2022-07-06,139.98672485351562,141.16209320483665,138.18449238511542,138.44895512148898,74064300
2022-07-07,143.34634399414062,143.5422362397496,140.3393449670909,140.34913434840425,66253700
2022-07-08,144.02215576171875,144.52169812610057,142.02403114104803,142.2786895406023,64547800
2022-07-11,141.89666748046875,143.63034399150357,140.82904234672395,142.6802511820269,63141600
2022-07-12,142.8663787841797,145.40321819395862,142.07300556646354,142.768425199881,77588800
2022-07-13,142.50399780273438,143.44428658574307,139.20315284375937,140.05530730128564,71185600
2022-07-14,145.4228515625,145.89299601499977,140.30998393649415,141.12295108192205,78140700
2022-07-15,147.08792114257812,147.7637620290884,145.15835206929646,146.70592606919652,76259900
2022-07-18,144.0515594482422,148.45920196700573,143.6891431225671,147.64623499784832,81420900
2022-07-19,147.90087890625,148.1261542059037,143.89482557447934,144.88409097349603,82982400
2022-07-20,149.8990478515625,150.56509951384282,147.2838478982926,148.01845513052425,64823400
2022-07-21,152.1616668701172,152.37715287681448,148.821648711933,151.3291059400936,65086600
2022-07-22,150.92747497558594,153.07253011561605,150.2614383736218,152.20079694797485,66675400
2022-07-25,149.8108367919922,151.85793784801606,149.1545897286283,150.8490788607654,53623900
2022-07-26,148.4886016845703,149.94801169458665,147.70501771546552,149.13504463438227,55138700
2022-07-27,153.5720672607422,154.10099277980115,149.0371026048061,149.4484808165071,78620700
2022-07-28,154.12059020996094,154.40463173955777,151.2409277129022,153.75817384315252,81378700
2022-07-29,159.17466735839844,160.27169083424704,156.22644946059978,157.93074338059327,101786900
2022-08-01,158.19520568847656,160.2325181068246,157.58793518866128,157.70546755749734,67829400
2022-08-02,156.72596740722656,159.07671904499605,156.35377664743476,156.81413161603723,59907000
2022-08-03,162.7203826904297,163.17093336402678,157.45079605540153,157.53894532472003,82507500
2022-08-04,162.40696716308594,163.7586492750685,161.05528505110334,162.60285943908943,55474100
2022-08-05,162.18133544921875,162.67175374212067,159.87636348602825,160.08234575425365,56697000
2022-08-08,161.71054077148438,164.59420304327227,161.05338198319762,163.18179581085533,60276900
2022-08-09,161.75958251953125,162.6423445061743,160.1215870695177,160.8768354992681,63135500
2022-08-10,165.996826171875,166.0949008724902,163.70165667502752,164.4667081851827,70170500
2022-08-11,165.26116943359375,167.713261012407,164.9669154508603,166.80107516257124,57149200
2022-08-12,168.802001953125,168.87065273956517,166.1537308916434,166.56569547580565,68039400
2022-08-15,169.87110900878906,170.06727335382837,168.0663730882192,168.2331135298216,54091700
2022-08-16,169.7141876220703,170.3811644180383,168.37044601656845,169.46897842594916,56377100
2022-08-17,171.20506286621094,172.77439273368478,169.26301023326062,169.45917459589717,79542000
2022-08-18,170.81268310546875,171.5483105348056,169.8024226331564,170.42035446304044,62290100
2022-08-19,168.23312377929688,170.4105825645676,168.02714147630917,169.71418188591318,70346300
2022-08-22,164.3588104248047,166.6049198473659,163.9370428679026,166.43817940694694,69026800
2022-08-23,164.0253143310547,165.47696339789675,163.4564272588674,163.87819481513557,54147100
2022-08-24,164.31956481933594,164.88845187937156,163.06409508904346,164.11359750144874,53841500
2022-08-25,166.7716522216797,166.8795448504242,165.12385385508654,165.54560642521002,51218200
2022-08-26,160.4844512939453,167.7720737244139,160.4256035029831,167.30127643034007,78961000
2022-08-29,158.2874298095703,159.7782908024648,156.7573269679059,158.06182659509352,73314000
2022-08-30,155.86477661132812,159.4448248788866,154.69757844618866,159.02307224651202,77906200
2022-08-31,154.2071533203125,157.50276536238007,154.1286845852179,157.23793525223348,87991100
2022-09-01,154.93295288085938,155.38412932683354,151.70599214901193,153.6382414104045,74229900
2022-09-02,152.8241729736328,157.2869832188541,152.00027368828214,156.6886721974106,76957800
2022-09-06,151.5686798095703,154.07961913097643,150.74478065092995,153.47150522336744,73714800
2022-09-07,152.97128295898438,153.6676685648947,150.66631095885003,151.85312983190147,87449600
2022-09-08,151.50003051757812,153.36361410419434,149.75412756943635,151.6765739248584,84923800
2022-09-09,154.35426330566406,154.79565178409123,151.78447599724632,152.49067960307377,68028800
2022-09-12,160.29811096191406,161.11220709833708,156.24726616785827,156.53170218353472,104956000
2022-09-13,150.8919219970703,157.46352522744408,150.43092752735453,156.83579030622826,122656600
2022-09-14,152.33370971679688,154.0894153787575,150.66629071155694,151.82367056195963,87965400
2022-09-15,149.45008850097656,152.2651001071562,148.4790697119515,151.68639505914092,90481100
2022-09-16,147.81207275390625,148.44962552428208,145.5267216779744,148.31230899881908,162278800
2022-09-19,151.51963806152344,151.59810678770754,146.2427471814607,146.44871449211215,81474200
2022-09-20,153.89328002929688,155.05067517637016,150.14649142825516,150.46035140561636,107689800
2022-09-21,150.7742156982422,155.69802002410492,150.6565200858437,154.32483969180942,101696800
2022-09-22,149.81298828125,151.50983141556574,148.0180554999838,149.45988650515864,86652500
2022-09-23,147.5472412109375,148.5673196468233,145.71308157487604,148.29268659863374,96029900
2022-09-26,147.88075256347656,150.82326264584486,146.77240230987616,146.79202323434507,93339400
2022-09-27,148.85179138183594,151.75507497309587,147.07647912072952,149.81302224747262,84442700
2022-09-28,146.96856689453125,147.75323924438212,142.06438341593866,144.81072915722658,146691400
2022-09-29,139.74960327148438,143.9083561021041,137.98409428837317,143.3002421615135,128138200
2022-09-30,135.55160522460938,140.35771319334796,135.35544091221504,138.5725835278908,124925300
2022-10-03,139.72021484375,140.32834390512355,135.05143653979655,135.56147592361143,114311700
2022-10-04,143.30020141601562,143.4178969926313,141.49545109844763,142.2506993032743,87830100
2022-10-05,143.59451293945312,144.55574385560058,140.26947652199397,141.30917618434017,79471000
2022-10-06,142.64306640625,144.71263233032042,142.43709909152813,143.0157891213956,68402200
2022-10-07,137.40542602539062,140.35775442140775,136.77769106151405,139.80847323243142,85925600
2022-10-10,137.7290496826172,139.17088043179677,135.91451126723297,137.7290496826172,74899000
2022-10-11,136.31668090820312,138.64127407342733,135.57125040118655,137.21904887976436,77033700
2022-10-12,135.68896484375,137.67025945099226,135.51242139642648,136.46383432846753,70433700
2022-10-13,140.2498321533203,140.83832513907973,131.79501040391918,132.40313927882985,113224000
2022-10-14,135.72817993164062,141.75051634248345,135.5418185741853,141.54453406151188,88598000
2022-10-17,139.68093872070312,140.1615390587515,137.58194907165392,138.36662131640782,85250900
2022-10-18,140.99526977539062,143.88873492707052,137.91544326382163,142.7019309504816,99136600
2022-10-19,141.1031494140625,142.17225768233465,138.78837451258266,138.97473585531196,61758300
2022-10-20,140.64219665527344,143.0942888035043,139.91637199149932,140.27929180657773,64522000
2022-10-21,144.4478302001953,145.0167173026428,139.9163543059083,140.1321395849877,86548600
2022-10-24,146.58602905273438,147.35108041478094,143.20214572577777,144.36934369172494,75981900
2022-10-25,149.42068481445312,149.5678193244191,146.49779513966664,147.21380186240924,74732300
2022-10-26,146.48793029785156,149.07733793610197,145.20302197217626,148.06707758643762,88194300
2022-10-27,142.02516174316406,146.1937178528811,141.36800292889203,145.23250204640354,109180200
2022-10-28,152.75550842285156,154.48177557471033,144.98728378991743,145.35999154749908,164762400
2022-10-31,150.40150451660156,151.2842665764986,149.0087181195706,150.22496108445085,97943200
2022-11-01,147.7630615234375,152.47108127109797,146.27220032701106,152.10817643552318,80379300
2022-11-02,142.250732421875,149.2539052221096,142.22130852087065,146.09561013902547,93604600
2022-11-03,136.21859741210938,140.06347524662803,136.0910838596121,139.3376507448135,97918500
2022-11-04,135.95333862304688,140.16810151754257,132.0234836201314,139.59827074317496,140814800
2022-11-07,136.48387145996094,136.70983394000362,133.29086405936027,134.70561435237354,83374600
2022-11-08,137.05372619628906,138.94987449555333,135.07897897911388,137.9477720224135,89908500
2022-11-09,132.50489807128906,136.12037292800636,132.22980938548775,136.07124673599705,74917800
2022-11-10,144.29444885253906,144.29444885253906,137.0536956773793,138.7631880310501,118854000
2022-11-11,147.07479858398438,147.37935990276293,141.83826577346156,143.26284999283982,93979700
2022-11-14,145.67971801757812,147.64464544159856,144.84461786588682,146.3576203774582,73374100
2022-11-15,147.40884399414062,150.89659305740093,145.95480194485347,149.55062261259357,89868300
2022-11-16,146.18080139160156,147.2418642338074,144.707105498184,146.51485052076237,64218300
2022-11-17,148.07696533203125,148.82363252503697,143.58709795786277,143.86218666008645,80389400
2022-11-18,148.63693237304688,150.02220984195606,147.34008803390304,149.63904958366277,74829600
2022-11-21,145.41445922851562,147.73307435769456,145.12955132737417,147.52676535819396,58724100
2022-11-22,147.54638671875,147.7821833963105,144.353379792247,145.5323481888436,51804100
2022-11-23,148.42080688476562,149.16747394284351,146.72113379241404,146.82920540527334,58301400
2022-11-25,145.51268005371094,146.26918120067512,144.5400357218998,145.70916976960694,35195900
2022-11-28,141.69091796875,144.06847835661756,140.86565204725017,142.59478278627932,69246000
2022-11-29,138.69442749023438,142.27059550015326,137.88881488460692,141.75971007267643,83763800
2022-11-30,145.43409729003906,146.1119996275474,138.08527316426236,138.9203582971881,111380900
2022-12-01,145.70921325683594,146.51484082101652,144.0390276864429,145.61097586517099,71250400
2022-12-02,145.21795654296875,145.4046270438478,143.09583136119605,143.40040769964443,65447400
2022-12-05,144.05865478515625,148.2734173934748,143.21373541725012,145.17866278529172,68826400
2022-12-06,140.40391540527344,144.71693119940028,139.431270776129,144.49096870660432,64727200
2022-12-07,138.4684600830078,140.85584008868295,137.5449416476374,139.69653991914743,69721100
2022-12-08,140.1484375,141.00319109284194,138.62563079391435,139.86352962985669,62128300
2022-12-09,139.66705322265625,143.01725827820258,138.42913927736055,139.84388950557997,76097000
2022-12-12,141.95619201660156,141.96601125722427,138.58633357333804,140.19757351667832,70462700
2022-12-13,142.9189910888672,147.34007759813417,141.71056497387187,146.87831847453648,93886200
2022-12-14,140.6986541748047,144.08815144991274,138.68460028950005,142.80112620848055,82291200
2022-12-15,134.10629272460938,139.3133532425607,133.6445335943197,138.63545090272245,98931900
2022-12-16,132.1511688232422,135.23610381983994,131.38484844130548,134.29294719185827,160156900
2022-12-19,130.0487060546875,132.82907992971283,129.01713123497163,132.74066180080095,79592600
2022-12-20,129.97994995117188,130.91328746393052,127.61220884643005,129.08590439011405,77432800
2022-12-21,133.0746612548828,134.41081204562903,130.4220131384429,130.64797551734222,85928000
2022-12-22,129.91119384765625,132.20033647277774,128.01504576681836,131.99402745433673,77852100
2022-12-23,129.54766845703125,130.0978457490201,127.3665977700706,128.62415014924704,63814900
2022-12-27,127.74972534179688,129.10552974389384,126.46270057920476,129.07605703873548,69007800
2022-12-28,123.82972717285156,128.73221899747332,123.66271014073895,127.39606774936588,85438400
2022-12-29,127.33711242675781,128.19185099265815,125.49008349000029,125.74551863845643,75703700
2022-12-30,127.65150451660156,127.67115798862761,125.19535270118398,126.15817044916967,77034200
2023-01-03,122.87674713134766,128.6045053870652,121.99252821247748,127.99538262842435,112117500
2023-01-04,124.14411163330078,126.40378110334795,122.88655931785308,124.66481618620305,89113600
2023-01-05,122.82762145996094,125.52939692056383,122.57218626779334,124.90062068574457,80962700
2023-01-06,127.34693145751953,128.00518029343567,122.69988266566685,123.80024463429882,87754700
2023-01-09,127.86763763427734,131.07047871721036,127.61220248294386,128.18203319703136,70790800
2023-01-10,128.43748474121094,128.95818934117645,125.87325369613974,127.97572556898378,63896200
2023-01-11,131.14907836914062,131.1687168485226,128.17221470136022,128.94835439070522,69458900
2023-01-12,131.0704803466797,131.90556546211644,129.1350257391296,131.53223946571177,71379600
2023-01-13,132.39682006835938,132.55401787873402,129.35119119619432,129.71469801537842,57809700
2023-01-17,133.55612182617188,134.88243886666353,131.77786487384603,132.4655864864573,63646600
2023-01-18,132.8389434814453,136.17931456809228,132.66209219338052,134.4207108763407,69672800
2023-01-19,132.89784240722656,133.86065244378065,131.42414715096476,131.72870843866633,58280400
2023-01-20,135.4522705078125,135.59964906296133,131.86628386729487,132.90769302903612,80223600
2023-01-23,138.6354522705078,140.806703627411,135.4817372209474,135.6978804326285,81760300
2023-01-24,140.0305938720703,140.64955099434704,137.8397033315953,137.8495225748401,66435100
2023-01-25,139.37228393554688,139.9322803802267,136.37576702094836,138.4192930644909,65799300
2023-01-26,141.4355010986328,141.72040901629467,139.41161299424252,140.65934626942868,54105100
2023-01-27,143.3708953857422,144.64810096985272,140.57088332682684,140.64948220797868,70555800
2023-01-30,140.49234008789062,142.99762607371383,140.34497649686972,142.41797596075202,64015300
2023-01-31,141.75970458984375,141.80883078137197,139.78495761656453,140.19759064122545,65874500
2023-02-01,142.8797149658203,144.03903014040526,138.84180280794712,141.44532609516176,77663600
2023-02-02,148.1752166748047,148.52888929698446,145.5716782733727,146.28887274258696,118339000
2023-02-03,151.79066467285156,154.62016535520215,145.23763259886508,145.4341223704264,154357300
2023-02-06,149.06922912597656,150.41521473457135,148.13589150827315,149.8945101165513,69858300
2023-02-07,151.93798828125,152.50781896271047,147.9983146799996,147.9983146799996,83322600
2023-02-08,149.25588989257812,151.8692470443083,148.51904208604415,151.18152542311802,64120100
2023-02-09,148.22427368164062,151.62360422246954,147.78216807435706,151.083246261921,56007100
2023-02-10,148.58836364746094,148.9130734935689,146.8270751036462,147.0632318137508,57450700
2023-02-13,151.38287353515625,151.7862873807752,148.49985109109068,148.52936881115792,62199000
2023-02-14,150.74327087402344,151.3041375201495,148.44079888424892,149.68058802933567,61707600
2023-02-15,152.8390655517578,153.00633755961738,150.428357769875,150.65466519061528,65573800
2023-02-16,151.2450714111328,153.82305157694913,150.8908438680814,151.04826665403036,68167900
2023-02-17,150.10369873046875,150.5464794908576,148.4309630722788,149.90690894964015,59144100
2023-02-21,146.09893798828125,148.87372305726493,146.03006833094608,147.79135689260553,58867200
2023-02-22,146.5220489501953,147.54536466728035,144.80011234851025,146.4826819914061,51011300
2023-02-23,147.00418090820312,147.92910925221886,144.8788305804024,147.6831183102613,48394200
2023-02-24,144.3573455810547,144.8296440334222,143.38321594733068,144.75092512234477,55469600
2023-02-27,145.5478973388672,146.77785186784027,145.08543323484585,145.341273385892,44998500
2023-02-28,145.04611206054688,146.68932985809187,144.47541123636594,144.69188448050687,50547000
2023-03-01,142.97976684570312,144.8689754008769,142.68457472462396,144.47539591550134,55479000
2023-03-02,143.5701446533203,144.35731860288683,141.59236804059648,142.06468141879296,52238100
2023-03-03,148.6080322265625,148.68675112203792,144.96736964186593,145.66597544130724,70732300
2023-03-06,151.36314392089844,153.79353555974586,150.99908214162087,151.32377696340643,87558000
2023-03-07,149.16893005371094,151.55995507278075,148.70646582947896,151.2352451910372,56182000
2023-03-08,150.41851806640625,151.0089022608483,149.39520247867964,150.3594826497808,47204800
2023-03-09,148.1751251220703,152.06177965604292,147.82089750549494,151.09749920529256,53833600
2023-03-10,146.11863708496094,148.5195113692859,145.24290982690115,147.80122193638456,68572400
2023-03-13,148.0570831298828,150.68426554265056,145.33149829894808,145.43973495329138,84457100
2023-03-14,150.14303588867188,150.94004418166887,147.6929755826584,148.85404568502526,73695900
2023-03-15,150.53662109375,150.7924462663543,147.51584514285557,148.76548332238644,77167900
2023-03-16,153.3507537841797,153.95097226183628,149.20825986230471,149.71992520737962,76161100
2023-03-17,152.51437377929688,154.22647602550626,151.80591871287191,153.5770563789343,98944600
2023-03-20,154.87588500976562,155.28916298853815,151.6780028890537,152.5832627325511,73641400
2023-03-21,156.7257537841797,156.84382463636302,154.02968755125636,154.7971931327365,73938300
2023-03-22,155.2990264892578,159.5399085601911,155.27934300701256,156.7454546452784,75701800
2023-03-23,156.38134765625,158.95934282613845,155.15139299961646,156.28296029217628,67622100
2023-03-24,157.68020629882812,157.76875944157217,155.31869907440637,156.31249715364865,59196500
2023-03-27,155.74179077148438,158.19186606543823,155.33836200567538,157.37517430078694,52390300
2023-03-28,155.1218719482422,155.9484128704115,153.4786543640599,155.4367475403247,45992200
2023-03-29,158.19189453125,158.46740324672123,156.79466747018907,156.81433593979492,51305700
2023-03-30,159.75634765625,159.86458426430409,158.68383082177425,158.93965597985908,49501700
2023-03-31,162.25563049316406,162.35403288236776,159.31358823359025,159.8350878653574,68749800
2023-04-03,163.50526428222656,163.62333513475417,161.58653785817188,161.63573905142377,56976200
2023-04-04,162.97390747070312,164.16449510354033,162.46224215834394,163.92835343175463,46278300
2023-04-05,161.13388061523438,162.40320212135714,159.20532028473036,162.09817579458004,51511700
2023-04-06,162.01950073242188,162.31469290771022,159.40215313314846,159.82525040692016,45390100
2023-04-10,159.43167114257812,159.43167114257812,157.51294452082058,158.8314525568901,47716900
2023-04-11,158.22140502929688,159.75638637804428,157.93604707794614,159.74655214369014,47644200
2023-04-12,157.5325927734375,159.46115319792995,157.2177171858746,158.6346273017189,50133100
2023-04-13,162.90501403808594,163.14117071125375,158.83140526402408,159.03804422980758,68445600
2023-04-14,162.5606689453125,163.65286938363687,161.19295983913122,161.9506011686896,49386500
2023-04-17,162.58035278320312,162.73779061232008,161.39959909302152,162.44259843625022,41516200
2023-04-18,163.80044555664062,164.72537387764507,162.99358808032773,163.4363837761115,49923000
2023-04-19,164.94187927246094,165.4633789570219,162.885383237049,163.14122346923992,47720200
2023-04-20,163.97755432128906,165.17799130758831,162.9050374280842,163.4265370188754,52456400
2023-04-21,162.3737335205078,163.78079474740133,161.85223383363555,162.40325123756864,58337300
2023-04-24,162.67872619628906,162.94440060882783,161.26181601487568,162.3540163618739,41949600
2023-04-25,161.14373779296875,163.64299896057264,161.10437083745688,162.54096443175132,48714100
2023-04-26,161.13388061523438,162.6295095550799,160.18928392676938,160.4451090686258,45498800
2023-04-27,165.70936584472656,165.85695442572842,162.54100085037314,162.54100085037314,64902300
2023-04-28,166.95896911621094,167.12625617335198,165.1878463008649,165.78806481489534,55275900
2023-05-01,166.87042236328125,167.71663185783257,165.9356597273935,166.56539597816914,52472900
2023-05-02,165.83726501464844,167.6182522416185,164.8533011388869,167.36241202489828,48425700
2023-05-03,164.76470947265625,168.17906452442512,164.47936662159927,166.78183794919684,65136000
2023-05-04,163.13134765625,164.36130237503923,161.67508547315035,162.24578626436005,81235400
2023-05-05,170.78660583496094,171.504895212846,168.02165491497223,168.23812815446027,113453200
2023-05-08,170.7177276611328,171.06212101363838,169.35001851271124,169.71408033203093,55962800
2023-05-09,169.01544189453125,170.75704676065035,168.8481698742082,170.27491417680565,45326900
2023-05-10,170.77676391601562,171.23922812803062,169.14338031673282,170.24543004162442,53724500
2023-05-11,170.96371459960938,171.79024060925457,169.40904995436452,171.06211698775132,49514700
2023-05-12,170.0375213623047,171.50564580777203,168.49055408757272,171.07210045600348,45533100
2023-05-15,169.54483032226562,170.66809989196608,168.95362948142878,170.61883064941935,37266700
2023-05-16,169.54483032226562,170.5991199454283,169.27878844040285,169.46600254116325,42110300
2023-05-17,170.15576171875,170.3922300756776,167.91906995533154,169.19014751327734,57951600
2023-05-18,172.48114013671875,172.66835428782517,170.04738624206732,170.4612209279976,65496700
2023-05-19,172.58949279785156,173.80143807257875,172.3727201425523,173.80143807257875,55809500
2023-05-22,171.64356994628906,172.1460951955022,170.9045763773169,171.42679729660153,43570900
2023-05-23,169.04234313964844,170.83564173486545,168.7664533611328,170.58931050155752,50747300
2023-05-24,169.31820678710938,169.8896969643689,168.01758589409968,168.57921320123526,45143500
2023-05-25,170.4513702392578,171.34800452634042,169.17044478431242,169.8798799582863,56058300
2023-05-26,172.8555145263672,173.1905363695113,170.56956891324683,170.7764937271046,54835000
2023-05-30,174.69808959960938,176.36329091292328,173.978806707213,174.36308277683443,55964400
2023-05-31,174.64881896972656,176.71800704198733,174.16600441023556,174.72764675708407,99625300
2023-06-01,177.44712829589844,177.47668683522244,174.33349851829678,175.0922027756249,68901800
2023-06-02,178.29452514648438,179.11234656032465,176.62932377666553,178.37335293714096,61996900
2023-06-05,176.94464111328125,182.2358308287415,175.4272324012079,179.949884959394,121946500
2023-06-06,176.58004760742188,177.4766816655694,174.82615579439974,177.3288889732544,64848400
2023-06-07,175.21046447753906,178.5507149734009,174.71780207381394,175.82136104700194,61944600
2023-06-08,177.92010498046875,178.18613184931536,174.85574427470908,175.28927455408018,50214900
2023-06-09,178.30438232421875,179.55573399442156,177.9792233362159,178.83645110058313,48900000
2023-06-12,181.09283447265625,181.19137296447727,178.31422641468646,178.60982685528654,54274900
2023-06-13,180.619873046875,181.44754220802452,179.76264534674598,180.1173628493618,54929100
2023-06-14,181.25048828125,181.68403358526143,179.34881869349235,180.67899811094975,57462900
2023-06-15,183.2802734375,183.78279874291368,181.08300318978328,181.26036948430115,65433200
2023-06-16,182.20628356933594,184.245913383536,181.56582838117956,183.98971928038128,101256200
2023-06-20,182.294921875,183.3689372512462,181.70373606119196,181.70373606119196,49799100
2023-06-21,181.26036071777344,182.68907870149724,179.91045548906328,182.1865534203878,49515700
2023-06-22,184.25576782226562,184.30503707731958,180.97463389589913,181.04361385994784,51245300
2023-06-23,183.9404296875,184.8075203379306,182.29493904669715,182.8270228675936,53117000
2023-06-26,182.5511474609375,185.29034946556595,182.51172604562308,184.08825189117624,48088700
2023-06-27,185.30018615722656,185.6253451571229,182.94526040179295,183.1620330683905,50730800
2023-06-28,186.47274780273438,187.11320300977505,184.84696764032918,185.1721116449177,51216800
2023-06-29,186.80772399902344,187.2806907250245,186.16726889716722,186.3052137668684,46347300
2023-06-30,191.12347412109375,191.6259844129726,188.4532369978983,188.8178174385461,85213200
2023-07-03,189.63563537597656,191.03479491877454,188.94589592351636,190.9362564156046,31458200
2023-07-05,188.52220153808594,190.1479814937267,187.82261429340878,188.75868490984942,46920300
2023-07-06,188.99513244628906,189.20205725316632,186.42343432149448,187.0540415419299,45094300
2023-07-07,187.88174438476562,189.84254634486774,187.4482140588147,188.601042385603,46815000
2023-07-10,185.8421173095703,187.20187038994513,184.29515010539157,186.48257243692333,59922200
2023-07-11,185.31988525390625,186.5219826806886,183.86160879849567,186.384037813756,46638100
2023-07-12,186.985107421875,188.88677723101014,185.70418206587038,186.8964167558296,60750200
2023-07-13,187.7437744140625,188.38424453327508,186.99493300399138,187.7043680387378,41342300
2023-07-14,187.8916015625,188.37440112570727,186.8471596075647,187.43834550769154,41616200
2023-07-17,191.1431427001953,191.4683016532262,188.99512705028692,189.0838026643331,50520200
2023-07-18,190.88697814941406,191.47817907078496,189.5962050071137,190.5125649317522,48288200
2023-07-19,192.2368927001953,195.32094939257118,189.8228346836756,190.26624291356026,80507300
2023-07-20,190.2957763671875,193.58675746858663,189.6750169550875,192.22700448393437,59581200
2023-07-21,189.12326049804688,192.10879369152832,188.42367321559357,191.25156585425083,71951700
2023-07-24,189.92137145996094,192.04967681854123,189.42870901778204,190.57168949200457,45377800
2023-07-25,190.778564453125,191.58653792745972,190.08884016702333,190.49282690419068,37283200
2023-07-26,191.64566040039062,192.76892999363082,190.4829844332044,190.82783906853456,47471900
2023-07-27,190.3844757080078,194.30606454519102,189.72430983845956,193.14338839624878,47460200
2023-07-28,192.9561767578125,193.74443968391378,191.2909752730755,191.81319626670884,48291400
2023-07-31,193.5670623779297,193.60648379116893,192.39452340931743,193.1827862905988,38824100
2023-08-01,192.7393798828125,193.8429388199064,192.41422090280528,193.36013930235927,35175100
2023-08-02,189.75389099121094,192.31572697956656,189.03460794836926,192.17778208046178,50389300
2023-08-03,188.36456298828125,189.54694988427917,187.89161123685508,188.75870197685728,61235200
2023-08-04,179.31927490234375,184.6301752435833,179.25029494609427,182.79747042079737,115956800
2023-08-07,176.22535705566406,180.44254624962392,174.74736976708382,179.4572213905704,97576100
2023-08-08,177.1614227294922,177.6245266423458,174.97400021533483,177.0530363874442,67823000
2023-08-09,175.5750274658203,178.27480777933516,174.41233639065635,178.2156906972674,60378500
2023-08-10,175.35824584960938,178.0974474344709,174.99368050557445,176.84608080013524,54686900
2023-08-11,175.41746520996094,176.23639103718068,174.19402209160106,174.95375100085724,52036700
2023-08-14,177.06517028808594,177.2920967961584,174.9438523177461,175.59504844195268,43675600
2023-08-15,175.0819854736328,177.08489459113486,174.68732936330193,176.49291042563854,43622600
2023-08-16,174.21376037597656,176.15745776554937,174.14468726786023,174.7662850202376,46964900
2023-08-17,171.67803955078125,175.1411945839284,171.1649745274817,174.7761369036864,66062900
2023-08-18,172.1614990234375,172.76335939467492,169.6652621694116,170.0007213782545,61172200
2023-08-21,173.4934844970703,173.77962299820936,171.42151715942626,172.7337706675176,46311900
2023-08-22,174.86492919921875,175.30892111024494,173.89801113995804,174.69719959083847,42038900
2023-08-23,178.7030029296875,179.12727253692543,175.95024126986627,176.13770818549477,52722800
2023-08-24,174.0262908935547,178.68330576322634,173.66121814414575,178.25903609639087,54945800
2023-08-25,176.22650146484375,176.75928869570708,173.47373983758078,175.0129196769248,51449600
2023-08-28,177.78541564941406,178.1800717356574,176.16730160755293,177.68674410027091,43820700
2023-08-29,181.66297912597656,182.4325690983829,177.1046362040057,177.30196426395187,53003900
2023-08-30,185.14588928222656,185.34323241647965,182.27473336292013,182.4720614420058,60813900
2023-08-31,185.3629150390625,186.59623408851635,184.97812009783948,185.33331658628876,60794500
2023-09-01,186.93173217773438,187.38558521498553,185.76747101772168,186.961330634287,45766500
2023-09-05,187.16851806640625,187.44478036173828,185.10641198511868,185.76746926717502,45280000
2023-09-06,180.46914672851562,186.32988234003622,179.04836051297525,185.88587535630464,81755800
2023-09-07,175.1905517578125,175.8318868790433,171.22419235116297,172.84230680208358,112488800
2023-09-08,175.80224609375,177.8347687964352,175.417451102765,175.96999075471308,65551300
2023-09-11,176.96652221679688,177.8939807491613,174.9734739911946,177.66705421097663,58953100
2023-09-12,173.94732666015625,177.72621814105926,172.48708107979573,177.09475937210624,90370200
2023-09-13,171.88523864746094,174.93400012779577,171.65829707262085,174.15453395453247,84267900
2023-09-14,173.3948211669922,173.75001770449512,171.26364194197464,171.67803539320033,60895800
2023-09-15,172.67454528808594,174.14466716160445,171.50043808217407,174.12492983939754,109259500
2023-09-18,175.59506225585938,176.98624997924455,173.8190795297471,174.12494029407293,67257600
2023-09-19,176.68038940429688,177.23291401853146,174.7662755227223,175.15107052586188,51826900
2023-09-20,173.14816284179688,177.3019736755132,173.0593524132158,176.8678428874874,58436200
2023-09-21,171.60894775390625,173.94733103404198,171.5398897121348,172.2206842726111,63149100
2023-09-22,172.45748901367188,174.7169382879251,171.7273736602944,172.33909518451154,56725400
2023-09-25,173.7302703857422,174.6083930174941,171.82601779128095,171.87535356826675,46172700
2023-09-26,169.66525268554688,172.86200623492672,169.36925308333926,172.48708745695123,64588900
2023-09-27,168.1556854248047,170.7308568174817,166.79411110643792,170.31646332448594,66921800
2023-09-28,168.41221618652344,169.7343308371659,165.38317681816312,167.08022534636603,56294400
2023-09-29,168.92527770996094,170.76045735672912,168.06687727418498,169.7244661753788,51861100
2023-10-02,171.43136596679688,171.9740294168616,168.6489906711008,168.93512915166482,52164500
2023-10-03,170.09938049316406,171.31297744317223,168.54047825044546,169.96124934298015,49594600
2023-10-04,171.3425750732422,171.88523853747708,168.68846972057472,168.80686354725646,53020300
2023-10-05,172.57591247558594,173.10869980697885,170.3756599300563,171.47084810780015,48527900
2023-10-06,175.12147521972656,175.61480292776608,170.8689777300858,171.48071432556827,57266700
2023-10-09,176.60147094726562,176.66066786762835,173.45403753652568,174.45055415802327,42390800
2023-10-10,176.00946044921875,177.32171396949087,175.57532965392068,175.72333700059065,43698000
2023-10-11,177.40066528320312,177.45000107017458,175.23002615297557,175.82201043112758,47551100
2023-10-12,178.2985076904297,179.90674578858014,176.6507798893927,177.6670488234186,56743100
2023-10-13,176.46334838867188,179.5022341867499,175.76281633481818,178.99904528395493,51427100
2023-10-16,176.3350372314453,176.6902337432856,174.15452238414363,174.39132507709223,52517000
2023-10-17,174.78599548339844,176.03905203817294,172.467364361049,174.29266779074965,57549400
2023-10-18,173.4934844970703,175.21027033840411,172.77323025982977,173.23695950912395,54764400
2023-10-19,173.11854553222656,175.46677490830675,172.85214438582656,173.69079235758196,59302900
2023-10-20,170.572998046875,173.0790962513972,170.3361953203569,172.97056355030566,64244000
2023-10-23,170.69137573242188,171.68789221712717,167.66233657820504,168.62926966195786,55980100
2023-10-24,171.12550354003906,171.35243005141567,169.1620540054936,170.74070856198063,43816600
2023-10-25,168.81675720214844,170.7505934954682,168.37275019582236,169.58634726553433,57157000
2023-10-26,164.6629180908203,169.0930062294273,163.459197305812,168.0964746462511,70625300
2023-10-27,165.9751739501953,166.70530437202822,164.60372353518264,164.6826577744484,58499100
2023-10-30,168.0175323486328,168.8857938712959,166.61648356307745,166.76449089816728,51131000
2023-10-31,168.4911651611328,168.61942013954004,165.65945361827133,167.09011614768582,44846000
2023-11-01,171.6484375,171.90496247869652,167.849808268541,168.71806981976965,56934900
2023-11-02,175.2003936767578,175.40758286457637,173.11855033416663,173.17774724497193,77334800
2023-11-03,174.2926788330078,174.46042350768224,171.0367278993792,171.91485064572058,79829200
2023-11-06,176.83824157714844,177.0355696443862,173.85855313497558,174.02628274488598,63841300
2023-11-07,179.39370727539062,180.00542885763969,176.5817331247381,176.78892234542403,70530000
2023-11-08,180.4494171142578,181.00194176498167,179.16676200069597,179.91662978825056,49340300
2023-11-09,179.975830078125,181.66300252138785,179.38383076688,180.51849360423827,53763500
2023-11-10,184.15484619140625,184.32281184408907,181.3194195461175,181.75412225306079,66133400
2023-11-13,182.57412719726562,183.78930789371245,181.99123723697815,183.58184574005094,43627500
2023-11-14,185.18231201171875,185.84424013993512,184.05604376632093,185.43917491856425,60108400
2023-11-15,185.7454376220703,187.21749618530262,185.51821216432265,185.5873762590713,53790500
2023-11-16,187.4250030517578,188.65994715340477,186.37775779056014,187.28668991537342,54412900
2023-11-17,187.40525817871094,188.08694980194565,186.29875297867935,187.95851077872672,50922700
2023-11-20,189.14401245117188,189.59847845797387,187.5929306882813,187.60280481288592,46505100
2023-11-21,188.3437957763672,189.21320125507725,187.45464204586924,189.10452557023848,38134500
2023-11-22,189.00572204589844,190.60620477415247,188.53150773289747,189.18356183514956,39617700
2023-11-24,187.68186950683594,188.60066069963858,186.97054048498805,188.57102324664504,24048300
2023-11-27,187.5040283203125,188.37343380166539,186.6247487130357,187.63246733233092,40552600
2023-11-28,188.10667419433594,188.77849160556613,187.11871894105684,187.49414676130317,38415400
2023-11-29,187.0890655517578,189.77630481775705,186.69388951411068,188.60063575450744,43014200
2023-11-30,187.66209411621094,188.02764780463457,185.92329832735996,187.55341843722022,48794400
2023-12-01,188.9365692138672,189.25270705783993,186.95076949469112,188.0375263099119,45704800
2023-12-04,187.14834594726562,187.7608884211111,185.19219887595256,187.69172432124148,43389500
2023-12-05,191.0902862548828,192.0584780958342,187.88930609245244,187.91895861640964,66628400
2023-12-06,190.00355529785156,192.4141533735728,189.79607806848605,192.10788966712872,41089700
2023-12-07,191.93006896972656,192.6512720749557,191.2582515665674,191.29777821822415,47477700
2023-12-08,193.35272216796875,193.62934842275146,191.33728508312288,191.86090014217592,53406400
2023-12-11,190.85321044921875,191.1594892758114,189.1144144313186,190.7840614125706,60943700
2023-12-12,192.36477661132812,192.3746507369947,189.4107849369075,190.75440470261375,52696900
2023-12-13,195.5756378173828,195.6151493963814,192.50309623143957,192.74019585543422,70404200
2023-12-14,195.7238006591797,197.2156075489979,193.79729107961322,195.63488831127654,66831600
2023-12-15,195.19032287597656,196.01031245444227,194.62718115642724,195.1507962246044,128538400
2023-12-18,193.5305633544922,194.26165570440122,192.04863040265064,193.7281513997374,55751900
2023-12-19,194.5679168701172,194.5777909959987,193.53056080250687,193.79731295132126,40714100
2023-12-20,192.48333740234375,195.2990010280865,192.48333740234375,194.5283970820936,52242800
2023-12-21,192.33511352539062,194.70621508029078,191.16933361068988,193.73802319308166,46482500
2023-12-22,191.2681427001953,193.0563392932213,190.64572606781581,192.82909873139974,37149600
2023-12-26,190.7247772216797,191.55465607108982,190.50742584564344,191.2780297879531,28919300
2023-12-27,190.82354736328125,191.16933772508392,188.78836199381533,190.17150836602553,48087700
2023-12-28,191.2483673095703,192.3153607227681,190.8433020640508,191.80161980345068,34049900
2023-12-29,190.21104431152344,192.05851601127358,189.42067700828724,191.56453833112627,42672100
2024-01-02,183.40402221679688,186.17030008579113,181.6751004330507,184.89582930034302,82488700
2024-01-03,182.03076171875,183.6411336613478,181.22063114701328,182.00112426612563,58414500
2024-01-04,179.71893310546875,180.88471299934187,178.70134046081682,179.95603270422265,71983600
2024-01-05,178.9977264404297,180.55869755734878,177.99989705667167,179.79798286255345,62379700
2024-01-08,183.32496643066406,183.36449308108033,179.3138706884217,179.89676064456035,59144500
2024-01-09,182.91004943847656,182.9199235647891,180.52907347198328,181.70474272826013,42841800
2024-01-10,183.94740295410156,184.15486512874935,181.7047401626592,182.12956878813148,46792900
2024-01-11,183.3546142578125,184.7970355796361,181.4083411771675,184.29316874581366,49128400
2024-01-12,183.6806182861328,184.49074873898914,182.95941525310155,183.818931403084,40477800
2024-01-16,181.418212890625,182.04061439740983,178.75072186869164,179.9659175831278,65603000
2024-01-17,180.47964477539062,180.72663357001974,178.12832170152117,179.08663943068214,47317400
2024-01-18,186.35801696777344,186.86186875433015,183.59173905481111,183.84860201119264,78005800
2024-01-19,189.252685546875,189.6379874512041,186.54569809210085,187.04954979006996,68903000
2024-01-22,191.55462646484375,192.97728431537942,189.94425472083472,189.98378136946042,60133900
2024-01-23,192.8291015625,193.39224330006388,191.49537099853464,192.67104017695664,42355600
2024-01-24,192.15728759765625,194.0146482092326,191.999211146671,193.06620457832125,53631300
2024-01-25,191.8312530517578,193.9059649333701,190.78402298627717,192.86860899256396,54822100
2024-01-26,190.10232543945312,192.41413683944202,189.6281111952244,191.93004847085402,44594000
2024-01-29,189.42066955566406,189.8850097627336,187.29657164460275,189.6972958396627,47145600
2024-01-30,185.7751007080078,189.4898221386195,185.21197404804863,188.6401800108733,55859400
2024-01-31,182.17893981933594,184.846431021382,182.12955411744667,184.7871410441138,55467800
2024-02-01,184.60931396484375,184.6982263171025,181.6059367135455,181.77388729281213,64885400
2024-02-02,183.61148071289062,185.07365019396582,177.09097033579843,177.6936236133024,102551700
2024-02-05,185.41943359375,186.97053056814926,183.60159955655655,185.88377376602236,69668800
2024-02-06,187.01991271972656,187.02978684421677,184.5203873987695,184.60929974417922,43490800
2024-02-07,187.1286163330078,188.74886241631054,186.33824908078662,188.3437971267345,53439000
2024-02-08,186.05174255371094,187.25703410679802,185.09342474162452,187.1088468471974,40962000
2024-02-09,186.8134307861328,187.94113632063826,185.97259122428568,186.61557552858977,45155200
2024-02-12,185.13172912597656,186.63534135369167,184.7756108376818,186.38803740610462,41781900
2024-02-13,183.04449462890625,184.20189045877694,181.53099558275042,183.76663306878044,56529500
2024-02-14,182.16409301757812,183.52921572281525,180.4725423642709,183.32148884677065,54630500
2024-02-15,181.87722778320312,182.50043860227981,179.3943014199978,181.57057328309747,65434500
2024-02-16,180.34393310546875,182.85654973235168,179.7108355866275,181.44196326564102,49752500
2024-02-20,179.60202026367188,180.4626331892475,178.05884601330092,179.82953567385852,53665600
2024-02-21,180.35385131835938,180.91769653606136,178.71174929095213,179.9779444437335,41371400
2024-02-22,182.38174438476562,182.96539328132977,180.49235334512917,181.50134277124772,52292200
2024-02-23,180.55166625976562,183.04447912807765,180.26478523418197,183.0148038625669,45119700
2024-02-26,179.2063751220703,180.78911167382452,178.70186529911302,180.27473021897956,40867400
2024-02-27,180.66049194335938,181.9365737231629,177.62359209867634,179.14699293032547,54318900
2024-02-28,179.4635467529297,181.14521076395337,178.1874648834917,180.54178846123017,48953900
2024-02-29,178.80079650878906,180.60117691942332,177.59395175081718,179.3151930681472,136682600
2024-03-01,177.7225341796875,178.5831471920378,175.46712311031385,177.6137198257161,73563100
2024-03-04,173.2117156982422,174.99229230011673,171.9158301484072,174.25038035125658,81510100
2024-03-05,168.285400390625,170.1846930657021,167.7907924514621,168.91849794898403,95132400
2024-03-06,167.29617309570312,169.39332087872134,166.8609157238647,169.21525418377138,68587700
2024-03-07,167.177490234375,168.88882954707424,166.67299554984157,167.32586658446218,71765100
2024-03-08,168.88880920410156,171.82678133583968,167.11811956465033,167.17747009753631,76267000
2024-03-11,170.88705444335938,172.49948126334272,170.1946063009313,171.07500788792643,60139500
2024-03-12,171.36187744140625,172.1532532324886,169.16581679091567,171.28273835287425,59825400
2024-03-13,169.28453063964844,171.3223130850131,168.91851047344855,170.90684419661972,52488700
2024-03-14,171.13433837890625,172.43020869953008,170.1945863604126,171.04531257693264,72913500
2024-03-15,170.75845336914062,170.75845336914062,168.45357838204507,169.3240932528417,121752700
2024-03-18,171.84657287597656,175.79354941833483,171.64873273149365,173.67662817447325,75604200
2024-03-19,174.18113708496094,174.70542030322298,171.16402557801365,172.45989598897214,55215200
2024-03-20,176.74322509765625,176.74322509765625,173.2018299224136,173.82504084734046,53423100
2024-03-21,169.5218963623047,175.5759069490651,168.99761322817335,175.14064960882752,106181300
2024-03-22,170.42213439941406,171.18383495977668,168.22607363158104,169.90773784358905,71160100
2024-03-25,169.00753784179688,170.08577952012527,167.6226265638577,168.7305586050563,54288300
2024-03-26,167.8798370361328,169.57138777241732,167.7512341389727,168.16670300567833,57388400
2024-03-27,171.44102478027344,171.7279058767874,168.27553655784754,168.57230438056465,60273300
2024-03-28,169.63072204589844,170.37263389978352,168.67118150733492,169.89781453968297,65672700
2024-04-01,168.1963653564453,169.40320986933065,167.65229363436822,169.34385933496506,46240500
2024-04-02,167.01922607421875,167.51383407497934,166.4158037095213,167.2566433485096,49329500
2024-04-03,167.82046508789062,168.83935621904524,166.76201196368757,166.96973884210524,47691700
2024-04-04,166.9994354248047,170.06599565718972,166.9994354248047,168.4535689105981,53704400
2024-04-05,167.75120544433594,168.5524677712254,167.12799470376228,167.76109216771988,42104800
2024-04-08,166.6334228515625,167.37533481002382,166.4256959559663,167.20716991074772,37425500
2024-04-09,167.8402862548828,168.24586846008486,166.53452891117558,166.8807454739117,42373800
2024-04-10,165.97064208984375,167.2665125006067,165.30786924976792,166.97964653177021,49709300
2024-04-11,173.15237426757812,173.56785829994772,166.34657796942244,166.52462961680425,91070300
2024-04-12,174.6460723876953,176.43655077441642,172.33131077483722,172.38075949507746,101670900
2024-04-15,170.82769775390625,174.72521085075485,170.63974431610336,173.46890241983837,73531800
2024-04-16,167.55337524414062,171.88613013777277,166.45534511410173,169.89781183493915,73711200
2024-04-17,166.18829345703125,168.8097099054139,166.18829345703125,167.78093187309736,50901200
2024-04-18,165.23861694335938,166.8213684176903,164.75391081370103,166.21794611620325,43122900
2024-04-19,163.22064208984375,164.60553846988037,162.3105651694999,164.41760010663418,68149400
2024-04-22,164.05157470703125,165.4562595890904,162.993121456103,163.73503344203667,48116400
2024-04-23,165.1001434326172,165.24853488832454,163.14149999003314,163.56687071664174,49537800
2024-04-24,167.19729614257812,167.47427542099652,164.4176015378687,164.74402954196006,48251800
2024-04-25,168.05787658691406,168.77011319134087,166.33663561051003,167.70175828470067,50558300
2024-04-26,167.4742431640625,169.49223681731962,167.35552700029277,168.04799015720317,44838400
2024-04-29,171.6289520263672,174.1316669492416,171.2332717193323,171.50034913417457,68169400
2024-04-30,168.4931640625,173.1029142716877,168.1667209693098,171.46081207960546,65934800
2024-05-01,167.4742431640625,170.84747276952126,167.28628974114312,167.75122238913238,50383100
2024-05-02,171.16404724121094,171.54984088638673,169.04712555589578,170.649650682897,94214900
2024-05-03,181.4023895263672,184.98334572031666,180.6901529770176,184.6371141692426,163224100
2024-05-06,179.7504119873047,182.21354970089277,178.474315136007,180.38350950373416,78569700
2024-05-07,180.43296813964844,182.9060078076493,179.36462828599997,181.47164781905605,77305800
2024-05-08,180.76931762695312,181.09576068278213,179.4932206728727,180.87813197889614,45057100
2024-05-09,182.57957458496094,182.6686003878229,180.14609698041687,180.59124108896245,48983000
2024-05-10,181.32156372070312,183.34229448527321,180.4102525825865,183.1540861312051,50759500
2024-05-13,184.5210723876953,185.3333368917867,182.87674310968822,183.68900761377958,72044800
2024-05-14,185.66021728515625,186.52201273815805,184.53098214319476,185.7394637127145,52393600
2024-05-15,187.9285888671875,188.849800179078,185.6007724639543,186.13568203158255,70400000
2024-05-16,188.04742431640625,189.29553638767692,187.86913122891463,188.67148035204158,52845200
2024-05-17,188.07717895507812,189.00830557822601,187.39369174809892,187.72057759120682,41282900
2024-05-20,189.23611450195312,190.10781001398533,187.22528381236822,187.54226949481966,44361300
2024-05-21,190.5337677001953,190.91016932460286,189.11726241831752,189.28565540299905,42309400
2024-05-22,189.09744262695312,190.99932654838926,188.47340160760692,190.45451683728567,34648500
2024-05-23,185.1154022216797,189.1964945447871,184.86776283091424,189.17667916140735,51005900
2024-05-24,188.18612670898438,188.7804673088457,186.26444256610336,187.0370913918068,36327000
2024-05-28,188.19602966308594,191.1776023727862,187.3144340702039,189.70166621887228,52280100
2024-05-29,188.4932098388672,190.43470949642946,187.72057607583483,187.81963788738682,53068000
2024-05-30,189.48374938964844,190.365345015264,188.82999288588945,188.95875509095092,49889100
2024-05-31,190.4346923828125,190.7516780595243,188.1167913020161,189.6323431713606,75158300
2024-06-03,192.19789123535156,193.14883318833753,190.7021546904014,191.07855630297723,50080500
2024-06-04,192.51487731933594,193.47571940906454,191.2073340206378,192.80213237542046,47471400
2024-06-05,194.02053833007812,195.04081158591265,193.02998059705732,193.55497498638144,54156800
2024-06-06,192.64364624023438,194.64457691185422,192.33657578915964,193.8422276391208,41181800
2024-06-07,195.0308837890625,195.08041469163098,192.30685040959915,192.81202934049514,53103900
2024-06-10,191.29649353027344,195.43703247512377,190.33565137548777,195.04080033594326,97010200
2024-06-11,205.19398498535156,205.20390023400174,191.80165814772772,191.82145841561143,172373300
2024-06-12,211.05812072753906,218.1207863262847,204.94636687125956,205.41193016487838,198134300
2024-06-13,212.21707153320312,214.70336573665497,209.60200000148347,212.71235034689784,97862700
2024-06-14,210.48358154296875,213.13826855094433,209.30481562722255,211.8307404302917,70122700
2024-06-17,214.6240997314453,216.8825697066646,210.71140048317466,211.35525683635151,93728300
2024-06-18,212.26657104492188,216.56560230529576,210.9887584540523,215.5354139875743,79943300
2024-06-20,207.70013427734375,212.21709015086526,206.8779846754286,211.91000456307782,86172500
2024-06-21,205.5308074951172,209.88925500861833,205.1543907600995,208.40341856791886,241805100
2024-06-24,206.1746826171875,210.69162338847192,204.63931513285507,205.75865018980198,80727000
2024-06-25,207.0959014892578,209.3840873125504,206.64023830581658,207.1751328027417,55549700
2024-06-26,211.23641967773438,212.83121810497767,208.6510635966682,209.5029437835443,66213200
2024-06-27,212.07839965820312,213.70291360533915,210.34492376459474,212.66282504623206,49772700
2024-06-28,208.6312255859375,214.0297763055812,208.3142550307382,213.73260601871965,82542700
2024-07-01,214.70335388183594,215.45617219578955,209.91895899194967,210.08735196554287,60402900
2024-07-02,218.19012451171875,218.29908645117231,213.0689435868198,214.1090169642201,58046200
2024-07-03,219.45803833007812,219.45803833007812,216.96182895702523,217.92267103394255,37369800
2024-07-05,224.2028045654297,224.3117665065084,219.55708698216947,219.55708698216947,60412400
2024-07-08,225.66885375976562,225.69856928044194,221.14199799041046,224.9457357840812,59085900
2024-07-09,226.5207061767578,227.23390886254342,224.23252052432466,225.77778797195694,48076100
2024-07-10,230.78009033203125,230.87915213144032,227.08531495764143,227.13484585734597,62627700
2024-07-11,225.4212188720703,230.19569903805672,223.63821202212716,229.2051413563895,64710600
2024-07-12,228.3631591796875,230.44333633793113,226.52072130415218,226.75846058686048,53046500
2024-07-15,232.1866912841797,234.98997105632398,230.88906326950251,234.24705286947437,62631300
2024-07-16,232.6027374267578,234.03904289009895,230.13624361936286,232.7810305355119,43234300
2024-07-17,226.7188262939453,229.27446669281912,224.49997184852458,227.28343626123907,57345900
2024-07-18,222.063232421875,228.26413370193544,220.1712785785942,228.10564083206222,66034600
2024-07-19,222.1919708251953,224.65846466815103,221.17169771561296,222.6971648700337,49151500
2024-07-22,221.84530639648438,225.62922890399747,220.98351093014816,224.86649525231948,48201800
2024-07-23,222.88536071777344,224.7971447504236,220.57735968997056,222.25140445670337,39960300
2024-07-24,216.47645568847656,222.67735606492835,215.0797809310421,221.88490694575157,61777600
2024-07-25,215.4364013671875,218.76467587085634,212.59349046705276,216.86279177043605,51391200
2024-07-26,215.90196228027344,217.41751434744816,213.97036267942912,216.6349653026102,41601300
2024-07-29,216.1793212890625,217.2293100492215,213.71282713597697,214.91140862229943,36311800
2024-07-30,216.73402404785156,218.24957609355639,214.07932159795172,217.1203409396055,41643800
2024-07-31,219.9830322265625,221.70660788092644,218.5467267386139,219.34907597117163,50036300
2024-08-01,216.2981719970703,222.36038006072013,214.97082835556836,222.25141811315143,62501000
2024-08-02,217.78402709960938,223.469834014941,215.65433398710104,217.08072444799248,105568600
2024-08-05,207.2939910888672,211.484045462397,194.14928763761037,197.21010696314244,119548600
2024-08-06,205.2732696533203,208.00721860156926,199.17144565753833,203.36150053141452,69660500
2024-08-07,207.8388214111328,211.62274392073394,204.4412006806638,204.94637966039352,63516400
2024-08-08,211.2958526611328,212.17744837655164,206.8581585633277,211.097744151489,47161100
2024-08-09,214.19818115234375,214.7330756065884,209.96849596255686,210.09727328743648,42201600
2024-08-12,215.7254180908203,217.68898821235913,213.81143620679725,214.27753840147545,38028100
2024-08-13,219.43438720703125,220.04923895369578,217.19312608520667,217.19312608520667,44155300
2024-08-14,219.8806610107422,221.17979111862692,217.8774142480331,218.7402072098891,41960600
2024-08-15,222.85577392578125,223.48055242779947,220.9120269929499,222.73677426147512,46414000
2024-08-16,224.17474365234375,224.94827173921567,221.7946444270254,222.0624088054674,44340200
2024-08-19,224.0160675048828,224.115243980586,221.18970440160442,223.84747960195193,40687800
2024-08-20,224.6309051513672,225.28543353253482,223.57970115675508,223.8970537532744,30299000
2024-08-21,224.52182006835938,226.08871448701353,223.1830285060583,224.64083485973637,34765500
2024-08-22,222.66737365722656,226.44576476142115,222.0425950823824,225.9003243494308,43695300
2024-08-23,224.95819091796875,226.32674764036014,222.4690186706249,223.78798715352852,38677300
2024-08-26,225.2953643798828,225.39454085782168,222.0326640536948,224.87885041051024,30602200
2024-08-27,226.1383056640625,226.95151036486342,223.02435510684418,224.12514736512034,35934600
2024-08-28,224.61109924316406,227.95313769677003,223.80780609600177,226.02922904592305,38052200
2024-08-29,227.88369750976562,230.98773644426686,226.98125820388418,228.19113851748892,51906300
2024-08-30,227.10028076171875,228.48866070475935,225.5928860148415,228.28041127940648,52990800
2024-09-03,220.92196655273438,227.1002799762046,219.33523365285652,226.65401607692846,50190600
2024-09-04,219.0178985595703,219.9401762860646,215.6758448114514,219.821176613538,43840200
2024-09-05,220.53517150878906,223.60944526365165,219.6823053430495,219.79139340374425,36615400
2024-09-06,218.98812866210938,223.37145940933704,217.94683622588397,222.09215251756703,48423000
2024-09-09,219.07736206054688,219.43437615112032,214.91220775865924,218.9881123209545,67180000
2024-09-10,218.28399658203125,219.6426263973432,214.93203178151688,217.1038662465979,51591000
2024-09-11,220.81285095214844,221.23927647566495,216.0824178921796,219.62280899168329,44587100
2024-09-12,220.92196655273438,221.6954946800681,217.99644195502805,220.65420216028613,37455600
2024-09-13,220.65419006347656,222.18140791181287,220.06908820245332,221.72523244234597,36766600
2024-09-16,214.52548217773438,215.41800999792326,212.14538277021938,214.74364320285497,59357400
2024-09-17,214.99156188964844,215.10064996456288,212.72056577105593,213.96019610771708,45519300
2024-09-18,218.8592071533203,220.86245391858552,215.7353297749969,215.7452565018275,59894900
2024-09-19,226.97132873535156,227.91345980340301,222.7665127356472,223.12352684243388,66781300
2024-09-20,226.30686950683594,231.15630188440372,225.73167932081682,228.06218997691118,318679900
2024-09-23,224.5912628173828,227.54653724680347,223.93673438033483,225.45404067299683,54146000
2024-09-24,225.48377990722656,227.44736512534206,223.85738561877668,226.75316007712865,43556100
2024-09-25,224.4920654296875,225.40443143928672,222.16156973744518,223.06400902085235,42308700
2024-09-26,225.63253784179688,226.60440369502516,223.54004142995942,225.41436171300208,36636700
2024-09-27,225.90029907226562,227.6159582791164,225.41437368594384,226.56475422029098,34026000
2024-09-30,231.06707763671875,231.06707763671875,227.74486252768645,228.13162655878588,54541900
2024-10-01,224.33340454101562,227.74485413807125,221.88389405688537,227.615942887257,63285000
2024-10-02,224.89866638183594,225.48376819979168,221.16986421787885,224.01605029183685,32880600
2024-10-03,223.79788208007812,224.928424248049,221.46738631978812,223.27228007150777,34044200
2024-10-04,224.9185028076172,226.1085447535635,222.27065455992025,226.00936828631617,37245100
2024-10-07,219.8509063720703,223.81772316941647,219.49389225502094,222.63759275105315,39505400
2024-10-08,223.89706420898438,224.10531361949606,221.3979653574062,222.43925780658088,31855700
2024-10-09,227.6357879638672,227.84405251552317,222.96486939830248,223.36154504729694,33591100
2024-10-10,227.1399383544922,227.59612897487835,225.28545621996582,225.89039642732237,28183500
2024-10-11,225.66229248046875,227.5068628874906,225.4540279414576,227.39777482080956,31759200
2024-10-14,229.38119506835938,229.80762063057296,226.70359663127624,226.80275797652766,39882100
2024-10-15,231.91001892089844,235.51982138099225,230.44228590022638,231.672004479983,64751400
2024-10-16,229.857177734375,230.1943535005289,227.93326933706737,229.67867825777722,34082200
2024-10-17,230.22412109375,231.91003031839952,228.60765355789445,231.49350124327563,32993800
2024-10-18,233.05047607421875,234.2206797118992,232.0686835146529,234.2206797118992,46431500
2024-10-21,234.5181884765625,234.8851292946414,232.5050303027995,232.5050303027995,36254500
2024-10-22,233.9033660888672,234.2603802258017,230.67041566655348,231.94970749678197,38846600
2024-10-23,228.84564208984375,233.18931106897517,225.87052966736016,232.1381071008503,52287000
2024-10-24,228.65725708007812,228.9051831435476,226.51517225997247,228.0721400698136,31109500
2024-10-25,229.4902801513672,231.28526239164006,227.6655479946858,227.83413589840254,38802300
2024-10-28,231.4637451171875,232.78271346714027,230.62080565968694,231.38442210065006,36087100
2024-10-29,231.7315216064453,232.38605001867157,230.3927299983884,231.1662580738538,35417200
2024-10-30,228.19114685058594,231.53318522639518,227.64570650368097,230.68031899274527,47070900
2024-10-31,224.03590393066406,227.92338265648337,223.50037517792762,227.43744214117888,64370100
2024-11-01,221.06077575683594,223.4805363045207,218.44267740554844,219.1368672842602,65276700
2024-11-04,220.16824340820312,220.94177147156717,217.88733586004025,219.15671602208408,44944500
2024-11-05,221.5962677001953,222.0921197268828,219.30543375805163,219.9599620650078,28111300
2024-11-06,220.8723602294922,224.19457534628128,219.35505401685137,220.76327216240406,54561100
2024-11-07,225.5928497314453,225.98954046008802,222.70700223311508,222.76650205936048,42137700
2024-11-08,225.32479858398438,227.0125473442273,224.7787582103861,225.5332770864524,38328800
2024-11-11,222.6144561767578,224.07386628495595,219.9041296110407,223.3789126974454,42005600
2024-11-12,222.6144561767578,223.964658210572,221.750729228627,222.93215790182094,40398300
2024-11-13,223.4980926513672,225.01706838141624,221.1550949323282,222.3960891659536,48566200
2024-11-14,226.57574462890625,227.22105551450989,223.3789425502784,223.398802697962,44923900
2024-11-15,223.37892150878906,225.28508648780175,222.65418524957263,224.76882873863602,47923700
2024-11-18,226.37718200683594,228.08479108540536,223.54770942404784,223.62713486361545,44633700
2024-11-19,226.6352996826172,228.50175961033486,225.02697621656037,225.34466282087314,36211800
2024-11-20,227.35011291503906,228.27340522879027,224.26251907255318,226.4168829534927,35169600
2024-11-21,226.8735809326172,228.50176458087773,224.0838286281757,227.230987838277,42108300
2024-11-22,228.21383666992188,229.05771868234922,226.4168797117104,226.4168797117104,38168300
2024-11-25,231.19224548339844,231.56951255942457,228.08480637706975,229.79241557012372,90152800
2024-11-26,233.36647033691406,233.87280565588551,231.64893863936055,231.64893863936055,45986200
2024-11-27,233.2373809814453,233.99191506726265,232.12545514826604,232.78070364946953,33498400
2024-11-29,235.6201171875,236.09665470361549,232.28432427698263,233.11826871739834,28481400
2024-12-02,237.8638153076172,239.0551666028684,235.45133007089746,235.5605381566453,48137100
2024-12-03,240.90176391601562,241.01097200063165,237.17878168890522,238.08222901174219,38861000
2024-12-04,241.25918579101562,242.35126670496282,239.5118714775545,241.12019505186365,44383900
2024-12-05,241.2889862060547,242.77817929899135,240.38555390946996,242.23215395066566,40033900
2024-12-06,241.0904083251953,242.86752040520184,240.33588934668637,241.1599112680226,36870600
2024-12-09,244.97222900390625,245.45870413211114,240.0082527322972,240.08767817050534,44649200
2024-12-10,245.98489379882812,246.42172615122828,243.5723933612922,245.11122909402775,36914800
2024-12-11,244.714111328125,248.9930565140259,244.48575750906295,246.17352158557497,45205800
2024-12-12,246.1735076904297,246.9478867446912,243.90992066775823,245.11120954102955,32777500
2024-12-13,246.34228515625,247.49391610940148,244.46590277835176,246.0345210589055,33155300
2024-12-16,249.23130798339844,249.56886987487528,245.86573275817128,246.20329464964811,51694800
2024-12-17,251.65374755859375,252.00123197197036,247.98040799068028,248.27824960945253,51356400
2024-12-18,246.26287841796875,252.4479889260113,245.95511429725673,250.34326772719038,56774100
2024-12-19,247.9903106689453,250.18439476471843,245.30976661195103,245.71681628677703,60882300
2024-12-20,252.65647888183594,253.16279902630112,243.919877297432,246.2529371403228,147495300
2024-12-23,253.4308319091797,253.8080837794399,251.6239373953799,252.9344343151273,40858800
2024-12-24,256.3397216796875,256.34962902881983,253.45066898797964,253.64924013847912,23234700
2024-12-26,257.1538391113281,258.2260750496306,255.77386933789322,256.32983230675023,27237100
2024-12-27,253.74853515625,256.836144148833,251.2367643772991,255.97238682838486,42355300
2024-12-30,250.3829803466797,251.67361731138075,248.9434301413362,250.41276299480816,35557500
2024-12-31,248.6157989501953,251.4551941340452,247.63292614272083,250.6212497119267,39480700
2025-01-02,242.09312438964844,247.30529937932678,240.07775127221439,247.13651085819407,55740700
2025-01-03,241.60665893554688,242.42074318433572,240.14724866814672,241.60665893554688,40244100
2025-01-06,243.23483276367188,245.54804748087855,241.4477983095151,242.54980162717402,45045600
2025-01-07,240.46495056152344,243.78088314896328,239.61114601786818,241.22939201717418,40856000
2025-01-08,240.95140075683594,241.95413364050106,238.32049944087447,240.17702168463396,37628900
2025-01-10,235.1435546875,238.42970445265777,231.32128701842691,238.28077607985776,61710900
2025-01-13,232.71119689941406,232.9792558543989,228.06492247356016,231.84746989306117,49630700
2025-01-14,231.59927368164062,234.41880854341963,230.7951119565212,233.05868390458076,39435300
2025-01-15,236.15621948242188,237.2383779015073,232.74100113522098,232.94949481929564,39832000
2025-01-16,226.6154327392578,236.29518618874627,226.38709407905125,235.63995285298606,71759100
2025-01-17,228.3230438232422,230.61639839146835,226.83385097126646,230.44762501944012,68488300
2025-01-21,221.03594970703125,222.80312416686704,217.79944241349193,222.38615194982364,98070400
2025-01-22,222.2173614501953,222.5052654056773,218.2064601780486,218.2064601780486,64126500
2025-01-23,222.04861450195312,225.3943300272927,220.69841220245485,223.12083531174778,60234800
2025-01-24,221.1749267578125,224.00439930767484,219.81480209957203,223.160517277336,54697900
2025-01-27,228.2039337158203,230.47742834163907,222.36629236472388,222.40601266103107,94863400
2025-01-28,236.54339599609375,238.4594987479956,229.147074251248,229.18679454547646,75707600
2025-01-29,237.63548278808594,238.13188043636077,232.32402189200354,232.43322998057818,45486100
2025-01-30,235.8782196044922,239.05516137192973,235.50096771104396,236.95044029141235,55658300
2025-01-31,234.2996826171875,245.40906406001392,231.75812916176676,245.40906406001392,100959800
2025-02-03,226.3672332763672,230.15971829856622,224.0738787357251,228.33297872450572,73063300
2025-02-04,231.1227569580078,231.45038123633566,225.01705656002386,225.61273982041166,45067300
2025-02-05,230.7951202392578,230.99367626573292,226.625383087866,226.88350440739822,39620300
2025-02-06,231.53973388671875,232.11555701043588,228.7698263631288,229.62363097431557,29925300
2025-02-07,225.99000549316406,232.31410688860944,225.622660920367,230.92419948813392,39707200
2025-02-10,226.25833129882812,229.1803610121675,225.81108525741098,228.16660736242451,33115600
2025-02-11,231.19793701171875,233.7919821040532,226.7353950927951,226.8049592810601,53718400
2025-02-12,235.42198181152344,235.5114431570428,229.2698195612854,229.7866449882993,45243300
2025-02-13,240.05349731445312,240.85854326211725,234.12993999243653,235.46174477414044,53614100
2025-02-14,243.10472106933594,244.04891051069433,239.51678905976664,239.77519417214083,40896200
2025-02-18,242.97552490234375,243.6811760890431,240.3615975750387,242.65747382373942,48822500
2025-02-19,243.37306213378906,244.50609250836237,241.6735241546838,243.16435439309654,32204200
2025-02-20,244.32717895507812,245.2713683243621,242.79658488378954,243.44262036367402,32316900
2025-02-21,244.0489044189453,247.1697083342209,243.72091995824803,244.44645306890683,53197400
2025-02-24,245.58944702148438,247.33868242018207,242.92582237394555,243.43269920852308,51326400
2025-02-25,245.52978515625,248.4716967182176,243.41281661275679,246.48392314447185,48013300
2025-02-26,238.89065551757812,243.48240813544444,237.66817887883008,242.8363877176575,44433600
2025-02-27,235.84934997558594,240.9778097055873,235.61081167459415,237.94645181292123,41153600
2025-02-28,240.36158752441406,240.61005923211764,228.7927454203557,235.5014815283524,56833400
2025-03-03,236.5748748779297,242.5381957053339,234.66661403302143,240.31188380351972,47184000
2025-03-04,234.48770141601562,238.60240725621293,233.24534293735957,236.25683384188991,53798100
2025-03-05,234.29888916015625,235.1039350742086,227.82867612475383,233.98083809185871,47227600
2025-03-06,233.89138793945312,236.4059203890797,231.73465535282332,233.00682927336524,45170400
2025-03-07,237.60853576660156,239.89446338205195,233.32487071745646,233.67273718007357,46273600
2025-03-10,226.08937072753906,234.71631625547707,222.84930513729455,234.10009611136832,72071200
2025-03-11,219.48995971679688,224.4593937721428,216.1206840338927,222.4418047589131,76137400
2025-03-12,215.653564453125,220.39440897367027,213.5962265598192,218.7942505386503,62547500
2025-03-13,208.39817810058594,215.5144112677834,207.14588618522245,214.6298526174969,61368300
2025-03-14,212.1848907470703,212.64207016591416,208.29878985935505,209.95857893569573,60107600
2025-03-17,212.69180297851562,213.90434624612,208.68643986463772,212.00601857046763,48073400
2025-03-18,211.38980102539062,213.83475423543342,210.19713981325924,212.85081593904235,42432400
2025-03-19,213.92420959472656,217.4226803637017,212.443312738742,212.91044076829724,54385400
2025-03-20,212.7911834716797,216.16045933121794,210.92267131595005,212.6818553101102,48862900
2025-03-21,216.93568420410156,217.5021918152461,209.9884097524224,210.26669685360034,94127800
2025-03-24,219.38064575195312,220.1260609084734,217.24379503613238,219.64899945464327,44299500
2025-03-25,222.38218688964844,222.73005335992565,218.73462390108503,219.4204082670252,34493600
2025-03-26,220.17575073242188,223.64442126802376,219.12223310716143,222.1436424317859,34466100
2025-03-27,222.4815673828125,223.61459773398053,219.21167130142226,220.03659916949772,37094800
2025-03-28,216.5679168701172,222.44179120535847,216.34926057176412,220.31487416588553,39818600
2025-03-31,220.7720947265625,224.24075018814546,214.90815310911736,215.6833836525119,65299300
2025-04-01,221.82559204101562,222.31258685550372,217.56180927777046,218.46624988397502,36412700
2025-04-02,222.52133178710938,223.81338775742097,219.66888130946384,219.96705040499884,35905900
2025-04-03,201.94786071777344,206.22157697816277,200.0197179050274,204.28348559152053,103419000
2025-04-04,187.22842407226562,198.658123727335,186.19477317599058,192.7047355778497,125910900
2025-04-07,180.3507080078125,192.96311894309866,173.55251067175698,176.11674047268428,160466300
2025-04-08,171.365966796875,189.17641711488596,168.175598539417,185.55866963100107,120859500
2025-04-09,197.63438415527344,199.383619356675,170.8391909937331,170.89882177160354,184395900
2025-04-10,189.2559051513672,193.58925180564296,181.88126759654838,187.91416719463166,121880000
2025-04-11,196.9386749267578,198.32017705332044,184.92258644836306,184.96235041538483,87435900
2025-04-14,201.28195190429688,211.63825017625834,199.93026529720834,210.14742002868311,101352900
2025-04-15,200.904296875,202.26591707175376,198.57860517432977,200.6260097569118,51343900
2025-04-16,193.0823974609375,199.47308245703653,191.19400339685228,197.1473909296092,59732400
2025-04-17,195.77581787109375,197.61451451967758,193.2314700862815,195.99447418061752,52164700
2025-04-21,191.97915649414062,192.6152433685041,188.6496300196632,192.088484636555,46742500
2025-04-22,198.5189666748047,200.3576482646354,194.77200897005906,194.92108593270402,52976400
2025-04-23,203.3492431640625,206.7284521815966,201.56024391015845,204.74067860292737,52929200
2025-04-24,207.09619140625,207.55338601533765,201.69939326414854,203.63746952607698,47311000
2025-04-25,208.00062561035156,208.46775361357263,204.9394524859384,205.10841141990002,38222300
2025-04-28,208.8553924560547,210.2070792460064,206.1917828448175,208.71624889674396,38743100
2025-04-29,209.91883850097656,210.94254069563792,207.09618845243054,207.4142395090872,36827600
2025-04-30,211.20095825195312,212.2743578831654,205.4065960245207,208.0205233254963,52286500
2025-05-01,212.0159454345703,213.2483553954001,207.62295230903422,207.80185982414434,57365700
2025-05-02,204.0946807861328,205.72465469395448,200.92417915168144,204.8301473855031,101010600
2025-05-05,197.67416381835938,202.8523212109494,196.99832800962005,201.85843431656065,69018500
2025-05-06,197.29649353027344,199.4234110025321,195.8156116766073,196.99833957685834,51216500
2025-05-07,195.05029296875,198.2207944248892,192.0686324392914,197.9524407308952,68536700
2025-05-08,196.28271484375,198.82706269335065,193.48988012199126,196.51130456752412,50478900
2025-05-09,197.3163604736328,199.3140676367793,196.33240700583877,197.78348851905432,36453900
2025-05-12,209.776123046875,210.2538252478288,205.75556156059073,209.95526516858178,63775800
2025-05-13,211.9058380126953,212.3735786127325,207.99474788922345,209.4178625594749,51909300
2025-05-14,211.30874633789062,212.91100323820055,209.5671634108319,211.40825625105518,49325800
2025-05-15,210.43296813964844,211.93571508448807,208.53215118256114,209.9353730316401,45029500
2025-05-16,210.24388122558594,211.54759317457453,208.76105751069144,211.33859654598928,54737900
2025-05-19,207.7758026123047,208.47243269467637,203.2775387890809,206.90999202317107,46140500
2025-05-20,205.86505126953125,207.4673081447902,204.04385132917625,206.6711529249315,42496600
2025-05-21,201.1179962158203,206.0441849710538,199.7446439816099,204.18318404217405,59211800
2025-05-22,200.39151000976562,201.77482385442195,198.73949054480968,199.74464241928678,46742400
2025-05-23,194.33078002929688,196.74908474491085,192.52948833207407,192.73846975457602,78432900
2025-05-27,199.2470245361328,199.77447409530296,196.48038197740732,197.34620772495165,56288500
2025-05-28,199.4560089111328,201.75489573800118,198.9385057789635,199.6251894151235,45339700
2025-05-29,198.98828125,202.82971610271787,197.55520490499057,202.60082660426147,51396800
2025-05-30,199.88394165039062,200.98860329086406,195.83351057352263,198.4110493394953,70819900
2025-06-02,200.72984313964844,201.15778278546435,199.15744093584797,199.31667499872813,35423300
2025-06-03,202.2923126220703,202.78990771325485,199.99342573046133,200.38154929416936,46381600
2025-06-04,201.84446716308594,205.24801554678163,201.1279290627925,201.9340306292736,43604000
2025-06-05,199.66500854492188,203.76518718349973,199.18730633012683,202.52119947175674,55126100
2025-06-06,202.93917846679688,204.7106157617459,201.07817770068002,202.0236053289331,46607700
2025-06-09,200.48104858398438,205.0091667110405,199.05793398755327,203.4069099948636,72862600
2025-06-10,201.69520568847656,203.3671332010972,199.60531527944838,199.6351697720489,54672600
2025-06-11,197.8238983154297,203.51638723180633,197.45568281643992,202.5211970741936,60989900
2025-06-12,198.24188232421875,198.71956936233477,196.4107360236097,198.12246436103902,43904600
2025-06-13,195.50511169433594,199.40625545491926,194.7587190445596,198.769334334526,51447300
2025-06-16,197.46563720703125,197.73434281232372,195.61458283187793,196.3510290449251,43020700
2025-06-17,194.69898986816406,197.43576263348734,194.27106541566712,196.2514839890114,38856200
2025-06-18,195.6344757080078,196.6197193940347,194.13174409281177,194.9975546383106,45394700
2025-06-20,200.03323364257812,200.72986375748766,195.9131467510872,197.28651411005004,96813500
2025-06-23,200.5308074951172,201.32696262150702,198.00303129313016,200.6601870689569,55814300
2025-06-24,199.3365936279297,202.46149014710028,199.23706853700068,201.61557243039425,54064000
2025-06-25,200.5905303955078,202.690382284235,199.65504919597097,200.48105886821313,39525700
2025-06-26,200.03323364257812,201.66534499125092,198.5006473897771,200.461158146952,50799100
2025-06-27,200.1128387451172,202.24254507531293,199.03803155248616,200.91894034324127,73188600
2025-06-30,204.1831512451172,206.39247448465787,198.30157410241034,201.03834688076608,91912800
2025-07-01,206.82041931152344,209.17901505124104,205.1484920031366,205.6759415551798,78788900
2025-07-02,211.41819763183594,212.3138626915596,207.13887695509675,207.90517762155153,67941800
2025-07-03,212.52285766601562,213.61755770997246,210.7912213537831,211.12958235725722,34955800
2025-07-07,208.94017028808594,215.18996325511674,207.79570768244494,211.65703516300363,50229000
2025-07-08,208.9998779296875,210.41304612040562,207.4473837253886,209.08945658408672,42848900
2025-07-09,210.1244354248047,210.3135239719546,206.22329208627588,208.52217876921287,48749400
2025-07-10,211.3883514404297,212.45319704499605,209.0197939340788,209.49748097232364,44443600
2025-07-11,210.14434814453125,211.1096837700706,208.85059795908091,209.55718962168862,39765800
2025-07-14,207.61656188964844,209.89555581124029,206.54175471753558,208.92025854176603,38840100
2025-07-15,208.10421752929688,210.87084499335577,207.9151289669034,208.21368905566166,42296300
2025-07-16,209.149169921875,211.37838618562168,207.63647661047767,209.28849593835915,47490500
2025-07-17,209.00982666015625,210.7812638030366,208.58188702565155,209.55718424596662,48068100
2025-07-18,210.16424560546875,210.77131219576944,208.69136845628208,209.85573909301036,48974600
2025-07-21,211.4580078125,214.74213848423943,210.61210526026528,211.07984586548804,51377400
2025-07-22,213.36875915527344,213.91611676733493,211.20919838168209,212.1148250502387,46404100
2025-07-23,213.11997985839844,214.11517007989065,211.38835859165647,213.96589762082587,46989300
2025-07-24,212.73184204101562,214.65256693634578,212.50295255730364,212.87116805528336,46022600
2025-07-25,212.8512725830078,214.2047317845148,212.37357038101962,213.6673206036272,40268800
2025-07-28,213.02047729492188,213.8166325366559,212.03523347491873,213.000569237894,37858000
2025-07-29,210.25381469726562,213.77678093648746,209.8059821935656,213.14980632007004,51411700
2025-07-30,208.0445098876953,211.36844143995228,206.72090512781878,210.88079278566187,45512500
