Date,Close,High,Low,Open,Volume
,GOOGL,GOOGL,GOOGL,GOOGL,GOOGL
2005-08-01,7.233407020568848,7.25548337289511,7.1463413618879255,7.146836694962301,226269504
2005-08-02,7.42142915725708,7.429614442029163,7.221252199882556,7.233158627223679,291316392
2005-08-03,7.374547481536865,7.434576366144872,7.332378473333775,7.391910606940073,236986776
2005-08-04,7.385215759277344,7.4167171528957425,7.323698971553459,7.331139839979609,209250540
2005-08-05,7.251762866973877,7.40456226297143,7.225965842572663,7.379509183539207,237350412
2005-08-08,7.224477767944336,7.33362025838757,7.205625805889325,7.282768737915814,179092728
2005-08-09,7.232415199279785,7.259948251407698,7.156511547272545,7.24208837396349,230940828
2005-08-10,7.086313247680664,7.251267687040637,7.06646920055048,7.225718328658615,274884840
2005-08-11,7.045880317687988,7.108637792441965,6.96079976825631,7.091521859702106,300295404
2005-08-12,7.186525344848633,7.198431772757816,6.986100711367086,7.0287655295365195,263172564
2005-08-15,7.044641017913818,7.262182065022704,7.038935233989231,7.188510242117687,326661012
2005-08-16,7.085568428039551,7.138651782827909,7.028269542792401,7.066468799623834,284083632
2005-08-17,7.071926593780518,7.108389349656928,7.0446407345429005,7.082096519871212,155176668
2005-08-18,6.9451727867126465,6.957823632943158,6.821395746374437,6.843968380099191,474437088
2005-08-19,6.94542121887207,6.981388172701834,6.9359947641211495,6.969978494719122,221494284
2005-08-22,6.79683780670166,6.981883946358702,6.780466764408337,6.976178162873845,272247480
2005-08-23,6.935001373291016,6.938971127529718,6.799566063392533,6.850168495623027,232635132
2005-08-24,7.009169101715088,7.063244541665378,6.857362265071141,6.885143930002862,343380276
2005-08-25,7.0096659660339355,7.044640832480072,6.944676181363045,7.0086734092143335,174888936
2005-08-26,7.034224033355713,7.069943321446732,7.0114032589138,7.031742641026735,150061788
2005-08-29,7.155022621154785,7.171642275072445,7.000983484306488,7.000983484306488,235883880
2005-08-30,7.125753402709961,7.181316732548345,7.0912738699541285,7.128730127827113,191488320
2005-08-31,7.094250202178955,7.156263257218806,7.0535700275331745,7.149565862399177,201158640
2005-09-01,7.100451946258545,7.13145894916536,7.069445888643955,7.092018521676342,109574316
2005-09-02,7.155022621154785,7.193222822188061,7.105164604693955,7.106901106371669,137242620
2005-09-06,7.121784210205078,7.178339621157175,7.114094258625224,7.168665501370054,168323508
2005-09-07,7.314271926879883,7.329899498105525,7.076391499224133,7.09152231938039,299680020
2005-09-08,7.3271708488464355,7.423662504397137,7.276816546623556,7.31328025132606,264267468
2005-09-09,7.418949604034424,7.419197270593139,7.356192126936058,7.374051532637554,175444380
2005-09-12,7.683123588562012,7.7247958517097866,7.46632790280372,7.484930781458485,415044540
2005-09-13,7.731245040893555,7.826744128155075,7.594569026493359,7.664767368693662,411584004
2005-09-14,7.515937805175781,7.770933696368988,7.4489638497274235,7.6580705289624005,450580968
2005-09-15,7.506511211395264,7.608955838436467,7.389679236676194,7.429614997342868,618029352
2005-09-16,7.446484088897705,7.553145196951283,7.438297385188735,7.541238768157756,302888808
2005-09-19,7.535532474517822,7.590352329371912,7.459133017878388,7.4663271637656505,230245524
2005-09-20,7.637729644775391,7.7218190606401835,7.5712524411468145,7.594072740939881,373665960
2005-09-21,7.736701965332031,7.7828397871485135,7.589360687676682,7.650132578079071,404383212
2005-09-22,7.723555564880371,7.918275366692214,7.693789730397209,7.726779956687605,519735744
2005-09-23,7.8225274085998535,7.868416615800154,7.753817903716527,7.763987356617152,339012648
2005-09-26,7.795738697052002,7.961188945872014,7.753074349256291,7.92522057573394,395380224
2005-09-27,7.787304401397705,7.898182922916786,7.77341333248438,7.812357953282312,274649076
2005-09-28,7.590353012084961,7.816078398956802,7.580430752168046,7.794249710727258,319576104
2005-09-29,7.680147171020508,7.707433032647325,7.592337553306752,7.607220707589913,224327448
2005-09-30,7.849811553955078,7.875609046729075,7.74637486163324,7.794248232368343,365685948
2005-10-03,7.904880523681641,7.940352139729476,7.758779001702528,7.779615131722286,366045588
2005-10-04,7.7143778800964355,7.969373758091413,7.7079281514532125,7.936383060502597,365406228
2005-10-05,7.707184791564941,7.811117306638181,7.6399626994014485,7.7562983935399314,332802864
2005-10-06,7.757787227630615,7.800699712712795,7.691804886207995,7.79226534298538,319432248
2005-10-07,7.763739585876465,7.8550221933216635,7.702966754661881,7.808388569182708,270541188
2005-10-10,7.705696105957031,7.809132817275424,7.668487985977147,7.77167797602438,222665112
2005-10-11,7.592832088470459,7.7553051169877065,7.562073700804883,7.704703157126862,341362296
2005-10-12,7.465583324432373,7.619870139501136,7.416716443091207,7.5705088703286245,371875752
2005-10-13,7.378020763397217,7.491133017628738,7.2103386774172,7.491133017628738,422285292
2005-10-14,7.345775127410889,7.447227676625307,7.256476673753143,7.43904191808181,340423236
2005-10-17,7.565547943115234,7.570508836666606,7.306581831925157,7.37950923583163,302365332
2005-10-18,7.52288293838501,7.638970491437587,7.509487675364216,7.5645551994208695,282828888
2005-10-19,7.657325267791748,7.686348099699091,7.539749831503647,7.540741915603859,280147572
2005-10-20,7.52089786529541,7.717601815848656,7.471535655105779,7.68932434681224,555911532
2005-10-21,8.431243896484375,8.593220648296983,8.26008835808692,8.577594024091614,914780304
2005-10-24,8.64828872680664,8.66441257659426,8.488047512246716,8.517318486548978,376890732
2005-10-25,8.605127334594727,8.61728284713167,8.504667350198494,8.577098475256292,274856868
2005-10-26,8.8167142868042,8.830605354832871,8.587267306312368,8.589500086352091,355943700
2005-10-27,8.757678031921387,8.85764267681132,8.723448057868342,8.845489055635435,205170624
2005-10-28,8.884432792663574,8.903781033563051,8.806296829390709,8.812498891562951,235903860
2005-10-31,9.23095989227295,9.295701064909595,8.917672094497217,8.935779166712129,573142284
2005-11-01,9.410548210144043,9.522667425951699,9.153319081175372,9.224014648022527,653589756
2005-11-02,9.417990684509277,9.549953476570531,9.355729958604389,9.468095897927665,422193384
2005-11-03,9.573517799377441,9.589145370267738,9.460158357013269,9.48570866027929,297638064
2005-11-04,9.68464469909668,9.718379339890706,9.561114866823793,9.673481744151276,352643004
2005-11-07,9.798748016357422,9.859272236171648,9.727309453500807,9.8004835727255,383276340
2005-11-08,9.67149829864502,9.8126389341341,9.638755266864814,9.779399623940456,315584100
2005-11-09,9.404844284057617,9.63156223907303,9.377062143964041,9.59137786427283,418257324
2005-11-10,9.701264381408691,9.707466444099557,9.36217953065764,9.385247498321897,364782852
2005-11-11,9.68389892578125,9.845131720571366,9.645451061856281,9.800979019068958,282273444
2005-11-14,9.846870422363281,9.877876008834136,9.711930896048402,9.726565910979554,312003684
2005-11-15,9.743432998657227,9.84761365221794,9.697543788720699,9.782623868051779,344651004
2005-11-16,9.876138687133789,9.89350181245428,9.775926380868768,9.827769035591748,347460192
2005-11-17,10.007606506347656,10.016536682008661,9.91037091208303,9.966678188829448,368119512
2005-11-18,9.927237510681152,10.033651879643052,9.918307336095923,10.008597857497723,280742976
2005-11-21,10.154204368591309,10.16958427319235,9.760548762429751,9.90144078831585,412990596
2005-11-22,10.33056926727295,10.35140634550146,10.076566389659408,10.136593396173431,383456160
2005-11-23,10.489073753356934,10.535211579026384,10.313454517445857,10.344707770852745,402996600
2005-11-25,10.631950378417969,10.635174770231407,10.54959746420076,10.561504365192276,193410396
2005-11-28,10.504453659057617,10.696940690442766,10.478656632698142,10.661717209453146,439895664
2005-11-29,10.009838104248047,10.576881923827159,9.975110911115175,10.528758997403983,858972168
2005-11-30,10.0438232421875,10.13163238849279,9.811895778321219,10.027700336853474,623240136
2005-12-01,10.27153205871582,10.305018087334108,10.127662376816854,10.150235007727426,389406204
2005-12-02,10.361079216003418,10.406472146898853,10.265827793913713,10.34222725388664,301438260
2005-12-05,10.067139625549316,10.356119254777619,10.02819547445889,10.343716074854868,411164424
2005-12-06,10.03464412689209,10.329080896822232,9.964198118340883,10.137833165705048,604406988
2005-12-07,10.026707649230957,10.08822443492185,9.897472960493852,10.074828698025163,466169364
2005-12-08,10.186203002929688,10.186203002929688,9.987513001427905,10.053495335397931,356043600
2005-12-09,10.150237083435059,10.313455038147229,10.134361844060109,10.294105849462827,305430264
2005-12-12,10.234821319580078,10.299314824782847,10.168839924464532,10.284927477595762,277725996
2005-12-13,10.355870246887207,10.368520147609635,10.21076032609073,10.232092736014735,326225448
2005-12-14,10.392332077026367,10.411432650273198,10.306259445312177,10.344706367765662,264950784
2005-12-15,10.481382369995117,10.496018328389948,10.331312514348834,10.396053683278964,241590168
2005-12-16,10.669901847839355,10.728193287670472,10.486343129453145,10.55058896447596,652566780
2005-12-19,10.532234191894531,11.06827159929311,10.420858917008085,10.720752874432694,876594528
2005-12-20,10.6597318649292,10.720752365546263,10.533969248393776,10.613097765955635,402984612
2005-12-21,10.57514762878418,10.836345127303007,10.435743481684979,10.754240818685451,448427124
2005-12-22,10.716784477233887,10.73712338456738,10.56522483084579,10.710086136586687,301562136
2005-12-23,10.689249038696289,10.728193183915407,10.6359184925332,10.719511620982924,183620196
2005-12-27,10.533227920532227,10.712320168956484,10.486594759449419,10.712320168956484,267843888
2005-12-28,10.584075927734375,10.611113173503393,10.449384086678151,10.525783542670663,284431284
2005-12-29,10.421853065490723,10.634680915313004,10.397544872289986,10.616076616250835,277554168
2005-12-30,10.290631294250488,10.373729086865545,10.262850104730155,10.350411566640357,303180516
2006-01-03,10.79591178894043,10.806826132607132,10.373977782473853,10.480639827132803,524323152
2006-01-04,11.044209480285645,11.136484167199365,10.908029757174672,11.010971119979747,610844544
2006-01-05,11.19304084777832,11.200730800092177,10.951440223041692,11.063063165767833,431899668
2006-01-06,11.55073070526123,11.670786597753443,11.242651464715705,11.332693384084862,709565724
2006-01-09,11.581487655639648,11.742720463551374,11.433649637297288,11.569333089352924,511164324
2006-01-10,11.652432441711426,11.66458606432951,11.46093702577255,11.51997241814593,363520116
2006-01-11,11.698816299438477,11.785137540913286,11.638043468372897,11.68988612468227,359935704
2006-01-12,11.50037670135498,11.782162657732052,11.447542425341954,11.750659847268834,404606988
2006-01-13,11.565366744995117,11.581241983864128,11.450270790548638,11.517243804638822,305957736
2006-01-17,11.586698532104492,11.655905273815016,11.473092355172946,11.486238535539119,330481188
2006-01-18,11.036026000976562,11.344848249313143,10.994849071003525,11.095310003806201,818608572
2006-01-19,10.826172828674316,11.248852647285124,10.740596476421524,11.191304207019598,580910508
2006-01-20,9.908634185791016,10.914976197048313,9.791554074473924,10.881985499100967,1643023332
2006-01-23,10.604169845581055,10.626246201811629,10.064163115088558,10.105092380827678,908746344
2006-01-24,10.989391326904297,11.037017038059483,10.777308406860552,10.815756276135588,617965416
2006-01-25,10.740596771240234,11.26720769406491,10.646833241178593,11.193537294308644,748842408
2006-01-26,10.772098541259766,10.913984058470996,10.506436468730051,10.902821103363648,516526956
2006-01-27,10.752750396728516,10.870078169978065,10.64087979516212,10.790206653574742,337749912
2006-01-30,10.587301254272461,10.74754246542261,10.54215693358758,10.647081534443156,343212444
2006-01-31,10.732162475585938,10.904310586205245,10.516607491732568,10.680320759914814,881757360
2006-02-01,9.966181755065918,9.971637981193032,9.61246100541991,9.649916315162566,1083815100
2006-02-02,9.823801040649414,10.083262960067911,9.822312205394551,10.01678528432302,471835692
2006-02-03,9.464374542236328,9.770717256069409,9.241625902774643,9.763772194729547,730540728
2006-02-06,9.552434921264648,9.671499213603557,9.41501399764529,9.557643481867938,357258384
2006-02-07,9.126282691955566,9.517707427281884,9.012924187433239,9.500095686875813,664542792
2006-02-08,9.15505599975586,9.19499365121555,8.797615484394601,9.140173318873913,831331836
2006-02-09,8.899313926696777,9.287016950527127,8.833333487383628,9.207641722963897,476019504
2006-02-10,8.99456787109375,9.041450588484619,8.759663677430684,8.978197298874719,608331060
2006-02-13,8.575112342834473,8.696658000841385,8.480605820009004,8.598429863024677,787923288
2006-02-14,8.516077995300293,8.723696305254041,8.493257695981455,8.56593648779326,585573840
2006-02-15,8.492759704589844,8.58255489438917,8.379896550997008,8.465226180784839,517362120
2006-02-16,9.090067863464355,9.103461708728084,8.54509934449323,8.574369372353072,851767380
2006-02-17,9.146870613098145,9.230960027851852,9.019621046147567,9.174405084892582,572235192
2006-02-21,9.093292236328125,9.265687066123679,9.056579923008263,9.089570620921675,347092560
2006-02-22,9.066004753112793,9.151830661751635,9.025573663288776,9.10718167842981,258788952
2006-02-23,9.378053665161133,9.456685904160139,9.063525654457285,9.0689818808918,501561936
2006-02-24,9.361434936523438,9.42766495207875,9.264447944873421,9.358955434777844,259112628
2006-02-27,9.683403968811035,9.716146999626556,9.432873180167423,9.45742998063297,408079512
2006-02-28,8.994815826416016,9.861007811949879,8.39676446440156,9.753354161725898,1575926496
2006-03-01,9.0488920211792,9.16423469938969,8.962074483994458,9.142158342565878,481965552
2006-03-02,9.337870597839355,9.453213262876236,8.984397481272614,9.035991530164686,732478788
2006-03-03,9.380781173706055,9.605514898275421,9.320752294630894,9.532587509602596,478001520
2006-03-06,9.13074779510498,9.510265609896125,9.10693493855748,9.448500215635727,357230412
2006-03-07,9.04020881652832,9.13942952660931,8.883937828779883,9.054348497953121,414736848
2006-03-08,8.7780179977417,8.930569230514552,8.695168820364428,8.779258220925476,469354176
2006-03-09,8.508140563964844,8.893363219294997,8.470932916341678,8.815475865673116,555859584
2006-03-10,8.371712684631348,8.545348698531248,8.224122309139505,8.520543283604892,772250976
2006-03-13,8.360796928405762,8.585035345912429,8.320861171861496,8.456793234618821,545150304
2006-03-14,8.710550308227539,8.740563336622955,8.250663746324326,8.362782967487274,737289972
2006-03-15,8.545347213745117,8.738825824442348,8.446871406765384,8.700874236262628,510241248
2006-03-16,8.403215408325195,8.650769495402754,8.381635330908761,8.647297436865342,400267332
2006-03-17,8.428513526916504,8.477875728987614,8.30796138559004,8.403956731776741,341725932
2006-03-20,8.636878967285156,8.684009352643121,8.471925454409293,8.491769976448278,415887696
2006-03-21,8.431739807128906,8.722950269245858,8.410902733610273,8.682022902958932,392850756
2006-03-22,8.439180374145508,8.535423388798943,8.371710157465035,8.427521142586322,303536160
2006-03-23,8.480606079101562,8.576352828085255,8.438685209134935,8.492015755077327,297090612
2006-03-24,9.07369613647461,9.180110524564503,8.99208810845556,9.143646820068936,606616776
2006-03-27,9.170186996459961,9.220292204371777,9.053850842653729,9.105692552158489,280667052
2006-03-28,9.356472969055176,9.372845430094813,9.206899383010038,9.220293228302799,357474168
2006-03-29,9.797508239746094,9.89722523112229,9.413773458252209,9.42444013626951,760338900
2006-03-30,9.635283470153809,9.760796538134521,9.51547429555972,9.653885876178892,587879532
2006-03-31,9.67397689819336,9.720362378378661,9.525890283777448,9.642721762329352,1459395144
2006-04-03,9.666535377502441,9.735246770410905,9.622631285442768,9.662319374690812,324583092
2006-04-04,10.029683113098145,10.04357418140223,9.627840360801553,9.67149773395949,627999372
2006-04-05,10.120222091674805,10.28344003001685,9.991979966001617,10.125430651885761,535883580
2006-04-06,10.199349403381348,10.266571016767358,10.056719946832034,10.083013247207948,343596060
2006-04-07,10.074827194213867,10.240774174450632,10.021745259458639,10.229859831417475,280754964
2006-04-10,10.328336715698242,10.347932623773987,10.05225561021372,10.097649488733035,372431196
2006-04-11,10.161645889282227,10.395806100819033,10.076316256583752,10.329328429667349,443843712
2006-04-12,10.144033432006836,10.203069759090345,10.05076618765197,10.145273655232838,240439320
2006-04-13,9.975607872009277,10.164126546083198,9.9344318899606,10.136096742375413,261853884
2006-04-17,10.091198921203613,10.232090923072777,9.942863689575063,10.007604852867034,330049620
2006-04-18,10.027200698852539,10.165861810625728,9.959236089999147,10.118731438873906,325178496
2006-04-19,10.182482719421387,10.260370072301289,10.088966850185354,10.23383004779184,270996732
2006-04-20,10.294105529785156,10.31891094502282,10.125431352987489,10.195134371293937,490369140
2006-04-21,10.842297554016113,11.180142156749058,10.819228642735116,11.134997836307877,901149948
2006-04-24,10.9266357421875,11.03081639904402,10.827911312092398,10.899349881919253,353102544
2006-04-25,10.595735549926758,10.94002989626657,10.566961798874544,10.905055027999515,382377240
2006-04-26,10.566216468811035,10.66717272347791,10.505692249318756,10.610120561995457,290820888
2006-04-27,10.418874740600586,10.589533071764986,10.402999503036817,10.490313309637544,333182484
2006-04-28,10.36703109741211,10.56026298851842,10.326351395815509,10.3841465567491,296555148
2006-05-01,9.894742965698242,10.40423938633266,9.886062347514207,10.38017886421154,414033552
2006-05-02,9.79304313659668,9.983793655021866,9.634290760045186,9.948818787926305,523647828
2006-05-03,9.77741527557373,9.959237503526163,9.695807254770688,9.831490715798425,322565112
2006-05-04,9.791803359985352,9.894000797861183,9.72879868490893,9.79874936758406,185893920
2006-05-05,9.7806396484375,9.93889668686477,9.718131256628823,9.86249722622343,242357400
2006-05-08,9.792546272277832,9.850590047400878,9.675218498704517,9.800732502471236,204539256
2006-05-09,10.140314102172852,10.145274995732349,9.766998354190745,9.81536706639584,365258376
2006-05-10,9.995948791503906,10.212496326644512,9.968166654007039,10.12815924793762,247240512
2006-05-11,9.599562644958496,10.03886069728146,9.54945648996383,10.006862558456245,355356288
2006-05-12,9.280322074890137,9.546728104792912,9.265934727555912,9.513737406897746,403100496
2006-05-15,9.33166790008545,9.429647431112269,9.134466724150775,9.32497050522462,343260396
2006-05-16,9.210122108459473,9.34803832604619,9.175147248389486,9.326457308845784,259384356
2006-05-17,9.289498329162598,9.421957376510539,9.18333257995548,9.193006698710583,425326248
2006-05-18,9.202433586120605,9.470824724039314,9.195488524448155,9.395665487818428,233166600
2006-05-19,9.178372383117676,9.28949903338414,8.943964516590718,9.259236451665918,455472072
2006-05-22,9.201443672180176,9.253037729076162,9.060054403619413,9.124546974739395,343831824
2006-05-23,9.316289901733398,9.522172661951362,9.26618279574127,9.282307590844063,358960680
2006-05-24,9.45693302154541,9.511257069107842,9.217812872117117,9.360193716550558,381769848
2006-05-25,9.500094413757324,9.500343025592763,9.235176288731093,9.4031064938793,327456216
2006-05-26,9.459413528442383,9.571781348777325,9.426670499774653,9.538789708280401,146533320
2006-05-30,9.225997924804688,9.450732613102181,9.213843359028784,9.383261444427355,172467360
2006-05-31,9.2230224609375,9.38251972759003,9.09800567350844,9.272136063814312,318932748
2006-06-01,9.49091625213623,9.500094093310613,9.217564239768468,9.265686225623272,250868880
2006-06-02,9.412035942077637,9.601548116702094,9.362674675444856,9.595594666603407,255200544
2006-06-05,9.288009643554688,9.461894226843716,9.280816916293471,9.33117073358227,222117660
2006-06-06,9.67373275756836,9.673980424171948,9.334150649400133,9.34109665780917,409981608
2006-06-07,9.587409973144531,9.794532028838741,9.587161361263469,9.754348597462098,356095548
2006-06-08,9.755834579467773,9.779896045562234,9.390951813990382,9.618166013579003,413965620
2006-06-09,9.588897705078125,9.808670582645657,9.558634174826226,9.728301838556435,246053700
2006-06-12,9.464126586914062,9.686132219980937,9.450732743015621,9.632800729751404,200563236
2006-06-13,9.58765697479248,9.599562929606481,9.379293785271903,9.448251903392311,306057636
2006-06-14,9.534820556640625,9.701262870032677,9.389215317870756,9.669761009497165,310569120
2006-06-15,9.698783874511719,9.729789458291043,9.500343411863106,9.590136716838654,271156572
2006-06-16,9.691341400146484,9.697047183684376,9.624368395196825,9.651653308390618,211971816
2006-06-19,9.62784194946289,9.79304407063372,9.599068196630089,9.695063576699205,305018676
2006-06-20,9.603780746459961,9.720364584963827,9.587409229979526,9.625112211376958,161434404
2006-06-21,9.974863052368164,10.021249485238776,9.66777732333307,9.70027174223481,349426224
2006-06-22,9.92078971862793,10.07086054249993,9.624369686656463,9.961222706039283,236239524
2006-06-23,10.042582511901855,10.16387863153352,9.940386022068173,9.990491237482278,212379408
2006-06-26,10.026707649230957,10.127912531288185,10.002646179541575,10.089464658392913,141905952
2006-06-27,9.97957706451416,10.12047004008259,9.947082643055394,10.063666482849754,164119716
2006-06-28,10.073588371276855,10.082765267773675,9.95005853430653,10.021497100329826,148271580
2006-06-29,10.36380672454834,10.373479898949627,10.066394187071056,10.12022101173226,266061672
2006-06-30,10.401512145996094,10.401512145996094,10.227877080730867,10.30898882922365,250069680
2006-07-03,10.497507095336914,10.511644884675615,10.404487512273509,10.419122525281116,86181732
2006-07-05,10.454345703125,10.487585012919851,10.309979732326733,10.455834538347448,199224576
2006-07-06,10.497259140014648,10.551583197362438,10.467245164500454,10.50197236737485,147336516
2006-07-07,10.429293632507324,10.613843030758117,10.315933245335101,10.568201486959813,241434324
2006-07-10,10.373479843139648,10.547859772637738,10.328335526966788,10.503459401369875,177278544
2006-07-11,10.531241416931152,10.543395037686556,10.245238560304328,10.381169676224488,238613148
2006-07-12,10.3499174118042,10.486096207200463,10.337018899634394,10.46997330331126,196071732
2006-07-13,10.141057968139648,10.376954693984501,10.09144808763897,10.269300090588612,276703020
2006-07-14,10.008848190307617,10.207041004534654,9.887551121472532,10.178267252979746,301781916
2006-07-17,10.1177396774292,10.194884023584255,10.014302975725656,10.036876552000118,232243524
2006-07-18,9.997684478759766,10.184218989272777,9.865969353711055,10.163878191638261,341130528
2006-07-19,9.897225379943848,9.95030826837599,9.789570767725976,9.798252332098887,340399260
2006-07-20,9.6025390625,10.032162981343472,9.56632303132045,10.02819369978879,501046452
2006-07-21,9.67670726776123,9.717386970733068,9.368628043988187,9.578230511317619,469713816
2006-07-24,9.69630241394043,9.770470038517276,9.455942025605236,9.743928124639266,323120556
2006-07-25,9.658103942871094,9.706474547745602,9.520187692920326,9.550449333996104,230213556
2006-07-26,9.562355995178223,9.72135698496545,9.500343879276414,9.629329950021031,221054724
2006-07-27,9.48546028137207,9.611718239103908,9.375077561480598,9.608741513847308,225418356
2006-07-28,9.62734603881836,9.66306485216061,9.46884132321994,9.475538718883145,163180656
2006-07-31,9.589641571044922,9.653390186891029,9.508032604242434,9.624368770848275,183628188
2006-08-01,9.314552307128906,9.56905236290494,9.314552307128906,9.552680848447043,218309472
2006-08-02,9.109167098999023,9.355729544967016,9.058812330664352,9.31678445306328,283628088
2006-08-03,9.311576843261719,9.374085239338651,9.013171708646203,9.053356082678057,252826920
2006-08-04,9.273377418518066,9.442796475769526,9.221286144085518,9.415013391407623,203604192
2006-08-07,9.375077247619629,9.419230901273375,9.206403087535712,9.215084651156342,157718124
2006-08-08,9.45073413848877,9.537550723929593,9.403356090968662,9.495878460424478,229498272
2006-08-09,9.350022315979004,9.542013960875423,9.335634971452711,9.495380815003475,172267560
2006-08-10,9.28205680847168,9.368131327704386,9.238896660879792,9.274119190544283,170305524
2006-08-11,9.140669822692871,9.308847712916402,9.128267588318758,9.287019024184161,150509340
2006-08-14,9.163739204406738,9.305128464685334,9.144887240016772,9.215085591697225,198533268
2006-08-15,9.44998836517334,9.467351491580613,9.242369121463533,9.27982537803811,267660072
2006-08-16,9.617423057556152,9.635530128552016,9.478514267751908,9.512248908453,233893872
2006-08-17,9.569798469543457,9.673979128805183,9.523164366799978,9.58443253892038,203004792
2006-08-18,9.509273529052734,9.601796846500427,9.444532351613907,9.582447658890986,197889912
2006-08-21,9.358955383300781,9.40112298271333,9.307360383669856,9.378798959494922,160771068
2006-08-22,9.38351058959961,9.407571110697637,9.29793234595346,9.369620466745156,166397436
2006-08-23,9.262957572937012,9.383014403650755,9.243857944854879,9.367386833670365,145546308
2006-08-24,9.270400047302246,9.3366291079308,9.233936346798608,9.288010840592618,139160700
2006-08-25,9.258742332458496,9.309840104347183,9.239890369369492,9.254276771929366,98569332
2006-08-28,9.449491500854492,9.449491500854492,9.301901154375647,9.317032445053323,166393440
2006-08-29,9.399881362915039,9.483474486452288,9.356471660219405,9.445274288385278,178221600
2006-08-30,9.444530487060547,9.541270734255486,9.388967163304487,9.406331233705057,161614224
2006-08-31,9.389464378356934,9.479257682940617,9.381278148041167,9.462887112893451,118277604
2006-09-01,9.391201972961426,9.457680605540032,9.35622709984514,9.45048598516413,106809084
2006-09-05,9.534076690673828,9.55987371080574,9.362424887900904,9.422701435673394,162809028
2006-09-06,9.429400444030762,9.50505596116781,9.417494488582564,9.478018713233759,148815036
2006-09-07,9.388471603393555,9.46933567612551,9.361433411675232,9.410795623098476,153526320
2006-09-08,9.372597694396973,9.445524159171715,9.344567887230127,9.344567887230127,123212664
2006-09-11,9.52738094329834,9.54226362395646,9.370612736805489,9.382767304126508,180986832
2006-09-12,9.721107482910156,9.741695945900961,9.546976161556932,9.54995288653205,217470312
2006-09-13,10.08499813079834,10.089711357653432,9.800484087708597,9.801725256352949,390337272
2006-09-14,10.020753860473633,10.077805083510649,9.969902809290538,10.02869147947918,214429356
2006-09-15,10.16710376739502,10.17132071601378,10.089216414460097,10.107571153606129,313214472
2006-09-18,10.286416053771973,10.38563581050151,10.156932768225378,10.170078946431182,283983732
2006-09-19,10.016535758972168,10.30625929197707,9.74194351723784,10.305515347063599,571144284
2006-09-20,9.847614288330078,10.105339716169775,9.788577950637388,10.098146042049375,365546088
2006-09-21,10.09194278717041,10.131630878137718,9.918556355508752,9.929470698686282,427256316
2006-09-22,10.015791893005371,10.106826362594674,9.955763005822943,10.045558197408116,185798016
2006-09-25,10.020753860473633,10.156437328567037,9.984042490734504,10.060441955501371,229262508
2006-09-26,10.092440605163574,10.11253184572789,9.965934039705711,10.05845735032744,211364424
2006-09-27,9.994461059570312,10.200342885645428,9.980817655869885,10.078302814424173,234832932
2006-09-28,10.01082992553711,10.09516699121771,9.935423033806659,10.023232157168948,204091704
2006-09-29,9.969159126281738,10.061433822735047,9.957003614099255,10.049278310552564,132303564
2006-10-02,9.957748413085938,10.07085923880258,9.941873176308437,9.96915903492357,145929924
2006-10-03,10.022241592407227,10.082270485078364,9.877132617598662,9.954027414290687,218369412
2006-10-04,10.311469078063965,10.313206525222276,9.99768498692246,10.045310701138987,266205528
2006-10-05,10.21497917175293,10.37447456467961,10.191413979368418,10.28666541526368,231360408
2006-10-06,10.430533409118652,10.465508277285581,10.163878752598082,10.175537987279315,293166540
2006-10-09,10.641377449035645,10.71455252518266,10.50296491609837,10.537196785785902,303028668
2006-10-10,10.583084106445312,10.860900759039186,10.477414617307334,10.70487744472429,391152456
2006-10-11,10.579363822937012,10.663949517825348,10.511398256204673,10.542652453521344,225190584
2006-10-12,10.602679252624512,10.658242574200257,10.517349629595893,10.630460440766358,193566240
2006-10-13,10.59920883178711,10.653779610001797,10.556047731430192,10.610619454937163,144755100
2006-10-16,10.461539268493652,10.646337275559317,10.45136886976828,10.60912962947423,172603224
2006-10-17,10.434006690979004,10.511149151153429,10.336273876208535,10.425571848721154,208231560
2006-10-18,10.401015281677246,10.53595480028184,10.356118627857429,10.492297424557774,240451308
2006-10-19,10.568449974060059,10.65377961794015,10.407465752825251,10.423836324597257,459679860
2006-10-20,11.40214729309082,11.412813969986985,11.25133254370719,11.385279499530453,465450084
2006-10-23,11.925783157348633,12.021529909279797,11.41951114659437,11.46688918947003,603575820
2006-10-24,11.74048900604248,11.853351218973268,11.693358629203585,11.814159405748898,346061592
2006-10-25,12.070148468017578,12.117277900198433,11.785138149512882,11.844173536691386,367132500
2006-10-26,12.032940864562988,12.203102910343855,12.0106158990877,12.096937145321638,280986732
2006-10-27,11.787370681762695,12.036412627609815,11.720148120433336,12.003174264702007,263895840
2006-10-30,11.8213529586792,11.917845546178933,11.658631312082838,11.77794419754226,262261476
2006-10-31,11.816888809204102,11.960013609732451,11.753635527326303,11.858312458442931,251164584
2006-11-01,11.596370697021484,11.884854014847416,11.540807368815774,11.87567617321096,216834948
2006-11-02,11.656150817871094,11.750905950315097,11.568588412836245,11.596369601668904,209258532
2006-11-03,11.703033447265625,11.751404050312084,11.535847174136784,11.713700124708975,196111692
2006-11-06,11.830780982971191,11.898002607758318,11.716181308989402,11.751900123172751,199460340
2006-11-07,11.722132682800293,11.882125276737485,11.702289109123589,11.830779840790575,195688116
2006-11-08,11.78240966796875,11.949596886854454,11.62365729161154,11.667067001192795,318281400
2006-11-09,11.72362232208252,11.893785326375207,11.704521746758022,11.819617695970374,194972832
2006-11-10,11.746443748474121,11.775465166471779,11.665578721191308,11.75214764203452,111756132
2006-11-13,11.931985855102539,11.93545791365288,11.761077955880332,11.779929919852414,173502324
2006-11-14,12.13712215423584,12.153245057293521,11.918837179548118,11.923798072796636,288647064
2006-11-15,12.202359199523926,12.398814535912834,12.202359199523926,12.239565897660663,334493172
2006-11-16,12.300836563110352,12.344989273385515,12.217987369409993,12.278511596111796,203500296
2006-11-17,12.372523307800293,12.394103385392715,12.22890126965026,12.235103332337363,220219560
2006-11-20,12.279752731323242,12.362848646073328,12.220220116351046,12.362848646073328,204775020
2006-11-21,12.641904830932617,12.650587339715415,12.299099343993289,12.316711082820975,336762900
2006-11-22,12.601226806640625,12.725004328044035,12.545911136071718,12.674649551559677,179847972
2006-11-24,12.526561737060547,12.588573848008156,12.501756325506207,12.514158558637297,69238692
2006-11-27,12.024258613586426,12.446688869384667,12.024258613586426,12.436518471374175,292695012
2006-11-28,12.142083168029785,12.151012397848902,11.832763719518127,11.93446392270672,311592096
2006-11-29,12.02177906036377,12.272063150212176,11.962247388882655,12.259659970297228,252359388
2006-11-30,12.025748252868652,12.16440844890905,11.944884171264672,12.010369292992856,222876900
2006-12-01,11.926280975341797,12.11455201747043,11.869228800651053,12.054771729048078,225030744
2006-12-04,12.026738166809082,12.090736334769097,11.89031077035856,11.980848960232926,195800004
2006-12-05,12.080069541931152,12.140593760720668,12.027730607638778,12.08999132805911,163955880
2006-12-06,12.122488975524902,12.214018793220225,12.018555032246859,12.079079262446891,177833988
2006-12-07,11.97192096710205,12.19913518872247,11.966463795057091,12.160191039422584,186385428
2006-12-08,12.00838565826416,12.119759997996303,11.90643588284308,11.954558823660292,158837004
2006-12-11,12.003918647766113,12.127199874522338,12.00069425609281,12.028475448378563,130405464
2006-12-12,11.95058822631836,12.064195333981713,11.913380579875986,12.001934608256237,167072760
2006-12-13,11.881382942199707,12.042863435085517,11.832516059642415,12.02277124843777,186297516
2006-12-14,11.959020614624023,11.999452647673438,11.838467515054404,11.912634186732697,189766044
2006-12-15,11.913878440856934,12.008385932091949,11.902467817146501,11.9719222257705,207424368
2006-12-18,11.479788780212402,11.974401604011279,11.428193784176628,11.96869676531144,320343336
2006-12-19,11.624401092529297,11.641268886792789,11.373126352126999,11.452998817734136,263216520
2006-12-20,11.482267379760742,11.695591463979078,11.46812959005201,11.658383818838306,174537288
2006-12-21,11.31607437133789,11.540560479372202,11.220327612014588,11.514018564157373,277853868
2006-12-22,11.300694465637207,11.376597644125821,11.230000792188081,11.34832017474617,159372468
2006-12-26,11.349066734313965,11.397187783587816,11.276139324787012,11.324012707481094,82889028
2006-12-27,11.609518051147461,11.610758274493458,11.388008678857515,11.410333644377667,169090740
2006-12-28,11.473834037780762,11.623159946358976,11.466144086231816,11.586944859230318,124523352
2006-12-29,11.4222412109375,11.521212363129726,11.406861306199465,11.462424638749985,102265632
2007-01-03,11.598604202270508,11.823585642349478,11.437867657663372,11.559164720068784,307951740
2007-01-04,11.987298965454102,12.004414425202118,11.617455300619671,11.633579148897695,315188496
2007-01-05,12.084783554077148,12.092473506001504,11.859553511636234,11.968448335462924,274609116
2007-01-08,11.995235443115234,12.151259679536214,11.961004526874026,12.097184246984066,189985824
2007-01-09,12.042862892150879,12.111076122700052,11.936200846599737,12.041622668782571,215040744
2007-01-10,12.141090393066406,12.24254292788378,11.957036339507537,12.01632128205167,238501260
2007-01-11,12.395591735839844,12.4459455633498,12.307781648262782,12.333082395302355,288039672
2007-01-12,12.526561737060547,12.526561737060547,12.402536569873169,12.45189783585177,178769052
2007-01-16,12.50870418548584,12.72500407885659,12.484394103421423,12.589815936530647,302453244
2007-01-17,12.335064888000488,12.59527072352171,12.263130993514599,12.486624518955942,267696036
2007-01-18,12.10065746307373,12.315220804953233,12.090735677389612,12.266602542633715,237042720
2007-01-19,12.148286819458008,12.173339903014503,12.073623847280285,12.104381770261126,198932868
2007-01-22,11.927271842956543,12.220219792334664,11.869227119516184,12.216499122159085,215955828
2007-01-23,11.882869720458984,12.024258958761253,11.839212347543251,11.926030814993009,186433380
2007-01-24,12.379467010498047,12.39112624427043,11.98804325966565,12.016817008392547,242129628
2007-01-25,12.10710620880127,12.514157485349417,12.046830604720036,12.427339970293449,254485260
2007-01-26,12.299346923828125,12.350445638194344,12.080814276440558,12.177554533387509,219640140
2007-01-29,12.215754508972168,12.371530162633533,12.166888571873839,12.35292681133367,190836972
2007-01-30,12.26164436340332,12.352927458716819,12.184749562041802,12.253706744040942,167052780
2007-01-31,12.439743995666504,12.526562468530246,12.291162020086484,12.315471154676642,487755756
2007-02-01,11.949843406677246,12.551614489124011,11.944385289890754,12.551366822584686,625721652
2007-02-02,11.943644523620605,12.030462060101463,11.852112814381858,11.971177107487916,251208540
2007-02-05,11.587937355041504,11.856823811918218,11.563875889067617,11.844420633830556,287987724
2007-02-06,11.695096015930176,11.740241282635688,11.59041907994804,11.61125521145947,212663124
2007-02-07,11.658632278442383,11.766286884654038,11.628122026257394,11.753139760246157,164627208
2007-02-08,11.68393325805664,11.751403487234167,11.53807940151098,11.6100142456434,162904932
2007-02-09,11.45721435546875,11.724860578764563,11.447540236143729,11.699311223955428,194149656
2007-02-12,11.36791706085205,11.469617270884148,11.286804370332614,11.42720200845093,229949820
2007-02-13,11.388008117675781,11.479291198261087,11.342366577383126,11.389248340960663,162341496
2007-02-14,11.557428359985352,11.63680454907245,11.39098602946837,11.410334270962174,227724048
2007-02-15,11.446796417236328,11.562388636311212,11.42819306701803,11.559164244665144,161534304
2007-02-16,11.656895637512207,11.662106088250743,11.461431892608111,11.47978852230543,246832920
2007-02-20,11.710472106933594,11.72659595268882,11.527162971613084,11.620429262144457,162541296
2007-02-21,11.803742408752441,11.873693090112509,11.602325207437355,11.654416482279283,225398376
2007-02-22,11.803494453430176,12.011609045259931,11.767279362847509,11.873940466206982,229526244
2007-02-23,11.673763275146484,11.830780092608016,11.603813542096596,11.801013786167195,155148696
2007-02-26,11.532623291015625,11.788611272147596,11.503353261334379,11.728584268052881,158637204
2007-02-27,11.1317720413208,11.405372683098314,11.092083949192935,11.286307461422536,372139488
2007-02-28,11.148639678955078,11.25331756108003,10.989639632636075,11.172453481209917,320970708
2007-03-01,11.118376731872559,11.222310656787776,10.914231442468468,10.980461445300097,347060592
2007-03-02,10.881488800048828,11.130036360431914,10.881488800048828,11.040986057013813,263080656
2007-03-05,10.937796592712402,11.050659746746021,10.839816117996218,10.840311451073095,253949796
2007-03-06,11.349560737609863,11.385528159707096,11.09729344982774,11.0995262299532,301046652
2007-03-07,11.3021821975708,11.488220416582218,11.268696168911669,11.477058407029174,261102636
2007-03-08,11.279362678527832,11.546761264928222,11.263983719690513,11.390985617638238,214297488
2007-03-09,11.235706329345703,11.370645858235903,11.16476497897111,11.360724070375873,198908892
2007-03-12,11.280106544494629,11.292509723392614,11.18981601514321,11.22603204973963,138477384
2007-03-13,10.989391326904297,11.210156755720229,10.984430433487155,11.165011491273615,254836908
2007-03-14,11.1126708984375,11.129042411451454,10.889425056157137,10.994350583123065,320355324
2007-03-15,11.067776679992676,11.157818603380038,11.011964734535454,11.109201277293348,157610232
2007-03-16,10.935315132141113,11.080425981034782,10.911502278207596,11.054379401808703,226137636
2007-03-19,11.093571662902832,11.12507446686959,10.929858417587013,10.994847248311212,207700092
2007-03-20,11.045202255249023,11.102750698176955,11.003529994567426,11.057853100560289,136723140
2007-03-21,11.324755668640137,11.325252892341057,11.043466011874038,11.045699737359348,231700068
2007-03-22,11.460935592651367,11.464159984155332,11.225039828643425,11.301439285032119,227000772
2007-03-23,11.455724716186523,11.494420245477961,11.33790068155912,11.446299209344824,164287548
2007-03-26,11.534358978271484,11.534358978271484,11.301687592571096,11.423976263037204,188223588
2007-03-27,11.500127792358398,11.540063550920946,11.418766494763812,11.498391290630952,149498352
2007-03-28,11.456968307495117,11.545273726543074,11.414054876085936,11.456718750346143,183480336
2007-03-29,11.43315601348877,11.559165364661512,11.28630863935124,11.523196993503369,159380460
2007-03-30,11.364691734313965,11.494671306868225,11.3145865195299,11.462424552940693,135072792
2007-04-02,11.373869895935059,11.373869895935059,11.21486891530114,11.354769322136203,137802060
2007-04-03,11.722877502441406,11.763805818195292,11.5095543602407,11.510793638295839,259811928
2007-04-04,11.683685302734375,11.73279985116671,11.647966490503796,11.711467441395698,151000848
2007-04-05,11.695840835571289,11.71022723805551,11.648958122015383,11.690631330078778,108523368
2007-04-09,11.613983154296875,11.732799769831061,11.548993368592095,11.732303491413365,122361516
2007-04-10,11.571566581726074,11.677980959920722,11.538328217588312,11.586201595479013,119052828
2007-04-11,11.52270221710205,11.64350301366271,11.475076499276843,11.560653813292088,152327520
2007-04-12,11.593643188476562,11.60877448096153,11.46589734383821,11.50955471949422,108207684
2007-04-13,11.566356658935547,11.627873436846759,11.493678816488513,11.619935818577318,111680208
2007-04-16,11.764301300048828,11.831771525217766,11.612493057095687,11.620183008503734,202912884
2007-04-17,11.727836608886719,11.816886900357456,11.698070307794174,11.752642017345845,128275596
2007-04-18,11.807462692260742,11.903955286313144,11.64672614827849,11.68963863394718,226593180
2007-04-19,11.699312210083008,11.95480483441757,11.648214441449838,11.77000683083965,439943616
2007-04-20,11.967950820922852,12.216498379648964,11.956541144528103,12.167383834790474,485973540
2007-04-23,11.883614540100098,12.030460960825726,11.863273741997977,11.908916231800134,226757016
2007-04-24,11.845165252685547,11.905938082575734,11.79605165570663,11.871954831143906,147640212
2007-04-25,11.856575965881348,11.940416759835689,11.809942815042437,11.906433508139855,158513328
2007-04-26,11.935705184936523,12.016816925341812,11.834747980600172,11.859304780733597,164831004
2007-04-27,11.881878852844238,11.965968273794983,11.865011057221176,11.90817310318335,116910972
2007-04-30,11.692614555358887,11.93992188924016,11.692614555358887,11.88535017306798,145502352
2007-05-01,11.633580207824707,11.728086744857789,11.513771033391006,11.712708730689847,146181672
2007-05-02,11.553706169128418,11.68517362564585,11.55246689106826,11.624897069195894,122385492
2007-05-03,11.738504409790039,11.759340538965011,11.541551848782207,11.564619812680984,143624232
2007-05-04,11.686164855957031,11.778439542540362,11.556186249391498,11.661359446433565,157842000
2007-05-07,11.590666770935059,11.72833440631572,11.570822250939548,11.71146755687639,120683196
2007-05-08,11.579257011413574,11.612991655345047,11.527662016025234,11.562389216801721,116087796
2007-05-09,11.639780044555664,11.701295875629702,11.506577039018987,11.562883365128844,155440404
2007-05-10,11.446796417236328,11.645733157756679,11.435634407105349,11.584961268418057,147304548
2007-05-11,11.577518463134766,11.583969136721597,11.435138560489916,11.455726078081883,117646236
2007-05-14,11.454487800598145,11.59662006084585,11.41033508766202,11.546267175687666,154753092
2007-05-15,11.360722541809082,11.473338032861982,11.346088473859899,11.458951631459062,164595240
2007-05-16,11.723126411437988,11.736272591254451,11.386025729454179,11.45994475031475,261905832
2007-05-17,11.682197570800781,11.787867064243075,11.67847690053027,11.719405218798116,186237576
2007-05-18,11.666322708129883,11.725358101221396,11.652183971588702,11.708739863045695,147688164
2007-05-21,11.673267364501953,11.886590501974053,11.577023388064852,11.64672545110693,246125628
2007-05-22,11.803742408752441,11.881878375723081,11.732800115819964,11.732800115819964,153406440
2007-05-23,11.756858825683594,11.991019023899645,11.751402599646491,11.926774136484593,202205592
2007-05-24,11.765789985656738,11.886590764612537,11.695591642677236,11.786130782902035,166777056
2007-05-25,11.993746757507324,12.029218842671117,11.838716021115122,11.89899257036147,213726060
2007-05-29,12.082799911499023,12.19913513517495,12.00565555822304,12.030460971526905,208511280
2007-05-30,12.367809295654297,12.373762746092456,11.98085014184962,12.018058734441997,289542168
2007-05-31,12.350693702697754,12.620325073139316,12.329609905118456,12.41642837808633,356615028
2007-06-01,12.412458419799805,12.527057134159373,12.351189308176414,12.427341099633157,191768040
2007-06-04,12.57790756225586,12.663238142843532,12.342755732086362,12.350693350595426,283755960
2007-06-05,12.86986255645752,12.873831837946664,12.56649658281125,12.644384869922359,417466116
2007-06-06,12.855228424072266,12.91798542498127,12.781060801554673,12.818020779541104,315152532
2007-06-07,12.776100158691406,13.05987119756929,12.712847823453407,12.892436321251825,424794780
2007-06-08,12.786766052246094,12.889706473102656,12.637191535427101,12.804377789660727,254073672
2007-06-11,12.683826446533203,12.855229672686344,12.650588080534424,12.75030412382301,185722092
2007-06-12,12.520855903625488,12.692011446612378,12.481167812472206,12.618587769009688,256523220
2007-06-13,12.532516479492188,12.614372171890883,12.37004248225903,12.57840569210169,281078640
2007-06-14,12.472981452941895,12.54838929228157,12.444703040543478,12.535986114976552,184663152
2007-06-15,12.548638343811035,12.62578174791326,12.433046125640903,12.605689562659451,246717036
2007-06-18,12.779573440551758,12.799417959592597,12.507710241266834,12.555831285724176,193242564
2007-06-19,12.757497787475586,12.830424248417161,12.688787329953449,12.750056446911053,174037788
2007-06-20,12.64984130859375,12.867630938217092,12.627268678378657,12.823229622674855,173354472
2007-06-21,12.75253677368164,12.781806802526983,12.558313249373434,12.674896141037818,176211612
2007-06-22,13.02216625213623,13.022413918666382,12.801896177621547,12.809833795383692,287859852
2007-06-25,13.08269214630127,13.270465938368751,12.982479827370847,13.121387683367043,316683000
2007-06-26,13.153138160705566,13.22606461968974,13.053422120174327,13.21440727601866,227352420
2007-06-27,13.054661750793457,13.096831237917156,12.887724085324768,13.022663608243866,244679076
2007-06-28,13.022910118103027,13.1342853860048,12.99289614664506,13.019685726536048,166569264
2007-06-29,12.96561050415039,13.082194325309063,12.885241768999373,13.047963407439282,155068776
2007-07-02,13.156116485595703,13.192580192167616,13.002821263330773,13.03481940890705,139364496
2007-07-03,13.25434398651123,13.255831876573948,13.084677254746827,13.172983624498425,74797128
2007-07-05,13.435171127319336,13.503881579727626,13.200019300286456,13.284604044208944,197518284
2007-07-06,13.37985610961914,13.490735106055173,13.363237872361728,13.425746265813585,109770120
2007-07-09,13.45823860168457,13.611533781659807,13.401186443771891,13.46915294398599,149042808
2007-07-10,13.477588653564453,13.568375461985582,13.435667780259806,13.488750663891675,154085760
2007-07-11,13.50561809539795,13.555972867906075,13.394988653580555,13.484286630635737,132239628
2007-07-12,13.52695083618164,13.576313049591658,13.400196605036864,13.540097014811893,137526336
2007-07-13,13.696369171142578,13.709020016873156,13.574576776703863,13.590947347305532,209274516
2007-07-16,13.716958045959473,13.85561823885368,13.625674955070684,13.650231757000027,263716020
2007-07-17,13.766817092895508,13.834534050846345,13.701827303179751,13.767808704499876,172970856
2007-07-18,13.630387306213379,13.754412476606442,13.489246675540162,13.739281184620117,242956800
2007-07-19,13.607813835144043,13.730103441547657,13.450301698851005,13.728614606449945,444642912
2007-07-20,12.901613235473633,12.977517355711537,12.63818301253357,12.697715618787138,710181108
2007-07-23,12.712847709655762,12.89863732245246,12.703918479860208,12.87408052257644,254013732
2007-07-24,12.749807357788086,12.866143524919137,12.578900416600952,12.63322352409772,222661116
2007-07-25,12.644634246826172,12.824719031521706,12.540453591410387,12.82372647469214,221578200
2007-07-26,12.600976943969727,12.714831712069243,12.37475340703552,12.61933168170833,275060664
2007-07-27,12.697468757629395,12.81479653942224,12.538964991312834,12.614124231733783,220143636
2007-07-30,12.80214786529541,12.88226800704914,12.66299138184783,12.723020280484958,158373468
2007-07-31,12.650588035583496,12.909552736389555,12.650588035583496,12.904344176125562,170649180
2007-08-01,12.72351360321045,12.812068574404737,12.60444932698525,12.662989380957496,176950872
2007-08-02,12.675639152526855,12.774363568605303,12.625780666136446,12.7428607641641,126069804
2007-08-03,12.47695255279541,12.729963794486638,12.47695255279541,12.651827830833138,126920952
2007-08-06,12.650588035583496,12.654308705855561,12.464549795519044,12.476952975051505,145913940
2007-08-07,12.79991340637207,12.895661108319276,12.626774631767244,12.644386370800884,170401428
2007-08-08,13.042011260986328,13.042011260986328,12.826455334421453,12.882266331436405,162589248
2007-08-09,12.767915725708008,13.067809687916123,12.765435278877955,12.918482818519578,193666140
2007-08-10,12.79321575164795,12.866886147256995,12.542187759034254,12.65505091098003,234772992
2007-08-13,12.787014961242676,12.89243678414735,12.725746792078077,12.88722822408167,127044828
2007-08-14,12.615859031677246,12.834143994866702,12.600976352715646,12.792470792248427,145202652
2007-08-15,12.341763496398926,12.69250658296412,12.320926421735797,12.625781246610345,216163620
2007-08-16,12.19218921661377,12.313982558489151,11.917846504772342,12.204592396002065,345478176
2007-08-17,12.403528213500977,12.427341068349692,12.195413636444147,12.339034710467809,218956824
2007-08-20,12.350940704345703,12.46603758775044,12.303314994497502,12.463556195817775,107784108
2007-08-21,12.566498756408691,12.604946628266829,12.34722214806123,12.376243565559733,144279576
2007-08-22,12.718803405761719,12.805620944159246,12.63198492207186,12.649596663517867,129977892
2007-08-23,12.704910278320312,12.802642146167978,12.576171881694924,12.799417754543917,122944932
2007-08-24,12.774611473083496,12.78825487418081,12.613378668762694,12.715327478084674,98809092
2007-08-27,12.731451034545898,12.835384017357594,12.685314159913434,12.760473394555037,92910996
2007-08-28,12.561290740966797,12.774117629495267,12.546158501903959,12.68854031800359,130825044
2007-08-29,12.722024917602539,12.732442036747749,12.581875908122608,12.597007199062478,101870028
2007-08-30,12.68531608581543,12.784535856962725,12.66497528594931,12.709128944325856,105961932
2007-08-31,12.780815124511719,12.811820712037317,12.687052526308163,12.727483623383083,118984896
2007-09-04,13.026384353637695,13.097078029582054,12.765185943949048,12.775107730707248,147600252
2007-09-05,13.092117309570312,13.133789570740328,12.95444873530853,12.982974817908284,132383484
2007-09-06,12.985950469970703,13.142470993564318,12.854980247032437,13.130811760581853,144890964
2007-09-07,12.882514953613281,12.929395775214855,12.819261671025718,12.845554973700391,146397456
2007-09-10,12.761714935302734,12.949985013808817,12.672416956550558,12.9303891052329,128902968
2007-09-11,12.931628227233887,12.939565845675602,12.792719431857767,12.823974572521921,108035856
2007-09-12,12.964369773864746,13.096582113939412,12.873832528431102,12.911783172034728,119320560
2007-09-13,13.017206192016602,13.07748180132554,12.978509712142836,12.99934678723218,75568356
2007-09-14,13.115682601928711,13.15338558146425,12.953705837571336,12.978014026583654,110485404
2007-09-17,13.030106544494629,13.128830035787265,12.999596290418381,13.060615853278584,87812100
2007-09-18,13.277411460876465,13.326526007008795,13.004555707128976,13.060366703110244,168459372
2007-09-19,13.564655303955078,13.629148816692538,13.366463428899218,13.3766328835064,220854924
2007-09-20,13.712989807128906,13.811465627410445,13.544314693679643,13.568376162644812,220779000
2007-09-21,13.89332103729248,13.910436497282957,13.712988595730383,13.800053785554912,320147532
2007-09-24,14.089778900146484,14.175108543075908,13.89084214122309,13.915646610475404,211668120
2007-09-25,14.114087104797363,14.127978174767648,13.961784449445046,13.990061922537329,109114776
2007-09-26,14.093250274658203,14.183293140492294,13.985348002770786,14.148813606495837,133710156
2007-09-27,14.076878547668457,14.18205175225688,14.034213731778705,14.18180408571363,82169748
2007-09-28,14.071173667907715,14.127729555571038,13.993037704370385,14.064476272596167,105474420
2007-10-01,14.4501953125,14.494844299837201,14.129218503969765,14.138147734261874,188263548
2007-10-02,14.49583625793457,14.80391548671633,14.387190046627726,14.470783179313228,282417300
2007-10-03,14.486659049987793,14.609939334912251,14.395873185139845,14.541974714849385,155024820
2007-10-04,14.36288070678711,14.513200121649662,14.314014773584757,14.513200121649662,119348532
2007-10-05,14.735454559326172,14.783825166229416,14.560827877187084,14.563307378885487,202545252
2007-10-08,15.121668815612793,15.137544052446701,14.732973179732621,14.75901786981526,200918880
2007-10-09,15.259583473205566,15.472907550087934,15.091156991730674,15.257846971547247,350361288
2007-10-10,15.512843132019043,15.520036805111422,15.299767669373358,15.412879434798821,215208576
2007-10-11,15.428755760192871,15.910220488336543,15.106289179167792,15.71748675337985,471488040
2007-10-12,15.810505867004395,15.835558946782307,15.335488017473448,15.477869822639228,272675052
2007-10-15,15.381874084472656,15.871774633154727,15.2687632487348,15.837296043329623,277474248
2007-10-16,15.279923439025879,15.525990546849606,15.180456018302568,15.34168882781609,240770988
2007-10-17,15.713518142700195,15.72641665524544,15.418585074826098,15.63835890239532,240978780
2007-10-18,15.865822792053223,15.909230611780243,15.589988406584913,15.761391631679912,491076432
2007-10-19,15.992080688476562,16.33389460069666,15.955369316959787,16.23641038762016,630928440
2007-10-22,16.14190101623535,16.24732378786504,15.782972607905625,15.842256610656207,266309424
2007-10-23,16.762521743774414,16.807914668061034,16.37134665900258,16.40235223827374,271476252
2007-10-24,16.763769149780273,16.804698422539428,16.36043932700108,16.68662572303241,295871832
2007-10-25,16.58243751525879,16.841899409812825,16.459403962756273,16.834705736667598,231588180
2007-10-26,16.733501434326172,16.78162247735874,16.571276064448526,16.719363644682613,134021844
2007-10-29,16.848346710205078,16.867447281398526,16.67123868201238,16.812130681126423,122529348
2007-10-30,17.23381996154785,17.36131718752099,16.805683906175528,16.805683906175528,275747976
2007-10-31,17.537185668945312,17.537185668945312,17.265321552180236,17.380664203378927,274796928
2007-11-01,17.44317626953125,17.703876513377725,17.407703234625515,17.432757258959086,260826912
2007-11-02,17.642606735229492,17.70040189475193,17.29756755323789,17.62425105306386,233426340
2007-11-05,17.999797821044922,18.11340491237633,17.514114318778805,17.536935559887482,354992652
2007-11-06,18.400156021118164,18.400156021118164,17.983679143912838,18.29523046749331,337114548
2007-11-07,18.180631637573242,18.5353430961388,17.93754217679667,18.38378439197129,330609060
2007-11-08,17.21075439453125,18.229002515436825,16.79750093872702,18.22180884066804,659827512
2007-11-09,16.469825744628906,16.91408476395516,16.401363895541337,16.762773717068093,455068476
2007-11-12,15.678544044494629,16.61766356717682,15.533186450402365,16.315291034579563,408682908
2007-11-13,16.38498878479004,16.394167571479503,15.678541718444926,15.999022222436258,337478184
2007-11-14,15.916918754577637,16.755578204476553,15.782724129977098,16.70075881978756,323464212
2007-11-15,15.618513107299805,16.061285118100397,15.478365037288073,15.83977480678136,278429292
2007-11-16,15.717238426208496,15.763375300407334,15.280420812064314,15.724926487303403,361350288
2007-11-19,15.524255752563477,15.795127356077366,15.34193818169186,15.617026733930834,220874904
2007-11-20,16.087081909179688,16.34902236230847,15.69838628715703,15.787931921382881,393230376
2007-11-21,16.38425064086914,16.61865858372061,15.926844434689936,15.968764372399903,280259460
2007-11-23,16.78559112548828,16.824782935028562,16.5725147288444,16.61939743472862,109438452
2007-11-26,16.520179748535156,17.19983727483075,16.49537339073834,16.872410745289166,271332396
2007-11-27,16.70795249938965,16.778894787698825,16.129747515839146,16.738462750128736,355823820
2007-11-28,17.17156219482422,17.222163693099503,16.672483767168405,16.919791145811782,316343340
2007-11-29,17.289134979248047,17.43275700146626,17.06018332244117,17.13410328040594,248071680
2007-11-30,17.189912796020508,17.637892369113175,16.919786140508737,17.636404479430308,315504180
2007-12-03,16.9054012298584,17.23952420510266,16.895727109650597,17.140554004055517,172830996
2007-12-04,16.970640182495117,17.165111390332825,16.796012551040214,16.825532139611205,169102728
2007-12-05,17.32659149169922,17.33701050227087,17.053487123684704,17.18321902450611,168215616
2007-12-06,17.742074966430664,17.77432266290508,17.28938400774405,17.308978023471372,196163640
2007-12-07,17.732404708862305,17.810043452525935,17.624004264566743,17.735380488887788,153929916
2007-12-10,17.820457458496094,17.978714479357315,17.71082059109079,17.760181853546776,154093752
2007-12-11,17.343704223632812,17.88420709094072,17.3332852147003,17.858162404485576,245318436
2007-12-12,17.34742546081543,17.718756985114428,17.078291353552682,17.710820312835345,246117636
2007-12-13,17.215967178344727,17.304520286923932,16.897467893776227,17.272024912764376,201430368
2007-12-14,17.11450958251953,17.356111170475973,17.047537513440332,17.05373674036306,146793060
2007-12-17,16.600297927856445,17.24994238757223,16.46238169546143,17.06588833649063,219220560
2007-12-18,16.70250129699707,16.785845843915133,16.185314768770084,16.722592543256443,286381332
2007-12-19,16.802209854125977,16.855046011068527,16.594591567835494,16.723826232741278,176667156
2007-12-20,17.107810974121094,17.140304447644354,16.882579986674372,17.012062328831885,176711112
2007-12-21,17.281444549560547,17.345193158408904,17.195867255467576,17.310962240771715,215064720
2007-12-24,17.381654739379883,17.381654739379883,17.19139960212676,17.239272969566105,65070864
2007-12-26,17.63243865966797,17.69147404704711,17.31914992455629,17.33849816494693,101098800
2007-12-27,17.38190460205078,17.76042981120819,17.38190460205078,17.53892140226126,117582300
2007-12-28,17.426307678222656,17.560750909198028,17.277724767243,17.48583839676457,102405492
2007-12-31,17.152210235595703,17.42531458268285,17.12988621683273,17.32807805380267,94952952
2008-01-02,16.996185302734375,17.29831199635371,16.811140596081437,17.186688125881556,172103724
2008-01-03,16.99966049194336,17.037364416862843,16.78112783981264,16.99792493545356,129969900
2008-01-04,16.296932220458984,16.891262010149315,16.247323285306074,16.85975920197657,214177608
2008-01-07,16.104694366455078,16.42790490860358,15.80951457515278,16.221029592069357,255879864
2008-01-08,15.668869018554688,16.370357145895355,15.652001224061506,16.197712754780323,213350436
2008-01-09,16.202672958374023,16.206145961867005,15.441405528328833,15.628187702031983,269318412
2008-01-10,16.042186737060547,16.301894449380054,15.877976232733257,15.99952191498341,253114632
2008-01-11,15.83183765411377,16.110149634082738,15.62992513387081,15.942220367909266,198880920
2008-01-14,16.218053817749023,16.306854570975023,16.005472717169127,16.15157519552876,177722100
2008-01-15,15.816954612731934,16.099733108719768,15.760647336329896,16.0215971443636,222505272
2008-01-16,15.27868366241455,15.874998542856734,14.93091634365249,15.601646514552213,421977600
2008-01-17,14.902640342712402,15.521525986127934,14.833681276254538,15.397998036470439,328343328
2008-01-18,14.889244079589844,15.130845634318112,14.844595094385447,15.090413597497193,341242416
2008-01-22,14.494845390319824,14.821031728803767,13.920607738101166,13.941196204160159,379679940
2008-01-23,13.60855770111084,14.089280337008637,12.873832236679728,13.908451626196134,677949372
2008-01-24,14.250267028808594,14.3792530979398,13.745482872269427,13.861075095891843,375659964
2008-01-25,14.049593925476074,14.759018731050025,14.044136753415215,14.679890208813669,278361360
2008-01-28,13.791123390197754,14.194454028875029,13.608062838362866,14.162952167885653,232435332
2008-01-29,13.655688285827637,13.923829852727886,13.411357682505793,13.902498390418534,251068680
2008-01-30,13.599878311157227,13.90150784076682,13.481805634745802,13.622698611873352,317266416
2008-01-31,13.997502326965332,14.213305907123587,13.253101776312517,13.370181880494778,594257148
2008-02-01,12.796936988830566,13.312138267096099,12.650587791740211,13.11369874190865,703315980
2008-02-04,12.289176940917969,12.719544855118796,12.217738372185007,12.627517821894497,525757716
2008-02-05,12.571209907531738,12.625780675066773,12.1177731391755,12.14034576918761,447683868
2008-02-06,12.444953918457031,12.679610447622162,12.351191318718232,12.678866502567828,305150544
2008-02-07,12.525321006774902,12.754520332928024,12.272557436848087,12.324648708405903,316838844
2008-02-08,12.816533088684082,12.84233105920211,12.618341227090493,12.63595296681133,272882844
2008-02-11,12.927412033081055,12.990665317754017,12.7349250109616,12.911536795271363,232806960
2008-02-12,12.851259231567383,13.161571234888443,12.725746174169805,12.982726684293574,266225508
2008-02-13,13.261286735534668,13.27046457676647,12.866142338909972,12.960649809589944,264723012
2008-02-14,13.20250129699707,13.420538634779321,13.171494764686637,13.353812342814779,258808932
2008-02-15,13.137758255004883,13.212669822256187,13.00604313698575,13.104767558864076,209394396
2008-02-19,12.624541282653809,13.27220158929012,12.563768449663252,13.269224864277096,253761984
2008-02-20,12.62578296661377,12.675641462088633,12.37326704259966,12.489603216943584,266221512
2008-02-21,12.473478317260742,12.73021116849029,12.390133795434883,12.721280993169438,226884888
2008-02-22,12.596016883850098,12.625782245138607,12.341764472465233,12.45363507973431,220415364
2008-02-25,12.066180229187012,12.563769786558607,12.04881710093764,12.550127328648388,334577088
2008-02-26,11.514266014099121,11.570820951887834,11.084145804363619,11.440099338563174,930560508
2008-02-27,11.729326248168945,11.794563697555223,11.401404390082796,11.413558011672341,404471124
2008-02-28,11.792085647583008,11.883863131579666,11.592900271429295,11.670787630387618,263212524
2008-02-29,11.687653541564941,11.899985063479969,11.52567678699428,11.704769946459054,376638984
2008-03-03,11.33641529083252,11.725854897050224,11.165012066101557,11.695840923155941,301877820
2008-03-04,11.028335571289062,11.245627053209398,10.809554308863014,11.185847719833315,544323132
2008-03-05,11.105230331420898,11.26571919095048,11.013450974614107,11.044457501301643,297166536
2008-03-06,10.733154296875,11.244139531172076,10.695450374159632,11.104982128402888,298505196
2008-03-07,10.749279022216797,10.914232515941379,10.572914906012274,10.638400025082593,322549128
2008-03-10,10.25987434387207,10.690986189985368,10.245486996761711,10.637158416890417,319184496
2008-03-11,10.91026496887207,10.917954922366874,10.533476153474215,10.548607448568417,352722924
2008-03-12,10.918696403503418,11.109694559420143,10.866357471462175,10.914478510229902,265809924
2008-03-13,10.98889446258545,11.087371216600015,10.635918596204945,10.732410236724748,308754936
2008-03-14,10.862637519836426,11.145912296376686,10.681560176601982,10.988151531227203,262713024
2008-03-17,10.41490650177002,10.758209226283189,10.222418535530513,10.616322753123224,315212472
2008-03-18,10.89339542388916,10.935067682777406,10.555302235567542,10.640879533388814,289198512
2008-03-19,10.715791702270508,11.100270397722905,10.707606417133137,10.941765692645662,246912840
2008-03-20,10.754239082336426,10.807569629810342,10.3561179480115,10.599703666229786,396139464
2008-03-24,11.424223899841309,11.55370528758972,10.85767535821715,10.875287095652014,270269460
2008-03-25,11.181631088256836,11.347577138504512,11.06306308436868,11.34732947194134,233030736
2008-03-26,11.365435600280762,11.481523147723674,11.144670181613005,11.22652680981742,208818972
2008-03-27,11.015438079833984,11.127804028654452,10.926387765263462,11.06306379581942,233054712
2008-03-28,10.866605758666992,11.250836762930735,10.773090843449069,11.099277129344303,174872952
2008-03-31,10.925890922546387,10.98095797656831,10.716039826919458,10.806082693740695,177678144
2008-04-01,11.551969528198242,11.571566380338272,11.084642598333678,11.106223618755116,243480276
2008-04-02,11.551722526550293,11.800765436905504,11.420007397484817,11.655904128765306,239720040
2008-04-03,11.289283752441406,11.4919420989908,11.115896377083837,11.453245619846328,270864864
2008-04-04,11.68542194366455,11.852609165459343,11.316074522998123,11.336167654893828,235652112
2008-04-07,11.827556610107422,12.041376070070667,11.74594763012764,11.83276611630059,237502260
2008-04-08,11.604060173034668,11.76107603119088,11.460191437779526,11.733791119239736,181698120
2008-04-09,11.514266014099121,11.70799418402656,11.349312536728485,11.636803288128222,241682076
2008-04-10,11.635563850402832,11.754131850766472,11.456223014645918,11.533367365612005,202693104
2008-04-11,11.34708023071289,11.590418287286093,11.286556008725514,11.511289770033695,166621212
2008-04-14,11.203459739685059,11.347080822965031,11.166003480650579,11.339887149149858,153550296
2008-04-15,11.08389949798584,11.40338937261743,11.00650747619176,11.363948944073568,182920896
2008-04-16,11.287054061889648,11.367669536406787,10.939038076478997,11.023376112160385,304922772
2008-04-17,11.150873184204102,11.394706587715255,11.075961611085614,11.301935608550764,533585880
2008-04-18,13.380104064941406,13.585738198297996,13.01695778699686,13.275923414300225,728694576
2008-04-21,13.339920043945312,13.458984323005117,13.153882757802753,13.379608136965247,297290412
2008-04-22,13.766817092895508,13.911430742152767,13.334215423306123,13.33446498046871,317222460
2008-04-23,13.555724143981934,13.87372515628355,13.418303240123977,13.839741902787784,196663140
2008-04-24,13.470146179199219,13.75416392399047,13.395234614334356,13.674787744429068,165238596
2008-04-25,13.495448112487793,13.71720515644299,13.462457414489846,13.618480729007185,166409424
2008-04-28,13.695378303527832,13.811713532321141,13.369934972210977,13.540594257040736,160183656
2008-04-29,13.852890014648438,13.975178690181005,13.643038919201967,13.66337971755787,173666160
2008-04-30,14.245305061340332,14.507494128444785,13.852888766232944,13.945658792720124,315803880
2008-05-01,14.71139144897461,14.757280655529964,14.311782434196887,14.345020796147642,263847888
2008-05-02,14.418939590454102,14.943814929606118,14.36957738133972,14.845586789739349,279672048
2008-05-05,14.756537437438965,14.85823858707006,14.56380181512136,14.854765583605472,250988760
2008-05-06,14.544702529907227,14.684602939781742,14.461358007127599,14.65979847242695,184986828
2008-05-07,14.362135887145996,14.87039207355001,14.298387273777015,14.641689976493977,264255480
2008-05-08,14.461605072021484,14.6176283791854,14.359903924221419,14.540733588292483,204711084
2008-05-09,14.218268394470215,14.510968687743546,14.171138958603633,14.362137148942294,179216604
2008-05-12,14.509477615356445,14.554374263998808,14.111852779163634,14.256714068166664,194361444
2008-05-13,14.461359977722168,14.584143998444109,14.350976301782971,14.54147917442945,206333460
2008-05-14,14.29516315460205,14.664511499521032,14.269118464234406,14.547926723373296,174856968
2008-05-15,14.411746978759766,14.460115686247466,14.278047696377458,14.362135212126773,173534292
2008-05-16,14.388679504394531,14.5030315117546,14.345270737510331,14.422414150064192,170793036
2008-05-19,14.325425148010254,14.607212029808888,14.226205386902727,14.350974505903723,223955820
2008-05-20,14.352214813232422,14.44845974031318,14.211074177594245,14.253738996519383,132411456
2008-05-21,13.642542839050293,14.421918339236546,13.590452509573005,14.35023115610907,258465276
2008-05-22,13.62939453125,13.747218583031188,13.400940101091303,13.691159921551764,202848948
2008-05-23,13.50933837890625,13.717204341541937,13.340415616977724,13.567382152798086,177082740
2008-05-27,13.913165092468262,13.955332684086034,13.490238554794162,13.517772078849283,154465380
2008-05-28,14.095233917236328,14.175851271263113,13.918126807983647,14.087793522391578,161853984
2008-05-29,14.461359977722168,14.532798554964598,14.21826954747478,14.257709979352379,193606200
2008-05-30,14.530811309814453,14.633007787247326,14.419187433972187,14.473014258420973,128878992
2008-06-02,14.262916564941406,14.483434329107121,14.170394200387017,14.448954796151256,146821032
2008-06-03,14.071918487548828,14.3993450206174,13.905971495532288,14.30012431482232,172039788
2008-06-04,14.19395923614502,14.33733170240611,14.003704058492849,14.0230513537191,134393472
2008-06-05,14.543213844299316,14.586375886641955,14.29293166153687,14.314510792123766,156511332
2008-06-06,14.064476013183594,14.404801999123007,14.064476013183594,14.380740531640182,189190620
2008-06-09,13.838006019592285,14.138891585320545,13.528687502042429,14.09077053998593,211320468
2008-06-10,13.746227264404297,13.861569926700023,13.562917148440057,13.631876213614646,146149704
2008-06-11,13.523724555969238,13.82485679726083,13.50536792929407,13.797571887000156,152363484
2008-06-12,13.71596622467041,13.841231624543736,13.565399132965897,13.612032289261796,219444336
2008-06-13,14.176345825195312,14.280279750722192,13.924079492898919,13.92779921747075,247128624
2008-06-16,14.20859432220459,14.36461763462209,14.052073786093295,14.052073786093295,141570288
2008-06-17,14.125497817993164,14.33906959346487,14.098709180061872,14.296404771686017,138377484
2008-06-18,13.949877738952637,14.113838675057732,13.87000527255771,14.002712011888848,135112752
2008-06-19,13.895801544189453,13.984604181403451,13.6628815530297,13.7754970453464,227096676
2008-06-20,13.554235458374023,13.815929200191052,13.506609747761626,13.815929200191052,239084676
2008-06-23,13.523974418640137,13.720926998354626,13.44484589733359,13.527695088825334,145290564
2008-06-24,13.451789855957031,13.67230760738289,13.273193920547264,13.52223680771998,186717096
2008-06-25,13.667595863342285,13.83627003070223,13.485774571413069,13.518021325830059,164723112
2008-06-26,13.11741828918457,13.517027309298518,13.10352722111709,13.496438846385301,226153620
2008-06-27,13.098814010620117,13.146687386059119,12.77684372454425,13.089139890798563,217682100
2008-06-30,13.057886123657227,13.34512827627027,12.974541603008037,13.207956928486448,150461388
2008-07-01,13.264015197753906,13.313376459665813,12.824220892711022,12.888219057212918,198197604
2008-07-02,13.073265075683594,13.404164602030669,13.048956887367595,13.308169236225577,168751080
2008-07-03,13.320323944091797,13.37563866167151,13.084675836111478,13.168516636000355,95923980
2008-07-07,13.49172592163086,13.617984815065048,13.285596457221013,13.451790163496948,170037792
2008-07-08,13.755156517028809,13.771528977766122,13.394739291850973,13.543321263626478,197098704
2008-07-09,13.433187484741211,13.783682931532962,13.412847632190863,13.661641925646446,165993840
2008-07-10,13.4088773727417,13.630386735609898,13.164547712219344,13.518764748633457,173094732
2008-07-11,13.240948677062988,13.382337929769168,12.88449976528845,13.307922633112469,199056744
2008-07-14,12.938821792602539,13.396226933322467,12.785774263357998,13.36993363153477,176815008
2008-07-15,12.801650047302246,13.08467620770287,12.429822191096612,12.806363274277516,242597160
2008-07-16,13.285595893859863,13.307920857995892,12.665469134632978,12.750798764248556,189498312
2008-07-17,13.232017517089844,13.321564100163636,13.010260478908675,13.249876922277412,351144504
2008-07-18,11.939178466796875,12.377236358713265,11.861538776594314,12.36160878686725,451244304
2008-07-21,11.628618240356445,12.007886467470998,11.551721559571716,11.928262618824345,235823940
2008-07-22,11.834748268127441,11.912635618814612,11.549242610736874,11.577023803155653,187472340
2008-07-23,12.135138511657715,12.333827603980932,11.859306007501695,11.94637215232647,195568236
2008-07-24,11.797788619995117,12.32489679872617,11.797788619995117,12.320679850110606,141494364
2008-07-25,12.203601837158203,12.232127923332103,11.943644560093066,12.067421135750367,127212660
2008-07-28,11.834997177124023,12.206328758407171,11.785634017284183,12.206328758407171,126273600
2008-07-29,11.983577728271484,12.086519093723298,11.856823509284775,11.889070259022217,111999888
2008-07-30,11.973410606384277,12.055763525717332,11.728087405036309,12.042864067077783,139488372
2008-07-31,11.75140380859375,11.928510919959093,11.694103976388273,11.771495994378483,114489396
2008-08-01,11.605300903320312,11.738256246778857,11.472345559861768,11.72064545368513,120195684
2008-08-04,11.484748840332031,11.733046845774789,11.457462981654517,11.611750734842383,99380520
2008-08-05,11.902713775634766,11.908419559317336,11.56734962811709,11.59860382392505,143236620
2008-08-06,12.063700675964355,12.148781705548268,11.720646553590724,11.866003198644762,134896968
2008-08-07,11.88460636138916,12.005654804504733,11.817383799538083,11.956044926303752,110841048
2008-08-08,12.27876091003418,12.297115650644598,11.79952607214661,11.910157411313296,149422428
2008-08-11,12.423372268676758,12.62280432979178,12.198637573209323,12.215753032453346,169402428
2008-08-12,12.467278480529785,12.554592286606672,12.352926481210538,12.452147188034925,110117772
2008-08-13,12.403281211853027,12.490347357721491,12.250729942972372,12.442226308684196,144874980
2008-08-14,12.538716316223145,12.591302919102306,12.310509554629224,12.345484419269276,116627256
2008-08-15,12.65430736541748,12.666957264885632,12.538963763324794,12.57592279556256,141686172
2008-08-18,12.360367774963379,12.65058760872983,12.291161986828964,12.646618326731545,133222644
2008-08-19,12.166886329650879,12.359869595639523,12.070890974991542,12.165149828124461,121738140
2008-08-20,12.030461311340332,12.32043254574941,11.970184750843467,12.271565662743287,159124716
2008-08-21,12.068410873413086,12.152004950386267,11.888327043715094,11.978865236952128,140423436
2008-08-22,12.169119834899902,12.275533259768862,12.141586311233644,12.191692465504724,91796112
2008-08-25,11.981097221374512,12.328120597512232,11.943642854638577,12.057993904299858,80491428
2008-08-26,11.761573791503906,11.99226196592949,11.673020704481587,11.99226196592949,132195672
2008-08-27,11.623160362243652,11.778193005010833,11.530390333716909,11.750907146448748,175308516
2008-08-28,11.75214672088623,11.818376728045447,11.666569418342466,11.720148580036717,121066812
2008-08-29,11.491941452026367,11.683435887592493,11.468128599005807,11.652181695245273,153774072
2008-09-02,11.540559768676758,11.960510542151466,11.44555601489626,11.826314029664742,244215540
2008-09-03,11.51972484588623,11.76479848397391,11.399916612980238,11.626883177632797,172411416
2008-09-04,11.168733596801758,11.490703939526854,11.147401185190981,11.410335187138488,193746060
2008-09-05,11.0196533203125,11.223303295273892,10.916216609594697,11.050412183897363,181190628
2008-09-08,10.416891098022461,11.235210764131702,10.3573584815073,11.21239046346651,360355284
2008-09-09,10.384892463684082,10.725217515558999,10.294104707880473,10.496763071965646,288894816
2008-09-10,10.27326774597168,10.529257586066413,10.162141091656373,10.529008028939383,248822928
2008-09-11,10.759201049804688,10.792439415855812,10.080286484987175,10.129152422494904,258597144
2008-09-12,10.85618782043457,10.963594759497994,10.641376778184412,10.671390751783091,240878880
2008-09-15,10.76192855834961,10.963098081087146,10.51015659908752,10.5173512179885,262433304
2008-09-16,10.98691177368164,11.144423933653963,10.554311056195662,10.565970291024735,279348372
2008-09-17,10.281455993652344,10.892899377412588,10.25540941109413,10.87652880628886,364710924
2008-09-18,10.891412734985352,10.89389223661656,10.18248323275959,10.483617429725346,343232424
2008-09-19,11.14119815826416,11.461678665381765,10.9955919724835,11.435138642971127,399839760
2008-09-22,10.66965389251709,11.264728565536291,10.64137642169246,11.264728565536291,176115708
2008-09-23,10.64807415008545,10.93382939894264,10.560017335350096,10.746798588561191,207959832
2008-09-24,10.792937278747559,11.038258592383345,10.668911147195459,10.67461598625461,169510320
2008-09-25,10.90431022644043,11.162282354067198,10.814515031287876,10.885458264412813,200611188
2008-09-26,10.69197940826416,10.843786726098458,10.443680439017573,10.616571555130601,211488300
2008-09-29,9.45073413848877,10.505196298746325,9.443539519181597,10.405976533706312,430085484
2008-09-30,9.934928894042969,10.544142392749832,9.731527505683752,9.822313381876487,123328548
2008-10-01,10.212742805480957,10.343217690277866,9.998924353762677,10.198604071822752,249142608
2008-10-02,9.686132431030273,10.169583185087266,9.574758112271118,10.164869958526978,239156604
2008-10-03,9.597331047058105,10.232092904411799,9.502079618469507,9.856296695664083,319396284
2008-10-06,9.207892417907715,9.326459480399855,8.859380178045107,9.276601930893577,448375176
2008-10-07,8.582803726196289,9.301407336938945,8.56692848804749,9.260479018126956,441733824
2008-10-08,8.386844635009766,8.904775046558823,8.089183413754512,8.189644359515867,472582944
2008-10-09,8.160371780395508,8.646302948567982,7.979046801409495,8.545842979447302,322677000
2008-10-10,8.235284805297852,8.48060801958422,7.6970150211040265,7.767957793547762,423488088
2008-10-13,9.451228141784668,9.47429610529133,8.576352726093033,8.825396551097109,355863780
2008-10-14,8.997048377990723,9.785600746907146,8.85541146400094,9.761540224116711,311080608
2008-10-15,8.413137435913086,8.905022177422307,8.40470353796757,8.797119896679554,268587144
2008-10-16,8.75668716430664,8.843008414924578,7.67568216408322,8.254135784021289,648938412
2008-10-17,9.240880966186523,9.574758147747257,9.017883716011774,9.400129605460672,569398032
2008-10-20,9.409059524536133,9.450236452890268,8.919656228255107,9.419726201752571,269865864
2008-10-21,8.998040199279785,9.51969021347492,8.979435904684658,9.237160353565061,231048720
2008-10-22,8.822421073913574,9.170188420818132,8.532946118877915,8.855164106858064,262137600
2008-10-23,8.739323616027832,8.880215635043141,8.383866340969748,8.77231336799444,258896844
2008-10-24,8.416112899780273,8.693434207029176,8.055199406527912,8.098111889574536,294065640
2008-10-27,8.17302417755127,8.5081416612365,8.076532515027424,8.304987935731365,247779972
2008-10-28,9.146870613098145,9.16076168227623,8.148714815906505,8.410159957042815,323891784
2008-10-29,8.880216598510742,9.20268226600407,8.740563842398295,9.073448521485838,389873736
2008-10-30,8.922136306762695,9.22748647209445,8.88939327679334,9.139677337707838,319236444
2008-10-31,8.913951873779297,9.22649479705353,8.787693913856836,8.83457568320026,296635068
2008-11-03,8.594712257385254,9.003995523123068,8.469198218403026,8.869799918414493,237941820
2008-11-04,9.101975440979004,9.236418703615085,8.570153951222993,8.76710656269145,293702004
2008-11-05,8.489287376403809,9.150093817275733,8.46621846805242,8.983156178120392,277582140
2008-11-06,8.215936660766602,8.543363207829907,8.081741082914208,8.432981432243313,342649008
2008-11-07,8.21395206451416,8.462250075301396,8.069833761460073,8.263065665898651,187064748
2008-11-10,7.907360553741455,8.171782407978396,7.676425202231894,8.136063597774815,322880796
2008-11-11,7.725788116455078,7.845844487669798,7.454421648580579,7.657078603027497,405458136
2008-11-12,7.218276023864746,7.75133718159674,7.1379077513613565,7.492372485393532,401641956
2008-11-13,7.741168022155762,7.763988322678283,6.9454209951122445,7.23737687378884,528858612
2008-11-14,7.69006872177124,8.061401259151726,7.5050235100890115,7.5221389715610005,380303316
2008-11-17,7.4444990158081055,7.693541921783515,7.390671241170375,7.51593758442404,301450248
2008-11-18,7.377524375915527,7.534044428487502,7.078127199405096,7.480465270687549,333510156
2008-11-19,6.949885368347168,7.446234179679409,6.910196331472219,7.3271699049310595,313070616
2008-11-20,6.4384050369262695,7.018348977509625,6.425506522940279,6.818667314089134,390784824
2008-11-21,6.5095953941345215,6.681743040250216,6.134295461067219,6.511579562588272,409370220
2008-11-24,6.385817527770996,6.696130018769692,6.176710856417909,6.679013612762732,401785812
2008-11-25,6.996270179748535,7.110622169739875,6.6308920812165635,6.664626721762326,430417152
2008-11-26,7.245314121246338,7.328907257072734,6.851161298291521,6.952365700721412,254009736
2008-11-28,7.26689338684082,7.353464189119762,7.150805836533794,7.207858000200311,102517380
2008-12-01,6.597900390625,7.128481520451419,6.597652724086584,7.11111744929048,228219552
2008-12-02,6.824123859405518,6.890352448043092,6.513316041768357,6.690672234748471,233354412
2008-12-03,6.931281089782715,6.979154463079324,6.58177729501278,6.693648361663792,235955808
2008-12-04,6.805023193359375,7.03198973523845,6.666859289014365,6.859346298798583,195268536
2008-12-05,7.0443925857543945,7.0505937025517325,6.549035370772155,6.7226704222664,260587152
2008-12-08,7.493859767913818,7.675681513954261,6.995030045390972,7.193222833539723,325446228
2008-12-09,7.589608192443848,7.888013302086551,7.367354875713812,7.384222196768409,275320404
2008-12-10,7.660302639007568,7.81111739551407,7.553392452261713,7.670721177200008,209270520
2008-12-11,7.4469780921936035,7.761010745432525,7.386949680503589,7.544958563829865,246920832
2008-12-12,7.832449913024902,7.850061651538406,7.292690916943382,7.335107594776491,228655116
2008-12-15,7.706192970275879,7.900167883330561,7.568275777670749,7.789041218115078,269246484
2008-12-16,8.068593978881836,8.173271861321286,7.721075716887939,7.801692130431874,282101616
2008-12-17,7.81955099105835,7.990457454442388,7.749600314837962,7.903888541651852,231356412
2008-12-18,7.696518421173096,7.9463052801336005,7.66749605863632,7.855766606749826,190349460
2008-12-19,7.693789482116699,7.882804439201994,7.66476759355756,7.714130279732958,224279496
2008-12-22,7.369835376739502,7.6771702109583595,7.2090988278624195,7.653854104968983,156547296
2008-12-23,7.392407417297363,7.523625778816579,7.358919971526997,7.452187217915423,150956892
2008-12-24,7.5146965980529785,7.598786014431448,7.401338098090193,7.478234313178901,76783140
2008-12-26,7.4504523277282715,7.57199658062398,7.399601279222714,7.542477941153352,78285636
2008-12-29,7.377524375915527,7.475752044138668,7.232662611154894,7.446978297062579,147927924
2008-12-30,7.518664836883545,7.610444198657523,7.409522821234507,7.461365952188469,153586260
2008-12-31,7.631280422210693,7.714377749097348,7.506263168377617,7.545703593939912,115356528
2009-01-02,7.970366954803467,7.982769189391319,7.577950137816531,7.654846355491891,144275580
2009-01-05,8.137304306030273,8.216432828305692,7.813598433616718,7.9624290240158535,195364440
2009-01-06,8.286382675170898,8.453568933349684,8.096127507647001,8.259593095969109,256750992
2009-01-07,7.987481594085693,8.20824704489511,7.906617983508943,8.144002145333744,179600220
2009-01-08,8.066360473632812,8.066360473632812,7.8716402363121345,7.894957282733775,143883972
2009-01-09,7.815335750579834,8.123662695805958,7.773911150006211,8.123662695805958,173446380
2009-01-12,7.756298542022705,7.911578387531773,7.6952785108698,7.846093268547436,132039828
2009-01-13,7.796730995178223,7.952506172643157,7.699247262416564,7.733477711615829,177122700
2009-01-14,7.465583324432373,7.783832020447195,7.385710385611163,7.689573151967593,218497284
2009-01-15,7.416468620300293,7.53032386675956,7.113847029004214,7.381246087612468,237142620
2009-01-16,7.433335304260254,7.646163098521633,7.3348594977036825,7.566042501696881,208767024
2009-01-20,7.01363468170166,7.429119433483919,7.01363468170166,7.420189730749499,201726072
2009-01-21,7.5179219245910645,7.528339517037143,7.1525428655447,7.1525428655447,196783020
2009-01-22,7.602754592895508,7.673448743458697,7.321217268729928,7.392903503467402,330349320
2009-01-23,8.054206848144531,8.234291622268401,7.546198804688137,7.6714641956870215,428882688
2009-01-26,8.03361988067627,8.13606499263981,7.951515569266658,8.057929018469968,184243572
2009-01-27,8.22238540649414,8.281670354731835,8.043541786096117,8.097616283496926,196894908
2009-01-28,8.648783683776855,8.73957048220848,8.342193316303359,8.383617906643636,307348344
2009-01-29,8.516077995300293,8.558990480610674,8.436453196305902,8.546339634921432,291060648
2009-01-30,8.397261619567871,8.652010315920306,8.334504613043961,8.550061493124401,186693120
2009-02-02,8.447863578796387,8.557750014292498,8.23528343605021,8.292087934113217,208067724
2009-02-03,8.444886207580566,8.508139484099424,8.280676678574379,8.497472807884598,261997740
2009-02-04,8.508140563964844,8.791910675571293,8.413136803861606,8.435460825260167,272423304
2009-02-05,8.77405071258545,8.815225749101787,8.359308497691279,8.45629736533096,290285424
2009-02-06,9.209628105163574,9.272385113698101,8.816715482418939,8.842016230034156,281242476
2009-02-09,9.395419120788574,9.450734791143596,9.110905040035039,9.209628533462034,198892908
2009-02-10,8.892865180969238,9.3639136608818,8.87748622465751,9.326209742297399,283863852
2009-02-11,8.881209373474121,9.053852834663655,8.756191629489127,8.903782008564574,209054736
2009-02-12,9.00547981262207,9.019619491216508,8.718486308122332,8.760158563180307,221789988
2009-02-13,8.87227725982666,9.003992371075043,8.811505375724353,8.98414879921865,165702132
2009-02-17,8.49970531463623,8.609591738192615,8.426033976096695,8.595204392679408,226988784
2009-02-18,8.758920669555664,8.765617120271227,8.446624449496323,8.613314459353766,240739020
2009-02-19,8.499211311340332,8.924865059700744,8.468700113982576,8.867069892663746,199348452
2009-02-20,8.593717575073242,8.654986689119044,8.309698861353493,8.385355322707435,248435316
2009-02-23,8.187164306640625,8.67681632076428,8.174513458352015,8.607362851713319,208635156
2009-02-24,8.5689115524292,8.672349198932295,8.207750403724049,8.21097479519413,243592164
2009-02-25,8.474406242370605,8.738827177297354,8.406935061308802,8.487056143527424,257306436
2009-02-26,8.363773345947266,8.743538772782312,8.363277067598148,8.581562027258766,223999776
2009-02-27,8.383865356445312,8.528478973811124,8.213206106562945,8.258847643774748,216583200
2009-03-02,8.115227699279785,8.451088128804166,8.086453949879866,8.268275233580978,231308460
2009-03-03,8.073554992675781,8.277204952726626,7.995915312358396,8.187409760627117,260731008
2009-03-04,7.910833835601807,8.160869296994955,7.823023751597162,8.016007046926319,312423264
2009-03-05,7.581422805786133,7.9148023037651605,7.507007515610078,7.850309272847419,260934804
2009-03-06,7.654101848602295,7.694286695195347,7.2988936301042475,7.620614870313194,289078632
2009-03-09,7.215548515319824,7.604491845168645,7.179828284633301,7.44102623850777,258593148
2009-03-10,7.644179344177246,7.701974507496689,7.298892945614745,7.398113175086728,268938792
2009-03-11,7.885781764984131,7.937623956555697,7.583159204706044,7.692053566220818,236707056
2009-03-12,8.025185585021973,8.061649289906851,7.780111941185732,7.876603124572896,200763036
2009-03-13,8.047260284423828,8.122668116785535,7.91356102170329,8.088932536364778,156099744
2009-03-16,7.929933071136475,8.1789769086405,7.902648158130875,8.08620593572027,197674128
2009-03-17,8.318135261535645,8.318135261535645,7.915052193073443,7.942090390979277,188311500
2009-03-18,8.26257038116455,8.433724987345578,8.137304039660714,8.30498658758203,200287512
2009-03-19,8.184185981750488,8.334504460424318,8.120685031396484,8.227346134055823,164283552
2009-03-20,8.189642906188965,8.259841249818987,8.094887761939226,8.193115909710285,189326484
2009-03-23,8.647048950195312,8.668132747166148,8.26083281135114,8.273979935107883,170689140
2009-03-24,8.611577033996582,8.777026802604341,8.532945737597036,8.594957851697522,152647200
2009-03-25,8.534680366516113,8.715012796038808,8.340705481338297,8.69169716627623,173278548
2009-03-26,8.763382911682129,8.908989082448493,8.644566317691643,8.759413630352492,239891868
2009-03-27,8.624722480773926,8.731384506258298,8.569406827428164,8.68177369027504,132779088
2009-03-30,8.500450134277344,8.528232271474947,8.335745260548228,8.496977130804598,123640236
2009-03-31,8.633654594421387,8.768842742479467,8.587021432728653,8.655235618532412,146065788
2009-04-01,8.783227920532227,8.811754003479644,8.448856324998907,8.527487621407829,131915952
2009-04-02,8.991839408874512,9.171923239708665,8.937763970080628,9.011930648733356,179340480
2009-04-03,9.172419548034668,9.220541536875928,8.880215556821945,9.041449316947459,151440408
2009-04-06,9.134221076965332,9.173413843332787,8.964554333176494,9.103463154289463,131080788
2009-04-07,8.896339416503906,9.022845032797129,8.813490228863122,8.994318950744324,147056796
2009-04-08,8.979436874389648,9.053852170222111,8.835814842975184,9.01664452230588,110497392
2009-04-09,9.239889144897461,9.285778350477232,9.084856512059675,9.165473859252169,135168696
2009-04-13,9.379045486450195,9.403603232415714,9.185318249049702,9.210868551821248,121881996
2009-04-14,9.150839805603027,9.351264441370239,9.068734560023128,9.35002421798927,137006856
2009-04-15,9.41352653503418,9.452222077316913,9.03301706073074,9.10594447482695,197030772
2009-04-16,9.642723083496094,9.745912121528802,9.45122863256992,9.46313458738915,406996596
2009-04-17,9.729541778564453,9.917564175750204,9.545240051427184,9.575254023660245,428802768
2009-04-20,9.408564567565918,9.690101900874742,9.323979817877424,9.578478957228493,176978844
2009-04-21,9.46239185333252,9.532590203786903,9.329188826720598,9.330925328650073,147668184
2009-04-22,9.521675109863281,9.673978700423515,9.401370605960372,9.469336170687404,139931928
2009-04-23,9.54226303100586,9.66777703314196,9.45346039511234,9.612212760103052,104255640
2009-04-24,9.66132926940918,9.752860037083334,9.438331968146779,9.575999619551592,135280584
2009-04-27,9.573517799377441,9.661327883767807,9.494141612124942,9.53358203919099,91532376
2009-04-28,9.517953872680664,9.650412935949936,9.464127046770379,9.518945484151633,117626256
2009-04-29,9.710441589355469,9.797259109392568,9.570540244323231,9.574013247618199,144255600
2009-04-30,9.822064399719238,10.015048640659563,9.79304298352105,9.816855839631552,174053772
2009-05-01,9.765508651733398,9.862248903429343,9.712425771951636,9.798747959039357,97010892
2009-05-04,9.971144676208496,9.981562742802003,9.79279637531049,9.876637186523437,127991880
2009-05-05,9.996196746826172,10.04605429430242,9.853814942302963,9.921533786246302,95935968
2009-05-06,10.008101463317871,10.12741434177181,9.946833301058023,10.090454365899348,105210684
2009-05-07,9.83794116973877,10.045808123646319,9.735992334093101,10.023731765889929,119872008
2009-05-08,10.103850364685059,10.173304764858596,9.798003904536605,9.992723702524284,154449396
2009-05-11,10.119973182678223,10.21968921235498,9.951794371337952,9.99148246092225,102269628
2009-05-12,9.897472381591797,10.194637281157439,9.800733065922495,10.170329091604817,151480368
2009-05-13,9.662568092346191,9.83248342235197,9.633049452408887,9.775431256124794,113598288
2009-05-14,9.611966133117676,9.72879858471175,9.542264063027375,9.644212887986267,117362520
2009-05-15,9.67397689819336,9.775925698937288,9.651404269676041,9.701261807507983,120227652
2009-05-18,9.843645095825195,9.855303384289796,9.559875000223647,9.791306158364074,133933932
2009-05-19,9.894248008728027,9.96270985292497,9.748394144672366,9.825288940820055,113386500
2009-05-20,9.852078437805176,10.062674419336622,9.798003941757322,9.97387177777786,91268640
2009-05-21,9.835211753845215,9.992476241652046,9.769230355909839,9.830249914908785,108683208
2009-05-22,9.760795593261719,9.888541429151244,9.723587948936633,9.839179218358542,68675256
2009-05-26,10.030179023742676,10.04605426120656,9.673978737631334,9.722349340288652,124055820
2009-05-27,10.059945106506348,10.21621703089564,10.041340810830759,10.061929274822138,121250628
2009-05-28,10.180002212524414,10.210264797637306,10.036380184457256,10.137337393492578,106645248
2009-05-29,10.349419593811035,10.349419593811035,10.187442838084106,10.222417702456887,105822072
2009-06-01,10.580853462219238,10.656260375191344,10.38166902870106,10.386629922751249,132763104
2009-06-02,10.626495361328125,10.665190903371077,10.502470170106397,10.573163857945218,104839056
2009-06-03,10.707109451293945,10.727201637433762,10.517351491016052,10.566961372023048,141170688
2009-06-04,10.921177864074707,10.94499072120529,10.777804442858692,10.797648017821386,145378476
2009-06-05,11.021389961242676,11.096302480132074,10.900836842754321,11.039994257682489,147084768
2009-06-08,10.883721351623535,10.937051898760075,10.76837774896736,10.901828422726226,123824052
2009-06-09,10.805584907531738,10.926635244036568,10.70983815233166,10.879008587697756,130065804
2009-06-10,10.730673789978027,10.861892628529908,10.58357971513963,10.820716647977068,134221644
2009-06-11,10.641377449035645,10.758705237450776,10.625749876902038,10.710086964406036,114493392
2009-06-12,10.538187980651855,10.609130273605057,10.448145112447984,10.5882941417791,116619264
2009-06-15,10.33800983428955,10.455337604804177,10.26929938410991,10.455337604804177,149326524
2009-06-16,10.318909645080566,10.445168540482904,10.304523243383068,10.40101488801635,121866012
2009-06-17,10.298072814941406,10.411184579007623,10.208774849871965,10.323622170263922,139464396
2009-06-18,10.270790100097656,10.385637445054147,10.244495848963364,10.3109735312692,123284592
2009-06-19,10.420364379882812,10.429542222767147,10.283688348234433,10.373731220425618,170193636
2009-06-22,10.104347229003906,10.355870596042214,9.968911424399852,10.34247580458501,164811024
2009-06-23,10.062921524047852,10.145026765656684,9.985281842628298,10.086982045533393,115868016
2009-06-24,10.152467727661133,10.225395131711792,10.084750774317262,10.138826215660108,98213688
2009-06-25,10.31320571899414,10.31643011061204,10.08351011804369,10.095664684863674,121658220
2009-06-26,10.550093650817871,10.622275213491331,10.247222993802799,10.26136172837118,130137732
2009-06-29,10.52082347869873,10.611610288206952,10.47369499008614,10.566961301071231,86685228
2009-06-30,10.457569122314453,10.596974186658079,10.373976940424162,10.517350341074193,103652244
2009-07-01,10.393078804016113,10.576885223930105,10.372242670693696,10.522313498283468,92339568
2009-07-02,10.132622718811035,10.304274527244424,10.09095046256343,10.304274527244424,100603296
2009-07-06,10.160406112670898,10.185954525002334,9.96320587062784,10.083262706686373,90413496
2009-07-07,9.838436126708984,10.149987401251142,9.822311333361228,10.12642221345854,130241628
2009-07-08,9.983794212341309,10.070860357741477,9.873907766022564,9.922029760093313,137510352
2009-07-09,10.179753303527832,10.280462843061992,10.065898530773957,10.07383614930883,130892976
2009-07-10,10.27922248840332,10.352894786500444,10.137834178781516,10.159662867804032,116946936
2009-07-13,10.524791717529297,10.530248888938832,10.298569133799411,10.323126877788374,161666172
2009-07-14,10.534465789794922,10.585068222050653,10.439709708098066,10.510155712450569,115716168
2009-07-15,10.868839263916016,10.88149011052731,10.628726516633016,10.657747934985656,150928920
2009-07-16,10.97872543334961,11.056862346122605,10.7678827216128,10.8318799527872,261917820
2009-07-17,10.672384262084961,10.802114288752724,10.584325556520644,10.740598446089384,273889836
2009-07-20,10.670397758483887,10.73687543184821,10.573162167793885,10.663205030199078,126013860
2009-07-21,10.614090919494629,10.713310682567274,10.560016422754785,10.689497825994772,118609272
2009-07-22,10.60888385772705,10.671144593974793,10.504949907622244,10.616572865814005,103364532
2009-07-23,10.848250389099121,10.94424670731209,10.554558486337298,10.633439343135779,138988872
2009-07-24,11.080924034118652,11.17443991646544,10.790208822480578,10.810300066247748,144930924
2009-07-27,11.033296585083008,11.081666242144028,10.854948303942034,11.06405450299134,100075824
2009-07-28,10.910512924194336,10.983935669357761,10.817493323922466,10.93903806527544,101198700
2009-07-29,10.820964813232422,10.85966129427183,10.713062545761119,10.845522559004426,79400520
2009-07-30,11.054131507873535,11.198745130134293,10.978972277813131,10.978972277813131,127816056
2009-07-31,10.989888191223145,11.229257948996713,10.974510175721155,11.16178865477253,114301584
2009-08-03,11.217103004455566,11.259022932850622,11.103742617203881,11.131028476878333,103508388
2009-08-04,11.254807472229004,11.261503923137992,11.123340940584791,11.146656576054895,95496408
2009-08-05,11.190559387207031,11.333684168535603,11.109694377308262,11.311111539260102,93586320
2009-08-06,11.171213150024414,11.283331426334126,11.125819271529311,11.268945023784887,84351564
2009-08-07,11.338398933410645,11.395946431694094,11.286059995124925,11.302927789063126,101622276
2009-08-10,11.326245307922363,11.370894297908633,11.256294624925433,11.289781603738204,69610320
2009-08-11,11.260015487670898,11.341623509536008,11.221319005722698,11.253317147063978,68431500
2009-08-12,11.375109672546387,11.45374096361534,11.28432286980597,11.296478381477433,93562344
2009-08-13,11.466891288757324,11.52741552073158,11.383297197484154,11.463665951329425,79728192
2009-08-14,11.410333633422852,11.489213539678536,11.333190228908332,11.479291752920076,66936996
2009-08-17,11.035527229309082,11.211643656541629,10.991623137382145,11.199489090625027,104703192
2009-08-18,11.045202255249023,11.10523114487028,10.971779520659126,11.040738585551662,93949956
2009-08-19,11.012706756591797,11.038256111261664,10.878511200589,10.91398328635142,90109800
2009-08-20,11.42050552368164,11.464409624880668,11.192794059846273,11.211893690909386,159796044
2009-08-21,11.540312767028809,11.561396564827911,11.476067871502428,11.547754107428492,142277580
2009-08-24,11.62688159942627,11.660616240092793,11.519970948766298,11.59264973509313,98037864
2009-08-25,11.692365646362305,11.766284649238806,11.626631927395769,11.636802324622623,93546360
2009-08-26,11.608776092529297,11.73280128422712,11.576529334723546,11.726847833030783,79432488
2009-08-27,11.560651779174805,11.623160168337307,11.428441327536328,11.623160168337307,79876044
2009-08-28,11.528156280517578,11.717171226223025,11.494173973171064,11.640027824795046,70793136
2009-08-31,11.451756477355957,11.456469703851848,11.360722010602286,11.405123326634879,78237684
2009-09-01,11.305159568786621,11.579504159038333,11.271921204767247,11.402396104719983,103692204
2009-09-02,11.236946105957031,11.368908893081683,11.226527095644082,11.306648169505909,72119808
2009-09-03,11.34881591796875,11.366924880343655,11.286307526988795,11.306648324210865,65782152
2009-09-04,11.44257926940918,11.474826966476686,11.305655589253405,11.350056907743111,59908032
2009-09-08,11.376103401184082,11.583720771893923,11.3071443322223,11.51674776192993,106161732
2009-09-09,11.508810043334961,11.565861265446195,11.380566972605743,11.38701764680068,87728184
2009-09-10,11.681699752807617,11.681699752807617,11.459942729333157,11.575286328394204,101282616
2009-09-11,11.711466789245605,11.74024053785471,11.599595241136496,11.668306638978038,76039884
2009-09-14,11.785386085510254,11.827059292185243,11.65962441110761,11.67103503326421,78948972
2009-09-15,11.845413208007812,11.879396460268145,11.725605937500806,11.78439365538871,95828076
2009-09-16,12.112068176269531,12.138857756145683,11.868731067881429,11.901473152502822,103308588
2009-09-17,12.197150230407715,12.33730020353503,12.083791730010075,12.168626036998006,179144676
2009-09-18,12.19070053100586,12.32762515671731,12.184995692752446,12.322415651561625,131208660
2009-09-21,12.328120231628418,12.375250607714886,12.060722604874288,12.09842558233445,84571344
2009-09-22,12.379220008850098,12.45189880216431,12.348214423616227,12.42535783214567,121526352
2009-09-23,12.364336967468262,12.576172224188285,12.345732671578096,12.421884466335268,108059832
2009-09-24,12.322415351867676,12.437511287961678,12.228899490225983,12.414193766540892,101002896
2009-09-25,12.216002464294434,12.400801429994692,12.204096508239543,12.260901010919216,81902016
2009-09-28,12.366074562072754,12.43974497130178,12.236343593661248,12.274542855048383,73498428
2009-09-29,12.366074562072754,12.396336204111515,12.229150864636386,12.39087903172874,83884032
2009-09-30,12.29959487915039,12.406008305348982,12.086023136550988,12.402536247337865,125542332
2009-10-01,12.085030555725098,12.314973812348828,12.08006966261156,12.22889929189411,112415472
2009-10-02,12.020042419433594,12.197646751553238,11.970927873232286,11.999206289030198,103927968
2009-10-05,12.11777400970459,12.214761931236053,11.989284226738677,12.096192989553098,85698216
2009-10-06,12.371281623840332,12.386909194064202,12.196654019331724,12.196654019331724,109182708
2009-10-07,12.837615966796875,12.873583386005278,12.3482127224407,12.377729468341572,194773032
2009-10-08,12.754271507263184,12.979253881174028,12.733435377106241,12.887970796847046,171979848
2009-10-09,12.805619239807129,12.93609414192142,12.762209531093609,12.815541026808068,109414476
2009-10-12,12.998849868774414,13.041514686138878,12.881770705512224,12.98347185554968,132755112
2009-10-13,13.050195693969727,13.083682665683165,12.932867932357068,13.00753088151202,121374504
2009-10-14,13.278651237487793,13.285100966318225,13.146688443302208,13.207709892106378,130205664
2009-10-15,13.144455909729004,13.317843290449646,13.078970794533321,13.239707330119877,243771984
2009-10-16,13.639069557189941,13.760615232312109,13.507106761676996,13.576561163091883,353322324
2009-10-19,13.694632530212402,13.732088788610053,13.611288006933481,13.709516156006643,128587284
2009-10-20,13.685454368591309,13.715965564433946,13.412102336983454,13.683470200295814,161586252
2009-10-21,13.670076370239258,13.874718908490888,13.617986040747484,13.640558674409295,146677176
2009-10-22,13.744242668151855,13.76681624647062,13.593180244230991,13.642791070752157,93366540
2009-10-23,13.734320640563965,13.838502240084184,13.67255619299474,13.773017122384832,95612292
2009-10-26,13.747217178344727,13.931518883056674,13.664864278316005,13.785417376270102,118697184
2009-10-27,13.600372314453125,13.755900280503933,13.49792722700477,13.666849982296016,128531340
2009-10-28,13.402182579040527,13.642792561673685,13.35133246885613,13.589956392308773,102609288
2009-10-29,13.668835639953613,13.688183881029786,13.419545067346304,13.469402614692436,100803096
2009-10-30,13.29849624633789,13.647007540843521,13.251862143436341,13.64279153737848,138601260
2009-11-02,13.245661735534668,13.381345202480118,13.103032261210476,13.322308866222007,127955916
2009-11-03,13.32751750946045,13.33272606936527,13.104520248620705,13.146936453972652,95112792
2009-11-04,13.402925491333008,13.531166665460471,13.305937567531736,13.41458377989005,93214692
2009-11-05,13.609304428100586,13.63708562196621,13.460721502033461,13.481309967186863,73834092
2009-11-06,13.670076370239258,13.686943219873987,13.531167564538194,13.586235564620642,72994932
2009-11-09,13.95310115814209,13.954837659834972,13.747715640550329,13.777977278380629,105890004
2009-11-10,14.05852222442627,14.108629326498644,13.940450505891924,13.958557577414485,89142768
2009-11-11,14.152783393859863,14.225710801227386,14.036199553993065,14.150798280111331,92695212
2009-11-12,14.085559844970703,14.21082618553847,14.027269347032561,14.127976996363417,75376548
2009-11-13,14.189742088317871,14.201151764875245,14.054801630276025,14.121279302512752,66605328
2009-11-16,14.29466724395752,14.312278983167856,14.2078497165808,14.262916769125425,87880032
2009-11-17,14.32468032836914,14.324927994897097,14.231164472347306,14.259690551790648,76591332
2009-11-18,14.30384635925293,14.356680632802938,14.190238302678452,14.30384635925293,61922016
2009-11-19,14.213058471679688,14.238110604571833,14.13889084860529,14.23240671166295,86633280
2009-11-20,14.137898445129395,14.178579093786224,14.124008321942142,14.126488768603592,80167752
2009-11-23,14.445234298706055,14.550656121867005,14.284249144720272,14.299876715539716,101798100
2009-11-24,14.46358871459961,14.493355018397324,14.301115684921434,14.44944998025103,64143792
2009-11-25,14.529324531555176,14.562066619686371,14.45366901053742,14.545943714839945,58389552
2009-11-27,14.380989074707031,14.44796208097471,14.162952704953451,14.18850111693381,55328616
2009-11-30,14.461359977722168,14.477978216880624,14.315257485807921,14.402571302437558,68934996
2009-12-01,14.631769180297852,14.66525521239907,14.461358513377597,14.588608082180485,92719188
2009-12-02,14.573227882385254,14.709656236018347,14.541229740908575,14.65979868872427,66461472
2009-12-03,14.529324531555176,14.67096145256593,14.51096884638234,14.61118116982156,57090852
2009-12-04,14.511216163635254,14.754802849401836,14.366602520767907,14.70990430384272,100443456
2009-12-07,14.541975021362305,14.602499247634062,14.411748726457406,14.491372582445077,65382552
2009-12-08,14.56181812286377,14.651364708588261,14.436552725706816,14.47376037236942,60899040
2009-12-09,14.610685348510742,14.618375301314993,14.475745818965077,14.572981420108734,71168760
2009-12-10,14.672200202941895,14.751824998179883,14.645162956335493,14.645906901272184,66665268
2009-12-11,14.64764404296875,14.752817254242803,14.578685921548377,14.751080752453207,68731200
2009-12-14,14.77712631225586,14.81631812707575,14.699734294139137,14.767700803679663,76459464
2009-12-15,14.71288013458252,14.793248876005139,14.659550530770492,14.71684941646012,91124784
2009-12-16,14.827481269836426,14.892222447317852,14.799700075101558,14.848318347502923,112263624
2009-12-17,14.7327241897583,14.824503550237086,14.728259574917159,14.79473724561445,105446448
2009-12-18,14.79423999786377,14.856501665454966,14.759017466988258,14.784566823272398,141118740
2009-12-21,14.850302696228027,14.879076448203186,14.775639730098854,14.823760779346445,102745152
2009-12-22,14.910826683044434,14.920253137593821,14.85451845820053,14.916283855338218,75156768
2009-12-23,15.172767639160156,15.202285334756215,14.95373869987606,14.96986254967373,82825092
2009-12-24,15.341442108154297,15.367240079280343,15.187402952869627,15.20377446955762,34313652
2009-12-28,15.450335502624512,15.527727522948854,15.341441618669473,15.420322474259182,67848084
2009-12-29,15.364262580871582,15.499202099210045,15.336729054537637,15.496721652438998,56935008
2009-12-30,15.44686222076416,15.44686222076416,15.329783060645848,15.341936681909756,58565376
2009-12-31,15.378649711608887,15.513093903195855,15.378649711608887,15.496970053128013,48743208
2010-01-04,15.546578407287598,15.615041192438623,15.484318629332444,15.55153930057683,78169752
2010-01-05,15.478116989135742,15.57361702343188,15.417345099394739,15.557245507956068,120067812
2010-01-06,15.087933540344238,15.524502562303638,15.040804107261364,15.524502562303638,158988852
2010-01-07,14.736692428588867,15.131093835318577,14.700725952969476,15.116210210459785,256315428
2010-01-08,14.933149337768555,14.963658641164065,14.612914614524877,14.684601788260021,188783028
2010-01-11,14.910576820373535,14.993673670711733,14.73520433307525,14.993673670711733,288227484
2010-01-12,14.64690113067627,14.83740399258541,14.585384345195042,14.824753146048302,193937868
2010-01-13,14.562809944152832,14.594808083832108,14.235631092839595,14.299875984036719,259604136
2010-01-14,14.631272315979004,14.739174584305452,14.456644707395174,14.483681954792592,169434396
2010-01-15,14.386941909790039,14.7232985978209,14.338322698734286,14.717840480957486,217162620
2010-01-19,14.575957298278809,14.645411700183779,14.294916244126876,14.416709586673084,172495332
2010-01-20,14.397111892700195,14.5352757981597,14.27011094262911,14.5352757981597,129897972
2010-01-21,14.460862159729004,14.556113585911667,14.19470378909224,14.472272782227623,252055692
2010-01-22,13.64303970336914,14.153775456626061,13.267242534116335,14.00246535542824,271743984
2010-01-25,13.394739151000977,13.639813711116464,13.283363881009823,13.558203801302879,176619204
2010-01-26,13.454769134521484,13.632869770649634,13.302715083081221,13.34438734988026,174045780
2010-01-27,13.446829795837402,13.584498371095696,13.278403302881873,13.426241331658726,158417424
2010-01-28,13.253103256225586,13.568376183069045,13.161572497976735,13.506115454134209,129034836
2010-01-29,13.145200729370117,13.419296720427727,13.037794735088347,13.35728460454455,165454380
2010-02-01,13.221600532531738,13.290807269389493,13.154131242845823,13.26079234958526,89941968
2010-02-02,13.174468994140625,13.269720408116084,13.087402864528762,13.269720408116084,163684152
2010-02-03,13.415079116821289,13.446829590847525,13.10278388180957,13.113698225417611,119844036
2010-02-04,13.066815376281738,13.345127334050051,13.036552794668477,13.320322869080602,134972892
2010-02-05,13.178688049316406,13.233507438011218,12.959660051693586,13.10700086554865,126113760
2010-02-08,13.232762336730957,13.444350880900453,13.18464128975198,13.208701813241468,107664228
2010-02-09,13.30643367767334,13.432691636162854,13.272450421523166,13.38332942050483,112671216
2010-02-10,13.257072448730469,13.339920697077506,13.089388947734562,13.247645994449845,106873020
2010-02-11,13.305440902709961,13.406894391069637,13.13428629192587,13.229041439558625,96303600
2010-02-12,13.224080085754395,13.324044735376397,13.159091247347655,13.22036036096704,91096812
2010-02-16,13.426986694335938,13.497185041083728,13.25335068994106,13.317100253053923,146029824
2010-02-17,13.350337982177734,13.479077325679567,13.335455301921527,13.444350126456225,81106812
2010-02-18,13.47461223602295,13.519013557080592,13.298992065462961,13.333719265899287,93382524
2010-02-19,13.413590431213379,13.494702167925393,13.3872971305509,13.407885593194393,102021876
2010-02-22,13.464194297790527,13.580778134182406,13.4195453097478,13.577056518660966,85698216
2010-02-23,13.272451400756836,13.484782960134694,13.203494217097786,13.46915633290615,114789096
2010-02-24,13.183152198791504,13.356043311010541,13.159339342331803,13.245412925950477,92970936
2010-02-25,13.058135032653809,13.109232802436646,12.898637770607404,13.07524954790528,132235632
2010-02-26,13.067312240600586,13.190098137756095,12.984959327609094,13.082692145034423,81890028
2010-03-01,13.21341323852539,13.228296862879397,13.09062830038845,13.12684338661432,89426484
2010-03-02,13.421032905578613,13.535136292650256,13.270963040412893,13.282620383975134,174097728
2010-03-03,13.526701927185059,13.596155374641926,13.37613485405102,13.453278252851396,123452424
2010-03-04,13.756644248962402,13.794843503311965,13.548529682311928,13.555971021837783,127224648
2010-03-05,13.995270729064941,14.081097597323513,13.888361952135062,13.92432937851093,156331512
2010-03-08,13.952357292175293,14.019332191725859,13.915894535116623,14.009409459222686,95360544
2010-03-09,13.895552635192871,14.006431615875705,13.804020947662707,13.887117793897065,126936936
2010-03-10,14.298885345458984,14.349735450182276,13.945659889884045,13.984107760599759,225969804
2010-03-11,14.415221214294434,14.54098289769476,14.243073093986878,14.244561929309755,169162668
2010-03-12,14.375531196594238,14.592327332344649,14.36610474335301,14.588854329014497,110025864
2010-03-15,13.969721794128418,14.125249783663964,13.791621170819377,14.056539325475011,185969844
2010-03-16,14.019827842712402,14.099700311214297,13.909693733472581,13.936234703922047,137122740
2010-03-17,14.028757095336914,14.174859565001235,13.99626173115531,14.096722658209073,132731136
2010-03-18,14.049593925476074,14.10019636399849,13.964264286191522,14.00792071738617,71016912
2010-03-19,13.89084243774414,14.089282922460049,13.823372200294585,13.89084243774414,191576232
2010-03-22,13.828828811645508,14.060756266449447,13.748956342545615,13.794350221930738,160031808
2010-03-23,13.617984771728516,13.848919647129545,13.444349726074964,13.81741778580028,219831948
2010-03-24,13.824610710144043,13.88711910059667,13.387297752941496,13.531414162269693,262345392
2010-03-25,13.962281227111816,14.188502910523201,13.85760333808634,13.866532569228287,157078764
2010-03-26,13.957565307617188,14.07414913077675,13.891336250703636,14.021562529821868,107740152
2010-03-29,13.951613426208496,14.007920703300185,13.90498026981916,13.965256828993043,124055820
2010-03-30,14.057283401489258,14.080103700511852,13.897786139011144,13.961039421344013,79036884
2010-03-31,14.067453384399414,14.132443170951206,13.960543668327679,14.016107000697065,121110768
2010-04-01,14.109125137329102,14.224469691857612,14.02850872772985,14.172378419755923,84023892
2010-04-05,14.163945198059082,14.259939619376244,14.114085761797401,14.161216139522965,75983940
2010-04-06,14.094738006591797,14.160968010739614,14.024787332527964,14.125495922681054,82321596
2010-04-07,13.97865104675293,14.10788477836823,13.936978785705854,14.07191830099959,103136760
2010-04-08,14.076631546020508,14.13517255026275,13.892082138502012,13.973194831279452,77822100
2010-04-09,14.04512882232666,14.108381159313094,13.99006082520884,14.076630684895562,82181736
2010-04-12,14.206610679626465,14.238111597849153,14.045129244107713,14.07315904926733,94001904
2010-04-13,14.554872512817383,14.607211449908021,14.166921768726757,14.201648022031225,156335508
2010-04-14,14.610187530517578,14.693035768870038,14.486410033420157,14.63647988588578,135971892
2010-04-15,14.766457557678223,14.829463164863242,14.592574862196383,14.68881788392609,270201528
2010-04-16,13.646510124206543,14.109371461757183,13.633611613332675,13.96525506217512,488930580
2010-04-19,13.645270347595215,13.741762940396995,13.518765672454968,13.61178337109705,155604240
2010-04-20,13.767807006835938,13.882406666699884,13.669082583607162,13.746226931979184,118976904
2010-04-21,13.749452590942383,13.897042961002873,13.69636970446974,13.803030810555649,95564340
2010-04-22,13.569863319396973,13.704802835689536,13.477836287826664,13.692400602022342,131096772
2010-04-23,13.51851749420166,13.625924441802226,13.451048201206028,13.57457805436511,83492424
2010-04-26,13.187368392944336,13.518515584197479,13.127091837615781,13.518020251099507,174577248
2010-04-27,13.123372077941895,13.353314398095442,13.0779782026856,13.120643019449465,153634212
2010-04-28,13.126596450805664,13.266496855768539,12.924186710660456,13.19877896074144,136107756
2010-04-29,13.196297645568848,13.307921526564675,13.064087191622182,13.230281844492335,122233644
2010-04-30,13.04002857208252,13.337192553623046,13.033578842643049,13.17472043763168,97318584
2010-05-03,13.161572456359863,13.219119957940546,13.024647819274872,13.059872244377551,74237688
2010-05-04,12.560544967651367,13.065824460388544,12.50696674941367,13.060367288351525,242808948
2010-05-05,12.644634246826172,12.792472278067404,12.414194690936158,12.426845536698153,183104712
2010-05-06,12.369544982910156,12.837120517525534,11.410333392240274,12.619579486632976,199803996
2010-05-07,12.23237419128418,12.53449997866103,11.939425300646974,12.401792296390202,203356440
2010-05-10,12.939566612243652,12.968588974496233,12.715081447737877,12.749063758356666,164954880
2010-05-11,12.627020835876465,12.895659614757864,12.606432374080187,12.791231306605505,132771096
2010-05-12,12.536235809326172,12.701190248241259,12.452147339267595,12.701190248241259,153917928
2010-05-13,12.672416687011719,12.94824823651918,12.659765840948358,12.811819879106904,132898968
2010-05-14,12.58931827545166,12.67514418976789,12.309517457303587,12.644881605417558,164475360
2010-05-17,12.600232124328613,12.609906244278605,12.361607298300061,12.57071443138759,111640248
2010-05-18,12.362104415893555,12.674648274056853,12.329857662301874,12.650587751113429,112906980
2010-05-19,12.264371871948242,12.388644707195047,12.0984258313475,12.309764801994653,137690172
2010-05-20,11.782658576965332,12.04484861642209,11.7526446027553,12.032197770248652,196335468
2010-05-21,11.709235191345215,12.03046157586238,11.51947722035502,11.635068504855628,387244368
2010-05-24,11.835988998413086,12.149276806932374,11.827059767924572,11.924543030059668,173650176
2010-05-25,11.833756446838379,11.843181955181542,11.50980198031272,11.612493796465525,120575304
2010-05-26,11.794068336486816,12.148532107630867,11.78240910273633,11.957781598589916,138884976
2010-05-27,12.165895462036133,12.211784668216602,11.93247920421118,12.029219454933253,112251636
2010-05-28,12.046089172363281,12.240065998388907,11.980851711436753,12.222453311330193,115676208
2010-06-01,11.965224266052246,12.180781173429349,11.909413259840612,11.917103213187128,106565328
2010-06-02,12.238079071044922,12.25048130483462,11.942650677953482,12.072133023653018,101530368
2010-06-03,12.541443824768066,12.600976431571233,12.27106853822892,12.281237990799477,145881972
2010-06-04,12.3707857131958,12.631983182782248,12.320679554720664,12.395591125876367,156655188
2010-06-07,12.04335880279541,12.42510842965021,11.984571082582109,12.379219221131883,145162692
2010-06-08,12.025002479553223,12.125711066385747,11.845413046283996,12.101153322340748,107296596
2010-06-09,11.758102416992188,12.126705945308446,11.707997194549522,12.085529954658883,109050840
2010-06-10,12.080318450927734,12.117278431464683,11.803246683996528,11.915612624978305,103012884
2010-06-11,12.117278099060059,12.1224876043454,11.946619772678462,11.968448460039935,71196732
2010-06-14,11.985564231872559,12.266109969433094,11.985564231872559,12.265613690978808,81534384
2010-06-15,12.352677345275879,12.41245856774534,11.960510597480175,11.982834617496286,170213616
2010-06-16,12.434038162231445,12.501756055188864,12.306043716034363,12.307532551153198,91480428
2010-06-17,12.404520988464355,12.548141119722109,12.320431577437285,12.488114121097732,79012908
2010-06-18,12.403281211853027,12.488610855794773,12.35615271971451,12.464797997854678,114801084
2010-06-21,12.118765830993652,12.426597394328835,12.02773135794809,12.400055480430273,119220660
2010-06-22,12.061464309692383,12.318197122833393,12.048565799670662,12.152003436945616,88699212
2010-06-23,11.957283973693848,12.077340803010806,11.86079327763835,12.077340803010806,81082836
2010-06-24,11.784890174865723,11.974649082480552,11.73924863010722,11.898001952566219,75668256
2010-06-25,11.724862098693848,11.848143328852617,11.672275492497274,11.83350831470314,89718192
2010-06-28,11.709979057312012,11.845662517217614,11.633827263709463,11.722629902702135,70421508
2010-06-29,11.267952919006348,11.523195991106864,11.190064623286501,11.495663410628003,139943916
2010-06-30,11.037017822265625,11.356506754309054,11.031312983489007,11.285315849071976,143983872
2010-07-01,10.901580810546875,11.12259389711459,10.756223236161844,11.045449549790744,140403456
2010-07-02,10.828652381896973,10.970784593533706,10.815008982739277,10.954414027011639,77362560
2010-07-06,10.81674861907959,11.104487048630288,10.756223451885841,11.013451631290582,102301596
2010-07-07,11.167244911193848,11.194283107564086,10.79963396011751,10.872312760520467,125062812
2010-07-08,11.325002670288086,11.3441041887949,11.153849018616627,11.25033971498833,106649244
2010-07-09,11.596124649047852,11.739249465244281,11.479293138109425,11.707003654388233,173086740
2010-07-12,11.802998542785645,11.892545133130506,11.685174479823354,11.717172622769798,133242624
2010-07-13,12.134641647338867,12.228652849956001,11.913380876798485,11.962246813210927,158892948
2010-07-14,12.187725067138672,12.249488568623748,12.066675675013546,12.151509032535587,124595280
2010-07-15,12.254201889038086,12.271069683107559,11.97291223349791,12.19739928056271,194133672
2010-07-16,11.400659561157227,11.672275091857513,11.39842678101031,11.636556281259983,312679008
2010-07-19,11.563628196716309,11.649701771767837,11.348815286249176,11.435386084961976,181829988
2010-07-20,11.945874214172363,11.980601411588731,11.42521675534444,11.435881541289168,162017820
2010-07-21,11.844420433044434,12.047823664487955,11.793075001082924,12.005654183113746,131052816
2010-07-22,12.025748252868652,12.129185913785069,11.967952138432233,11.986556435519674,85822092
2010-07-23,12.155974388122559,12.169120566467251,11.906682879753813,11.925534841695871,90485424
2010-07-26,12.128936767578125,12.173089476793999,12.027484224889836,12.131912547500441,79728192
2010-07-27,12.219722747802734,12.34052352353135,12.158702248281374,12.16887264663232,97949952
2010-07-28,12.014335632324219,12.284711862463913,11.972663374997985,12.277021911158476,99740160
2010-07-29,12.03021240234375,12.12670405195263,11.889815709847863,12.054025258894725,106912980
2010-07-30,12.026738166809082,12.088998887829414,11.885101265415907,11.897752110026241,85678236
2010-08-02,12.164656639099121,12.235846597184976,12.07858305480079,12.129433159903861,74273652
2010-08-03,12.150267601013184,12.21550504483071,12.074115814588943,12.166886781453911,72019908
2010-08-04,12.559304237365723,12.576171084654453,12.180530411531652,12.208560213459881,152347500
2010-08-05,12.603455543518066,12.615858720972708,12.490841006781045,12.548637110184313,96719184
2010-08-06,12.40799331665039,12.544917001095577,12.304556608355863,12.536484049388024,132647220
2010-08-09,12.535243034362793,12.53896464979599,12.436271885203494,12.458348239490224,74813112
2010-08-10,12.494563102722168,12.551367601212089,12.367064927543689,12.460827514921656,82877040
2010-08-11,12.197647094726562,12.352926465615724,12.191693644360328,12.346229070276763,88831080
2010-08-12,12.204344749450684,12.272310315817691,11.968696629485645,12.004167775292343,88095816
2010-08-13,12.063946723937988,12.184002605627937,12.055511882261197,12.129679502788056,77310612
2010-08-16,12.045095443725586,12.151261208856033,11.918837493234552,11.997717399487868,52147800
2010-08-17,12.167386054992676,12.271071389988066,12.05601171214895,12.118023834580551,75552372
2010-08-18,11.959766387939453,12.176066265258953,11.944883707081662,12.165400533035982,107348544
2010-08-19,11.608031272888184,11.96869714219003,11.590170920644798,11.931488547662447,156843000
2010-08-20,11.460440635681152,11.697825262187049,11.435635221664352,11.608031005761228,156547296
2010-08-23,11.511290550231934,11.614975874592819,11.35402700714258,11.447541932320355,119328552
2010-08-24,11.196762084960938,11.369901804470855,11.185102850955504,11.353281676995296,110397492
2010-08-25,11.27688217163086,11.356010690869091,11.162282507987129,11.162282507987129,103580316
2010-08-26,11.186591148376465,11.34236678795983,11.173196358534202,11.312601428570051,71008920
2010-08-27,11.381311416625977,11.410085165764425,11.103990099943568,11.225783436994588,92403504
2010-08-30,11.229009628295898,11.404381195037658,11.222312232581315,11.389249901713262,49206744
2010-08-31,11.1627779006958,11.283082393203884,11.112671746469776,11.16501068068829,77794128
2010-09-01,11.418519020080566,11.532870071249373,11.224295505152382,11.285812285128346,129002868
2010-09-02,11.489213943481445,11.520219528191362,11.418023041344599,11.480780991615678,67300632
2010-09-03,11.665824890136719,11.705017647933852,11.594882604925093,11.671282061713933,101514384
2010-09-07,11.519475936889648,11.598603508414612,11.485244071601995,11.521955438246883,68327604
2010-09-08,11.672770500183105,11.720396211481503,11.5222043595851,11.539071208195661,95975928
2010-09-09,11.811680793762207,11.916358683374343,11.67277197889871,11.85261006034603,97126776
2010-09-10,11.810686111450195,11.901225247638518,11.784393755777845,11.882124674592012,78893028
2010-09-13,11.96274471282959,12.014338769602883,11.89477819245583,11.928762397935065,89570340
2010-09-14,11.917102813720703,12.024261152029268,11.908421248979826,11.956294633641955,88571340
2010-09-15,11.922309875488281,11.95331640524252,11.869226991480197,11.905195360040569,96015888
2010-09-16,11.932729721069336,11.967208311520224,11.8918004561315,11.905196192965398,78701220
2010-09-17,12.158206939697266,12.1842516313709,11.935705943880018,11.999454561660455,225438336
2010-09-20,12.60792064666748,12.660754909999968,12.205582607907672,12.216496949932235,175963860
2010-09-21,12.736412048339844,12.89814208615331,12.62354888938994,12.64264946302989,178473348
2010-09-22,12.799417495727539,12.843569256659727,12.692259176433367,12.721529202885597,101382516
2010-09-23,12.736908912658691,12.890948060441895,12.682833471436394,12.764938717450642,92603304
2010-09-24,13.0794677734375,13.092862565196212,12.855477929287755,12.941800130686625,134141724
2010-09-27,13.156859397888184,13.316603380453131,13.118161971344081,13.118161971344081,124171704
2010-09-28,13.07649040222168,13.2357390601038,12.860190521538621,13.233010946687674,146041812
2010-09-29,13.089387893676758,13.219615124216315,13.015469827133458,13.093357175499554,86801112
2010-09-30,13.042258262634277,13.193072052821512,12.871846676893762,13.125850441911565,129634236
2010-10-01,13.038042068481445,13.162067233378563,12.97305228843189,13.146687330229426,88911000
2010-10-04,12.956930160522461,13.103279353395424,12.870111689139545,13.02142272076221,77542380
2010-10-05,13.350834846496582,13.394739889529852,13.061111284848437,13.10650516314798,140143716
2010-10-06,13.254590034484863,13.393498828790161,13.145199878880137,13.376383368697532,110381508
2010-10-07,13.146936416625977,13.325284691480968,13.125356341538975,13.300727891331592,95736168
2010-10-08,13.304201126098633,13.33520765750736,13.087653575258383,13.215400371227263,114253632
2010-10-11,13.365964889526367,13.508842971346004,13.324541239547088,13.357035659301035,104946948
2010-10-12,13.429219245910645,13.543322641946812,13.339921264766613,13.397717380460378,149993856
2010-10-13,13.476594924926758,13.580527902970928,13.452534404588432,13.568374282180065,122101776
2010-10-14,13.417808532714844,13.52496591276113,13.32305244121933,13.498424943278694,265098636
2010-10-15,14.9190092086792,14.9237224350819,14.674679560001628,14.864934719481413,592399008
2010-10-18,15.322342872619629,15.371457423948536,14.896688154230532,14.896688154230532,283644072
2010-10-19,15.077266693115234,15.250654065709456,14.953985475026629,15.102567436905424,183332484
2010-10-20,15.080986976623535,15.314154617382636,15.069081022583752,15.084955312872761,140862996
2010-10-21,15.18045711517334,15.279924543083716,15.031874194415636,15.16855021444766,116703180
2010-10-22,15.193852424621582,15.250655980983668,15.132335641120303,15.178720186345563,90153756
2010-10-25,15.292327880859375,15.496721801335438,15.254376288663941,15.269755247850638,126209664
2010-10-26,15.344417572021484,15.409655021545333,15.15664378721475,15.207990168088447,100415484
2010-10-27,15.291584014892578,15.37914643402249,15.188891248352613,15.274220887238707,89586324
2010-10-28,15.343923568725586,15.40395151822349,15.212952379930208,15.380386327315593,87284628
2010-10-29,15.222871780395508,15.354338281722642,15.20526004294287,15.306464907692721,91040868
2010-11-01,15.255119323730469,15.395516006998482,15.161108127110639,15.27322734048679,123360516
2010-11-02,15.270002365112305,15.379145801329722,15.244701619656222,15.346154158618617,79824096
2010-11-03,15.383610725402832,15.424539044675495,15.217913279844314,15.317133992037224,135084780
2010-11-04,15.485064506530762,15.625214494456145,15.431237669989478,15.494243295172113,142689168
2010-11-05,15.505155563354492,15.515325017007934,15.406678801521355,15.4580251840783,70557372
2010-11-08,15.547075271606445,15.614545502525546,15.456785686930605,15.478861095724353,83967948
2010-11-09,15.498705863952637,15.648280396773641,15.391796150063088,15.627196599161039,89398512
2010-11-10,15.450583457946777,15.453560182876668,15.31737950747175,15.430738940178209,99780120
2010-11-11,15.309442520141602,15.375423913811463,15.235523508095726,15.371703243818848,90373536
2010-11-12,14.964652061462402,15.30224898468245,14.913057068907001,15.230066473707376,135584280
2010-11-15,14.77067756652832,14.982264211901045,14.735453143002982,14.95944296742935,139016844
2010-11-16,14.479217529296875,14.830704585941215,14.472520133998701,14.703455020568097,132163704
2010-11-17,14.47499942779541,14.622589788796509,14.420924933068468,14.510967795817928,97602300
2010-11-18,14.79771614074707,14.882549506922823,14.59927565631436,14.610190001119696,103496400
2010-11-19,14.655580520629883,14.830703451218122,14.643425954341229,14.80862804395891,91808100
2010-11-22,14.665253639221191,14.720321632412166,14.45515490038951,14.57223500277834,87376536
2010-11-23,14.461605072021484,14.610435651127077,14.342292185956916,14.560825773189267,86417496
2010-11-24,14.75827407836914,14.798706115818362,14.561817784183178,14.568266567487177,95760144
2010-11-26,14.634992599487305,14.708911611405686,14.560577309178997,14.646402275994777,52391556
2010-11-29,14.439279556274414,14.630030999598683,14.385700398593348,14.614403430177664,114273612
2010-11-30,13.784427642822266,14.24604880032168,13.724895030595468,14.24604880032168,284411304
2010-12-01,13.99874210357666,14.177834312192026,13.950371505948448,13.96525513033102,150013836
2010-12-02,14.184037208557129,14.22149346810287,14.023548328663697,14.105653576376307,101814084
2010-12-03,14.21330738067627,14.299628632630425,14.089282202230404,14.125249626867697,105142752
2010-12-06,14.346261024475098,14.436552499043128,14.302853206891172,14.401081354726506,83668248
2010-12-07,14.564050674438477,14.709408255228965,14.53577320372399,14.666495770754977,121566312
2010-12-08,14.648387908935547,14.697502456020704,14.4784735257059,14.683859053628725,70205724
2010-12-09,14.672200202941895,14.773404127804767,14.610188091389329,14.731236534747696,74681244
2010-12-10,14.689812660217285,14.733966314281359,14.642186947848016,14.712880626136608,68119812
2010-12-13,14.749591827392578,14.95745874720812,14.736445648709491,14.811604886569098,95844060
2010-12-14,14.756786346435547,14.840627147330336,14.696509789446198,14.810860841315476,65666268
2010-12-15,14.642434120178223,14.794985372663842,14.613908037973125,14.73917437688987,86621292
2010-12-16,14.677411079406738,14.728508852354718,14.587119598902213,14.705688551980337,63812124
2010-12-17,14.654837608337402,14.698494038144686,14.577196978543075,14.659798501818306,123360516
2010-12-20,14.760506629943848,14.830457309932692,14.60175425224514,14.750337176095552,78853068
2010-12-21,14.959196090698242,15.000124409564158,14.82376028782055,14.847573145075126,75104820
2010-12-22,15.019222259521484,15.056678515486828,14.964403822723426,14.982263227224568,48251700
2010-12-23,14.987969398498535,15.031874441384456,14.933398623388486,15.015503870556001,44387568
2010-12-27,14.942079544067383,14.97680579571435,14.870640982010645,14.951008773516895,48275676
2010-12-28,14.856254577636719,14.979039525334679,14.833681000167706,14.933893315688847,42549408
2010-12-29,14.90785026550293,14.94282513504509,14.856256212160645,14.932655680558899,40727232
2010-12-30,14.854766845703125,14.916035018179665,14.818304087395699,14.833434435293675,39540420
2010-12-31,14.733467102050781,14.84384980437467,14.685346063055656,14.802176602706888,61510428
2011-01-03,14.990945816040039,15.021704679260605,14.795729740588051,14.795729740588051,94513392
2011-01-04,14.935629844665527,15.036339384061566,14.886019965213656,15.022448315321542,72907020
2011-01-05,15.108025550842285,15.139280691692838,14.88428339795521,14.88477967635306,101190708
2011-01-06,15.217910766601562,15.340199425783506,15.1323334718275,15.147960095708093,82229688
2011-01-07,15.290840148925781,15.335737751620266,15.134321487115429,15.277693969022797,83963952
2011-01-10,15.23552417755127,15.264794205679722,15.095375153835846,15.250158246323283,63104832
2011-01-11,15.280172348022461,15.34937813263618,15.242717036610934,15.32234088616336,57514428
2011-01-12,15.301505088806152,15.36302186829527,15.249414762980624,15.36302186829527,65242692
2011-01-13,15.297040939331055,15.37095995452996,15.2342829892939,15.303986001221745,53306640
2011-01-14,15.482830047607422,15.485061882448809,15.306713606496041,15.314651224947175,94529376
2011-01-18,15.866069793701172,15.924609849175885,15.50986762208551,15.529463529429375,144535320
2011-01-19,15.67060661315918,15.948670958078404,15.618763947955207,15.927834825364549,136107756
2011-01-20,15.547075271606445,15.728401221797718,15.460754023594681,15.682014788152447,219212568
2011-01-21,15.176487922668457,15.918159471569659,15.164829633726265,15.864829865718475,355819824
2011-01-24,15.157882690429688,15.192858500388565,14.91355397085506,15.07081750122827,183784032
2011-01-25,15.376912117004395,15.396260357593965,15.044772361775125,15.086444622775254,145726128
2011-01-26,15.292327880859375,15.440910803158431,15.262065295611178,15.387331639921479,81442476
2011-01-27,15.299522399902344,15.371704918088607,15.211712309811217,15.326808261445645,80687232
2011-01-28,14.907601356506348,15.388075428351518,14.877091105005949,15.356076341614003,169074756
2011-01-31,14.891975402832031,14.993924233895411,14.772663442495574,14.972344155597552,112083804
2011-02-01,15.156891822814941,15.214191655261326,14.960187857952477,14.994417834076206,109702188
2011-02-02,15.180705070495605,15.238748849406855,15.069826072870503,15.155899657040072,70357572
2011-02-03,15.134815216064453,15.167061968598901,15.03509823334954,15.118195088750507,59744196
2011-02-04,15.155405044555664,15.166814722336424,15.047006488592503,15.13481657876735,61969968
2011-02-07,15.237509727478027,15.339209938574474,15.111498490514103,15.13506368080302,71912016
2011-02-08,15.338961601257324,15.369968132626472,15.242966227120307,15.253385238392852,67728204
2011-02-09,15.292327880859375,15.365502951892761,15.189138836432614,15.301505723058872,73626300
2011-02-10,15.290840148925781,15.317134399316336,15.169791689783128,15.227835472380598,93282624
2011-02-11,15.490769386291504,15.503172566387134,15.205510423476294,15.22510727787478,103492404
2011-02-14,15.581305503845215,15.618265482017641,15.380136933936717,15.461993563258774,85034880
2011-02-15,15.482086181640625,15.629428883776148,15.456041489722757,15.560719371699273,83596320
2011-02-16,15.4838228225708,15.540377764024393,15.431235272460405,15.51879768850049,67292640
2011-02-17,15.509620666503906,15.558982882253893,15.386091766490942,15.41015229000699,59092848
2011-02-18,15.629180908203125,15.6564658230062,15.482830765817718,15.52797603193348,128587284
2011-02-22,15.136303901672363,15.501434350602677,15.075778733822277,15.379888681798965,145450404
2011-02-23,15.163837432861328,15.247679182939326,14.98226475379925,15.139281576300837,115468416
2011-02-24,15.101824760437012,15.207742861625604,14.916530472642624,15.16557337627983,108359532
2011-02-25,15.132086753845215,15.248174311310352,15.118692908253603,15.177232965406356,77218704
2011-02-28,15.215432167053223,15.292080241854457,15.081731925282503,15.131095085290895,91168740
2011-03-01,14.901894569396973,15.359796922925899,14.865678536530949,15.324077168438833,132795072
2011-03-02,14.902640342712402,15.03187407612781,14.763731543564353,14.878082596481986,80986932
2011-03-03,15.1201810836792,15.168055409516843,15.00706930401525,15.041301172147515,77734188
2011-03-04,14.89842414855957,15.1057948009651,14.888005137332916,15.089670005691621,120319560
2011-03-07,14.676169395446777,14.974574518175071,14.560578117035949,14.89668716540023,138369492
2011-03-08,14.692294120788574,14.832938487389631,14.639955177824495,14.707673080893374,91304604
2011-03-09,14.678898811340332,14.746865323881165,14.529571940414563,14.659799181494886,85953960
2011-03-10,14.394383430480957,14.55115068230017,14.37329868885151,14.521881601149191,124998876
2011-03-11,14.30533504486084,14.386944018556687,14.221494236076083,14.342790361136966,121158720
2011-03-14,14.138643264770508,14.344525063103841,14.089777331433302,14.208345328076737,112531356
2011-03-15,14.12797737121582,14.16369712835175,13.779217478216685,13.828828304532822,160063776
2011-03-16,13.818903923034668,14.13368146843561,13.674539857640033,14.089527819377418,151788060
2011-03-17,13.924574851989746,14.114085130034091,13.904235000970282,14.00196686494762,115856028
2011-03-18,13.917134284973145,14.089033779956413,13.88439219923266,14.005935979015549,131812056
2011-03-21,14.300124168395996,14.381981746117162,14.11458316143794,14.144348522108695,120715164
2011-03-22,14.320463180541992,14.367841222631267,14.201151242425833,14.319222957253462,75400524
2011-03-23,14.440522193908691,14.447714922424392,14.188501615822572,14.267630137125291,72575352
2011-03-24,14.557849884033203,14.595056585653719,14.357175690089704,14.521633848655021,83864052
2011-03-25,14.3804931640625,14.558345167428397,14.368089984939143,14.557602167749183,114221664
2011-03-28,14.271845817565918,14.510718304913356,14.255721969571344,14.438287185438163,88647264
2011-03-29,14.429855346679688,14.433824628672332,14.213555473616307,14.28772215517405,64127808
2011-03-30,14.432584762573242,14.523370628734373,14.401329620145592,14.495588489974734,56835108
2011-03-31,14.554624557495117,14.589350810110595,14.430102167175427,14.461357306996804,81094824
2011-04-01,14.679641723632812,14.763731134818448,14.604234821122704,14.604234821122704,104423472
2011-04-04,14.577445983886719,14.752568931541743,14.463837927996966,14.709408778975954,82097820
2011-04-05,14.11631965637207,14.423902632755766,14.031733959749651,14.413733178634065,241658100
2011-04-06,14.24257755279541,14.26688574312464,14.08928234372988,14.192967669977278,106625268
2011-04-07,14.386941909790039,14.402817146126056,14.242823614175375,14.281023815174228,101158740
2011-04-08,14.341300010681152,14.508238610876884,14.338820509275076,14.508238610876884,75995928
2011-04-11,14.32170581817627,14.33981289098772,14.213307266704875,14.29268345589712,74253672
2011-04-12,14.154022216796875,14.310294136787642,14.090520324849212,14.26291609334395,83340576
2011-04-13,14.29466724395752,14.327410275612698,14.182300358662442,14.275567614804773,82693224
2011-04-14,14.349982261657715,14.37329883831946,14.190982228103072,14.267629353111758,218033748
2011-04-15,13.16405200958252,13.537367744806128,13.148176772617797,13.525958068126112,561186252
2011-04-18,13.068304061889648,13.088644858753831,12.873832885401072,13.057885996909622,201390408
2011-04-19,12.936589241027832,13.168516679732685,12.920962615842464,13.145447769139029,107256636
2011-04-20,13.040770530700684,13.067808722559997,12.933116877527725,13.044987479058701,122277600
2011-04-21,13.025145530700684,13.104024500142849,12.957922960426718,13.084428591071662,98705196
2011-04-25,13.023903846740723,13.07227350576626,12.948495993552559,13.028864740456957,65166768
2011-04-26,13.21664047241211,13.331239205477885,13.027873158743404,13.060368527484643,139860000
2011-04-27,13.3391752243042,13.347857733207803,13.254590477794185,13.345128674611754,91844064
2011-04-28,13.344386100769043,13.376136576366251,13.247893505272554,13.346617935736443,79920000
2011-04-29,13.496439933776855,13.496439933776855,13.357779744348734,13.394739724895144,168970860
2011-05-02,13.359020233154297,13.536873186888192,13.32330047529209,13.536128296603295,85262652
2011-05-03,13.243180274963379,13.444597458268584,13.137509844723388,13.323549015047146,83176740
2011-05-04,13.290310859680176,13.369934716444407,13.221600401937017,13.27493190007222,84595320
2011-05-05,13.252605438232422,13.380351273135926,13.183895933531367,13.242435985358775,79832088
2011-05-06,13.278155326843262,13.430954245539445,13.275178601765779,13.348849947879952,82161756
2011-05-09,13.337190628051758,13.357283758518136,13.173973645283775,13.270712955862821,77870052
2011-05-10,13.460721015930176,13.504626058078111,13.33371911646285,13.394739619428305,81634284
2011-05-11,13.281876564025879,13.482797480352017,13.2382201333737,13.398212732398074,93458448
2011-05-12,13.271953582763672,13.318835346256561,13.169259880967582,13.276665864062434,57874068
2011-05-13,13.135526657104492,13.293535090580571,13.123123477648308,13.261040669895689,84263652
2011-05-16,12.859447479248047,13.078973673907345,12.809342256655386,13.055160813567156,118209672
2011-05-17,13.158099174499512,13.176951137437916,12.77535791300142,12.78527970024514,132011856
2011-05-18,13.141976356506348,13.154874869066308,13.040027534148035,13.135278961014423,78049872
2011-05-19,13.177695274353027,13.308913171850907,13.139742738789515,13.214406641289802,98649252
2011-05-20,12.998602867126465,13.196050781843725,12.976277900510652,13.191337554780745,92607300
2011-05-23,12.858702659606934,12.898638421125513,12.734925147617817,12.814301337518048,91908000
2011-05-24,12.855475425720215,12.99686465668428,12.85274731270065,12.907814359076848,75924000
2011-05-25,12.890451431274414,12.967346218862248,12.83042254571058,12.83240671387269,52011936
2011-05-26,12.852251052856445,12.951223136557005,12.774611376155605,12.841584376710532,84655260
2011-05-27,12.920961380004883,12.943037731688001,12.806857061302907,12.86093249583373,69762168
2011-05-31,13.122379302978516,13.12312230261114,12.985455625133456,13.022662324293828,107384508
2011-06-01,13.037548065185547,13.226065819362297,13.03035439073018,13.098072295718245,118117764
2011-06-02,13.098567962646484,13.154131296558583,12.960155433658052,13.086412449439802,88091820
2011-06-03,12.975037574768066,13.087156794799554,12.935846704478664,12.948247993157278,69870060
2011-06-06,12.924932479858398,13.067809619574247,12.880033934709445,12.98644831715577,77606316
2011-06-07,12.8745756149292,13.01348344998017,12.873583058246835,12.970322358970538,76227696
2011-06-08,12.878047943115234,12.92939431931015,12.79395853921975,12.812562833006195,66069864
2011-06-09,12.817523002624512,12.898635677125162,12.790485759554977,12.898635677125162,67496436
2011-06-10,12.638431549072266,12.81653119783218,12.63297437777666,12.751790977752139,97498404
2011-06-13,12.519864082336426,12.655547534910161,12.456363137555371,12.65058664176066,96994908
2011-06-14,12.610156059265137,12.751792978054137,12.575924191063619,12.604697941821247,93566340
2011-06-15,12.47571086883545,12.609657824440928,12.417667093543857,12.527304915631454,82849068
2011-06-16,12.411714553833008,12.565505082299252,12.319935191733592,12.47223877561607,110169720
2011-06-17,12.030956268310547,12.56848152412214,12.025498151442656,12.55583067929308,209606184
2011-06-20,12.020042419433594,12.06097073528859,11.887334739773312,12.030460484635292,121022856
2011-06-21,12.228899002075195,12.252216522565197,12.023761161172956,12.084782602782846,110505384
2011-06-22,12.080318450927734,12.212777523352601,12.07337338898229,12.19045350226867,96187716
2011-06-23,11.91189193725586,11.977377050551357,11.750906794499457,11.95926903423539,191875932
2011-06-24,11.779435157775879,11.925040425555412,11.733296384566083,11.923303923549913,152071776
2011-06-27,11.975890159606934,12.114798972176304,11.747684310130863,11.757606098088019,137650212
2011-06-28,12.245025634765625,12.308526587122687,12.006152173131634,12.006152173131634,108495396
2011-06-29,12.342260360717773,12.408738033686625,12.213521963221083,12.316711003519025,93626280
2011-06-30,12.560791969299316,12.567985642779888,12.439743524636878,12.451898091471726,97038864
2011-07-01,12.924186706542969,12.927908321806544,12.560791819747129,12.569721994853808,145322532
2011-07-05,13.20721435546875,13.280638047604072,13.030107218015615,13.030107218015615,153814032
2011-07-06,13.279643058776855,13.357779018931746,13.222095562075877,13.233506183855132,107716176
2011-07-07,13.558453559875488,13.659657487508731,13.292541920276019,13.419544762481014,157262580
2011-07-08,13.196049690246582,13.336447316634123,13.078970530680529,13.219862544863904,190617192
2011-07-11,13.079217910766602,13.29502243273642,13.035065205867802,13.101542875046702,113458428
2011-07-12,13.2461576461792,13.380352274120883,13.047468566376953,13.101047729046522,113534352
2011-07-13,13.351577758789062,13.493959554428328,13.30742410731375,13.320323564121477,111496392
2011-07-14,13.12039566040039,13.444350130248042,13.065575330348203,13.372910618179963,265714020
2011-07-15,14.824006080627441,14.889243526936978,14.589350541495772,14.821029355685347,548734716
2011-07-18,14.75753116607666,14.933895298452668,14.684604699903396,14.696759268480992,178553268
2011-07-19,14.946296691894531,14.999130963609819,14.772165360784511,14.787295707758584,118581300
2011-07-20,14.767701148986816,14.953243107325466,14.767701148986816,14.93711925780752,89022888
2011-07-21,15.056431770324707,15.082972739512456,14.734461464764145,14.734957743170796,138641220
2011-07-22,15.335240364074707,15.366743172715063,14.988961862054458,15.016744000503119,140986872
2011-07-25,15.353845596313477,15.513341927031018,15.205510331559188,15.214440507738985,125138736
2011-07-26,15.441655158996582,15.565184059486548,15.310187694201112,15.33077615938019,93622284
2011-07-27,15.062135696411133,15.402709331900038,15.000867531267586,15.309194415783832,157218624
2011-07-28,15.154411315917969,15.279429045732801,14.95745873998661,15.011781847056158,124211664
2011-07-29,14.974573135375977,15.254126269471463,14.974573135375977,14.98796792494942,165330504
2011-08-01,15.050973892211914,15.267522378840587,14.862703822289545,15.161357555111078,158485356
2011-08-02,14.694524765014648,15.122907531770984,14.673936302147206,15.031873062555041,127895976
2011-08-03,14.912066459655762,14.95745939325959,14.476985305690096,14.740911845780106,152874972
2011-08-04,14.325425148010254,14.854517487607225,14.324185869920926,14.746615217536714,196387416
2011-08-05,14.363130569458008,14.634994747233934,13.94045256595754,14.449949051086788,236926836
2011-08-08,13.544065475463867,14.114086130414718,13.502640880280941,13.964760210742945,299564136
2011-08-09,14.223477363586426,14.25324367022393,13.419792756127123,13.915645788827517,258529212
2011-08-10,13.618232727050781,13.993037296427136,13.586482253209399,13.925071733764232,214569216
2011-08-11,13.943674087524414,14.101682500492219,13.603349074840931,13.737543688837226,193030776
2011-08-12,13.984356880187988,14.15129549339373,13.900763740298991,14.126490079185736,126045828
2011-08-15,13.822131156921387,14.014618166190896,13.54480984689666,13.72787134791124,285510204
2011-08-16,13.369935035705566,13.703315987776998,13.154131427025497,13.7030683212017,277298424
2011-08-17,13.224823951721191,13.486270029578078,13.16578856391122,13.395483222419662,163000836
2011-08-18,12.523585319519043,13.019933667000235,12.414690495961239,12.984711134984755,251376372
2011-08-19,12.17730712890625,12.771389295723651,12.175819238859134,12.386166622070224,216183600
2011-08-22,12.357142448425293,12.576171363842809,12.266851924332075,12.501756075957362,196039764
2011-08-23,12.869370460510254,12.933615367754145,12.379222172771835,12.489356299475647,173698128
2011-08-24,12.980245590209961,13.146687911458171,12.82992806303162,12.88201838881542,143636220
2011-08-25,12.899630546569824,13.327021734310632,12.856469449351222,13.156114792526346,131588280
2011-08-26,13.068802833557129,13.157853153910567,12.728476791836124,12.898392146101443,143708148
2011-08-29,13.371917724609375,13.381096511556088,13.234994044727042,13.259798511203021,93338568
2011-08-30,13.412102699279785,13.46890625347956,13.166781410195375,13.349841973150848,119440440
2011-08-31,13.418553352355957,13.55101243242675,13.29551978156178,13.51231594784671,107624268
2011-09-01,13.208702087402344,13.489743149164854,13.176951610847956,13.413343683117388,96523380
2011-09-02,13.018693923950195,13.095093380710473,12.916745110991444,13.009516082477242,95951952
2011-09-06,12.952712059020996,12.967098459708692,12.66298853361377,12.670429873137625,108523368
2011-09-07,13.246651649475098,13.29402969046688,13.082194453115454,13.157849962547543,110121768
2011-09-08,13.269720077514648,13.372412828406187,13.193816904297787,13.24094633175461,95124780
2011-09-09,13.018941879272461,13.262032268364546,12.928156019285435,13.181414916247995,130621248
2011-09-12,13.149664878845215,13.19605036715499,12.836624749393405,12.848035371553324,106709184
2011-09-13,13.134782791137695,13.242932731457806,12.982975473830251,13.196298629194766,94073832
2011-09-14,13.19803524017334,13.319083685490945,13.043003540844397,13.210933752022706,107668224
2011-09-15,13.45823860168457,13.518266539050295,13.259797217485065,13.2831147371065,118313568
2011-09-16,13.560439109802246,13.56440744683899,13.472628073033738,13.513805005220622,141230628
2011-09-19,13.560189247131348,13.640309378431656,13.28013981477018,13.403421042794545,98637264
2011-09-20,13.559197425842285,13.85413049994787,13.460969271761435,13.627907883972401,111052836
2011-09-21,13.374896049499512,13.766817064913914,13.366463097064262,13.585492044941132,100471428
2011-09-22,12.915009498596191,13.116426691784053,12.749807395415653,13.053669686994407,175835988
2011-09-23,13.03531265258789,13.057885283025911,12.76220830735365,12.813307017976273,110980908
2011-09-26,13.193570137023926,13.219367159768161,12.731203169387518,13.078473255554787,105262632
2011-09-27,13.378365516662598,13.569613219147028,13.29675751035967,13.350087105564011,120315564
2011-09-28,13.117915153503418,13.494456253361491,13.089637680983806,13.431947857699534,90441468
2011-09-29,13.084677696228027,13.32776717885731,12.884004425324838,13.296512978855086,116147736
2011-09-30,12.775604248046875,12.997857552778646,12.759231788333567,12.903845414449103,108835056
2011-10-03,12.291410446166992,12.700198308453722,12.278511933102003,12.646867754288277,178797024
2011-10-04,12.449666023254395,12.487867172968006,11.921318562013177,12.155230179737698,166185648
2011-10-05,12.519119262695312,12.596015942822453,11.925534403687902,12.311997246075432,181182636
2011-10-06,12.767420768737793,12.780319281692536,12.467030519254928,12.588575253385232,136835028
2011-10-07,12.777589797973633,12.911041429034524,12.658029236283662,12.820006951074141,114121764
2011-10-10,13.324541091918945,13.331982432121679,12.978013986456682,13.027128533320694,92795112
2011-10-11,13.473620414733887,13.563415618586527,13.232515112187874,13.232515112187874,114021864
2011-10-12,13.605583190917969,13.77252180649246,13.509587815208992,13.596405348230467,126984888
2011-10-13,13.865787506103516,13.866035172651372,13.593675702798,13.643534192874935,227276496
2011-10-14,14.676666259765625,14.87312256929872,14.574717434657915,14.869898177394834,340854804
2011-10-17,14.446722030639648,14.680385958363663,14.337330933842168,14.47921644788454,160167672
2011-10-18,14.64764404296875,14.69849414681618,14.322448398086005,14.391655131357584,151879968
2011-10-19,14.404305458068848,14.686090438644445,14.367594091127545,14.569011276204566,117142740
2011-10-20,14.477975845336914,14.607459131590556,14.3747868062228,14.43407175026949,135024840
2011-10-21,14.647147178649902,14.70320678562365,14.553135981551005,14.622838990444556,135504360
2011-10-24,14.79423999786377,14.882298688282928,14.548174778946379,14.55363195053985,136938924
2011-10-25,14.465326309204102,14.759018197144988,14.457637302459379,14.711888763991356,101518380
2011-10-26,14.543462753295898,14.639458124550643,14.20983509478771,14.623831498695534,114809076
2011-10-27,14.850052833557129,14.950017478301923,14.716848880981024,14.843850771768283,151060788
2011-10-28,14.886517524719238,14.94009574199564,14.740415051037527,14.747112446358603,100219680
2011-10-31,14.700478553771973,14.875354779566264,14.676418030762722,14.761251390933197,102209688
2011-11-01,14.35345458984375,14.523616625334963,14.306324215056124,14.389422009922663,124878996
2011-11-02,14.506502151489258,14.584390446743464,14.398849441061145,14.508487265087416,84751164
2011-11-03,14.82103157043457,14.82103157043457,14.479218608770118,14.560578969940758,106685208
2011-11-04,14.787294387817383,14.876593298226988,14.695268309650446,14.721809276417366,113278608
2011-11-07,15.089668273925781,15.100831228875435,14.690307865216683,14.71734511117062,134161704
2011-11-08,15.189138412475586,15.239493182532144,14.972342264076309,15.106289223137754,121054824
2011-11-09,14.906608581542969,15.115963390415295,14.849804082648053,14.988713826176458,148291560
2011-11-10,14.761003494262695,15.030633917928208,14.673689688654294,15.030137639517688,114621264
2011-11-11,15.090165138244629,15.182936107223433,14.84831592967166,14.915289876606124,158920920
2011-11-14,15.205509185791016,15.331519473246802,15.076027785340491,15.081484011976013,127420452
2011-11-15,15.293816566467285,15.331520494061634,15.1434980798254,15.200549304367891,106932960
2011-11-16,15.167556762695312,15.336975804434553,15.146225299856141,15.182688054269656,104235660
2011-11-17,14.904624938964844,15.187898772009142,14.80317144999879,15.132335439813142,139592268
2011-11-18,14.75604248046875,14.994668278263374,14.728013619567736,14.93265521520215,131376492
2011-11-21,14.410260200500488,14.597786333870689,14.190735924108186,14.579430648753904,119931948
2011-11-22,14.386941909790039,14.510223130583054,14.268869248733326,14.386941909790039,96115788
2011-11-23,14.141619682312012,14.393143016928066,14.141619682312012,14.271597352598043,92938968
2011-11-25,13.965255737304688,14.244808877807225,13.92383019905978,14.019578841754862,62433504
2011-11-28,14.590094566345215,14.605722136053796,14.30012336559419,14.371314262177957,113042844
2011-11-29,14.45962142944336,14.64392315832448,14.419933336591846,14.582406378081584,73198728
2011-11-30,14.867912292480469,14.870889017468196,14.686834963654148,14.832192537919893,135744120
2011-12-01,15.224609375,15.279924092554815,14.858238701310926,14.883043168271044,144679176
2011-12-02,15.38807487487793,15.478365402746764,15.286373725103815,15.305970577288253,163264572
2011-12-05,15.519292831420898,15.674323575965046,15.438676428329407,15.568655040949693,127772100
2011-12-06,15.472661972045898,15.592965537575513,15.385099549442783,15.453312784652363,92966940
2011-12-07,15.463235855102539,15.519543135450451,15.33201699691272,15.420819644907274,90201708
2011-12-08,15.281166076660156,15.56394363214098,15.26256178015508,15.404943587389855,96427476
2011-12-09,15.563199043273926,15.605615249459708,15.304978300193993,15.329534155603682,110537352
2011-12-12,15.512843132019043,15.532439037827848,15.386337522435117,15.425777945882329,87268644
2011-12-13,15.518798828125,15.789918102535987,15.449840702714424,15.596438517693695,160966872
2011-12-14,15.331271171569824,15.48630286873924,15.19285865605412,15.425034701985146,155991852
2011-12-15,15.367734909057617,15.478366240041128,15.346651111133456,15.441654870951156,96247656
2011-12-16,15.526985168457031,15.610329697429412,15.415609887765001,15.486304515563392,178193628
2011-12-19,15.424538612365723,15.58998838671323,15.379146624281775,15.577834764380501,85654260
2011-12-20,15.636374473571777,15.672838175633613,15.57733719331643,15.577586750462286,95432472
2011-12-21,15.523510932922363,15.672340572177175,15.353346994090296,15.627443919316093,99816084
2011-12-22,15.619754791259766,15.67010956391829,15.553029447482949,15.576346026025725,72819108
2011-12-23,15.705083847045898,15.743284050581662,15.641087564366153,15.676806375848233,58089852
2011-12-27,15.881447792053223,15.986621002327864,15.676806209936506,15.678046433304116,64191744
2011-12-28,15.867804527282715,15.999271978726064,15.828115490955092,15.943460039440218,85002912
2011-12-29,15.934781074523926,15.949663756604338,15.756184163097458,15.912207494234277,62952984
2011-12-30,16.02159881591797,16.042930282389694,15.925354823746009,15.925354823746009,71220708
2012-01-03,16.505544662475586,16.573511178826283,16.18208832452265,16.196226116157433,146912940
2012-01-04,16.57673454284668,16.625600477171965,16.38672703205007,16.496116243953235,114445440
2012-01-05,16.34678840637207,16.469821951244327,16.277831240004986,16.42418135922624,131184684
2012-01-06,16.123794555664062,16.371349572608274,16.118088771829072,16.350263884367166,107608284
2012-01-09,15.440166473388672,16.048882696449663,15.409656220470307,16.036480462025047,232671096
2012-01-10,15.457033157348633,15.721455015203055,15.302496790123534,15.62099503300046,175648176
2012-01-11,15.526985168457031,15.612066199331716,15.406928323545756,15.465963716470435,95904000
2012-01-12,15.618266105651855,15.698882514878703,15.540377809708335,15.657457920179482,74932992
2012-01-13,15.502923965454102,15.551541293092885,15.405439753012631,15.53442583093528,92199708
2012-01-17,15.591972351074219,15.67630942794689,15.520037507479243,15.67630942794689,76295628
2012-01-18,15.699380874633789,15.726418125664456,15.431734587387481,15.543604262094608,110357532
2012-01-19,15.864580154418945,15.899803632756967,15.663411573865222,15.899803632756967,251959788
2012-01-20,14.535524368286133,14.659798150052746,14.429110936972858,14.648138916301743,422628948
2012-01-23,14.523865699768066,14.601753046920278,14.465325647162421,14.535772599758712,136379484
2012-01-24,14.410011291503906,14.577445223438485,14.33733155702003,14.543710581442204,122109768
2012-01-25,14.126242637634277,14.35494476020016,14.049098280317613,14.325178451734862,199308492
2012-01-26,14.091761589050293,14.250017678374459,14.003703841865732,14.188005566462417,128918952
2012-01-27,14.386445999145508,14.394879895906874,14.12227086750256,14.158239234659025,144555300
2012-01-30,14.329643249511719,14.386943083036693,14.223228867840099,14.338573425163535,93126780
2012-01-31,14.389670372009277,14.486162960956712,14.266636814774401,14.461357549095377,85610304
2012-02-01,14.407529830932617,14.523369715179218,14.365609904156932,14.50947864667318,92735172
2012-02-02,14.513696670532227,14.54594342487452,14.438538374743315,14.50774321997532,96491412
2012-02-03,14.792009353637695,14.810365983414744,14.586623820658694,14.651364994775312,126613260
2012-02-06,15.108521461486816,15.151682559074736,14.734461766698924,14.75926623461778,147036816
2012-02-07,15.050973892211914,15.11596367750274,14.97631093165264,15.06040034621142,83600316
2012-02-08,15.127374649047852,15.16458229690576,15.000620412588743,15.097359729843962,73382544
2012-02-09,15.16731071472168,15.24271856880293,15.106290208821704,15.181201784467003,90497412
2012-02-10,15.029643058776855,15.084709168672422,14.982265010814247,15.078508051461036,92914992
2012-02-13,15.185664176940918,15.226343878058067,15.131589686475113,15.143495640733851,72579348
2012-02-14,15.125140190124512,15.180703516531725,15.00111502612707,15.169293840461444,72075852
2012-02-15,15.020959854125977,15.203773696575647,14.946544560449217,15.203773696575647,96938964
2012-02-16,15.044772148132324,15.101575700446064,14.826735780640924,14.952993730496722,101134764
2012-02-17,14.998140335083008,15.072307966058343,14.942577001140883,15.006325620790571,97866036
2012-02-21,15.230314254760742,15.326558233645859,14.954481775310358,14.97903952107672,99132768
2012-02-22,15.079997062683105,15.29927367441391,15.04948680941336,15.179713108248412,78601320
2012-02-23,15.034603118896484,15.079996050600663,14.891725983216359,15.056679473061818,82117800
2012-02-24,15.12861442565918,15.172023189329336,15.019719598706134,15.065361142581182,77346576
2012-02-27,15.113980293273926,15.18963486929513,15.00855846375844,15.04651005770218,72483444
2012-02-28,15.339207649230957,15.373438566772082,15.073544647907568,15.13109308569024,113790096
2012-02-29,15.335737228393555,15.51805480121319,15.267523048355235,15.344418792505856,125350524
2012-03-01,15.438678741455078,15.52053538008022,15.333256911889617,15.435205737663722,89418492
2012-03-02,15.410151481628418,15.478365657045277,15.387083516179878,15.428755777329469,62869068
2012-03-05,15.236517906188965,15.440911840395104,15.165326998750817,15.38981217522821,63668268
2012-03-06,15.00607681274414,15.101575901667816,14.730244332475959,15.082723939495654,126849024
2012-03-07,15.051719665527344,15.160613554279223,15.028403086306243,15.107530666654117,50529420
2012-03-08,15.060153007507324,15.16830294724938,15.040557099398235,15.132086910998757,53766180
2012-03-09,14.889244079589844,15.17822367802578,14.883042962935368,15.080244144300723,106717176
2012-03-12,15.01078987121582,15.05667908013028,14.86468740234362,14.883043085909403,66693240
2012-03-13,15.324076652526855,15.325813154148673,15.020710669958236,15.100086849154762,89742168
2012-03-14,15.279677391052246,15.448103891634736,15.21692132944578,15.255120589093869,117358524
2012-03-15,15.40717601776123,15.465963744216305,15.250904080365391,15.294809125275062,97306596
2012-03-16,15.504161834716797,15.525741909071488,15.380384336093222,15.401221410822751,121897980
2012-03-19,15.725921630859375,15.807530606590761,15.409905685070083,15.456538845320983,86825088
2012-03-20,15.713764190673828,15.777512801844786,15.559476443862089,15.650015579502872,61558380
2012-03-21,15.874751091003418,16.058555594227876,15.68945680729387,15.74154713320177,98685216
2012-03-22,16.025314331054688,16.093528493437248,15.651997717928028,15.838035912929552,96311592
2012-03-23,15.93949031829834,16.08608810320433,15.897570396131739,16.03895773114411,77530392
2012-03-26,16.10667610168457,16.110646328733385,15.863836218951624,15.99927200709257,72695232
2012-03-27,16.049379348754883,16.21011494799341,15.994310404935032,16.049627015317654,80207712
2012-03-28,16.266172409057617,16.336371690945512,16.150084867494975,16.173649108949576,101454444
2012-03-29,16.0838565826416,16.286761650916755,15.981908715420202,16.208625692820302,76895028
2012-03-30,15.906004905700684,16.209867199079437,15.900051455302176,16.166707046920806,92335572
2012-04-02,16.04689598083496,16.06128332587005,15.747249743779548,15.89434474944449,91276632
2012-04-03,15.940237998962402,16.072450367962904,15.841514501984587,16.009444742365027,81714204
2012-04-04,15.754941940307617,15.850441028789483,15.65448101313629,15.836798571946984,65038896
2012-04-05,15.68474292755127,15.786691740272204,15.591724289739464,15.682758759335512,92655252
2012-04-09,15.64803409576416,15.759408434514846,15.51036550640501,15.589494034228322,87220692
2012-04-10,15.549308776855469,15.738819075768731,15.492008942065985,15.714510885660317,99180720
2012-04-11,15.775032997131348,15.776025553856666,15.65944078619297,15.725670787951001,87872040
2012-04-12,16.148351669311523,16.201185943048166,15.881697963212718,15.933539680100017,230033736
2012-04-13,15.493249893188477,16.098245429824576,15.466955644440304,16.0625247269307,326045628
2012-04-16,15.033611297607422,15.473653348388668,14.924221132952265,15.453562106871738,227456316
2012-04-17,15.120428085327148,15.321845264065892,15.056926194828389,15.095374062286835,120835044
2012-04-18,15.067840576171875,15.200547305023486,14.952744640046836,15.082723255757875,106673220
2012-04-19,14.865678787231445,15.286373503523338,14.85823839259019,15.024183487098856,131652216
2012-04-20,14.78531265258789,15.10256975449088,14.779607813723512,14.988466360157428,122213664
2012-04-23,14.82351303100586,14.84459683009631,14.63995523010995,14.706928243101304,87824088
2012-04-24,14.914546966552734,15.047502321344123,14.816567424966333,14.839387725144213,77086836
2012-04-25,15.124149322509766,15.164582307518788,14.954482599405718,14.982264738358216,72771156
2012-04-26,15.266777992248535,15.329534050212525,15.123653192221244,15.153667164571889,83616300
2012-04-27,15.254624366760254,15.298281743995462,15.145978147395295,15.255616923621872,65390544
2012-04-30,15.003348350524902,15.281908955129262,14.8981751371346,15.205261825331258,96195708
2012-05-01,14.99293041229248,15.17078146370969,14.887756259347237,14.977055175465898,80011908
2012-05-02,15.063127517700195,15.084211312692641,14.89817310100467,14.912808113292737,64395540
2012-05-03,15.15639591217041,15.25090339348716,15.105049528800603,15.121669656795152,74645280
2012-05-04,14.807883262634277,15.078754835700856,14.803914926216876,15.029888903647226,88207704
2012-05-07,15.070321083068848,15.145232650260844,14.759017471478908,14.759017471478908,79700220
2012-05-08,15.200300216674805,15.302249033476455,14.900407216447574,15.020215438490196,106984908
2012-05-09,15.110011100769043,15.289351950768092,14.927942137270641,15.052215931208943,93058848
2012-05-10,15.221880912780762,15.284636968984893,15.136798946239985,15.204516841014573,61374564
2012-05-11,15.012773513793945,15.243956997299,15.001362892279696,15.139775404414648,83892024
2012-05-14,14.982264518737793,15.093887460753393,14.897431158429315,14.902392997327716,72903024
2012-05-15,15.1586275100708,15.255119152252933,14.976062290564972,15.015750381761892,83999916
2012-05-16,15.600654602050781,15.629676018258298,15.278436626838538,15.328542785839728,193210596
2012-05-17,15.45479965209961,15.821914255085465,15.40965438980654,15.722199167806965,134017848
2012-05-18,14.892967224121094,15.687225421684577,14.801187852334209,15.505651791877812,238701060
2012-05-21,15.23304271697998,15.272234529583054,14.883042626117376,14.89569347098151,122892984
2012-05-22,14.902888298034668,15.225602555927413,14.783824015868822,15.216423768425287,121953924
2012-05-23,15.117700576782227,15.12117263519082,14.81160549557147,14.923972384498688,126996876
2012-05-24,14.973830223083496,15.178718513684549,14.855013617884241,15.110256675595307,75576348
2012-05-25,14.672943115234375,14.925954327523526,14.592326714185099,14.907847257308253,143132724
2012-05-29,14.742648124694824,14.86146474866452,14.593322192023594,14.779111829539223,104123772
2012-05-30,14.591086387634277,14.682120852295965,14.474502568218574,14.589349886055059,76191732
2012-05-31,14.40827465057373,14.634993539498211,14.362136827313948,14.60324306400957,118613268
2012-06-01,14.163199424743652,14.204624016261873,14.097961979295087,14.183291608868515,122193684
2012-06-04,14.351966857910156,14.39909723632046,14.139139991272716,14.144348551283963,97210692
2012-06-05,14.14906120300293,14.340556598114633,14.051329337204034,14.274078926989286,93502404
2012-06-06,14.401081085205078,14.435808283914483,14.228437648443993,14.29962760229992,83748168
2012-06-07,14.343038558959961,14.582655983130524,14.318730366906996,14.575463253854574,70269660
2012-06-08,14.39810562133789,14.411749024524783,14.25249941867132,14.284002228524184,56359584
2012-06-11,14.101683616638184,14.518905340057284,14.05678601877084,14.491371814432345,106337556
2012-06-12,14.017346382141113,14.146333390648595,13.855617288404586,14.133186267013015,128839032
2012-06-13,13.917877197265625,14.06447499049411,13.858096923321714,13.933504766665383,78089832
2012-06-14,13.86727523803711,14.016602094727165,13.804518237050864,13.923087177548624,93702204
2012-06-15,14.00271224975586,14.002959916322531,13.818658179028956,13.899275537065188,119927952
2012-06-18,14.1599760055542,14.243321472679119,13.872236625170071,13.955830704141034,99776124
2012-06-19,14.424895286560059,14.493109467008242,14.216284408285803,14.227942697793681,82964952
2012-06-20,14.325177192687988,14.38694258454488,14.225957433580506,14.382229357673156,93774132
2012-06-21,14.020074844360352,14.38297441177346,13.98336347635483,14.38297441177346,80371548
2012-06-22,14.175601959228516,14.175601959228516,14.03520622448653,14.08928071637778,89026884
2012-06-25,13.908204078674316,14.091512292286287,13.825106283566162,14.072660331374848,63200736
2012-06-26,14.006928443908691,14.054554154938879,13.877942379524983,13.959302732878506,53953992
2012-06-27,14.121528625488281,14.237863848791845,14.040168269144518,14.081840531504467,67624308
2012-06-28,13.997751235961914,14.045376949148904,13.821634785678983,14.03719166371986,76759164
2012-06-29,14.388679504394531,14.390168339738766,14.193463414058439,14.261925262293914,100679220
2012-07-02,14.398599624633789,14.46135757197113,14.300123812555652,14.432086599847304,66153780
2012-07-03,14.581164360046387,14.595551706432305,14.337330978737873,14.387189467422424,47532420
2012-07-05,14.781840324401855,14.884533093840826,14.598777862131127,14.604235979612815,93742164
2012-07-06,14.53527545928955,14.722306239786121,14.456891833307008,14.69576432649213,86385528
2012-07-09,14.536020278930664,14.600265169750545,14.417948562145687,14.509726032310505,68535396
2012-07-10,14.42911148071289,14.69526984759366,14.355687798430727,14.639706516437876,76847076
2012-07-11,14.16840934753418,14.333611451135768,14.013378588180247,14.295163580821185,139832028
2012-07-12,14.150795936584473,14.186764301166606,13.94268137211567,14.067451422301225,92299608
2012-07-13,14.300619125366211,14.365856569667377,14.102922624326446,14.192220588671628,78960960
2012-07-16,14.260932922363281,14.366850081281237,14.183045568761266,14.296900346566243,58445496
2012-07-17,14.305829048156738,14.40356091155166,14.099202366528516,14.347997585068024,67136796
2012-07-18,14.405795097351074,14.478473890348084,14.290947763327807,14.312031561194821,61866072
2012-07-19,14.710896492004395,14.845340677576202,14.535773546455706,14.539245604768979,186801012
2012-07-20,15.151434898376465,15.204021504735456,14.837898483306121,15.10033618197629,258289452
2012-07-23,15.267769813537598,15.338215820080213,14.839633766850769,14.894949427316051,142325532
2012-07-24,15.070817947387695,15.327798464853526,14.990697817321625,15.255119674899541,80295624
2012-07-25,15.081235885620117,15.214935175834974,15.016246102878958,15.089421170616056,72847080
2012-07-26,15.214439392089844,15.301505531258538,15.131838813329736,15.255120042425057,67340592
2012-07-27,15.750229835510254,15.751222392377292,15.317133790977422,15.351612380661596,141846012
2012-07-30,15.684248924255371,15.939741577412489,15.614794518999815,15.77726757556001,87380532
2012-07-31,15.70086669921875,15.788428170313367,15.583042643667612,15.584035200476489,74549376
2012-08-01,15.69367504119873,15.863093156521881,15.661427340925139,15.808273767582849,73710216
2012-08-02,15.59618854522705,15.82638042566797,15.463730423497278,15.51582074919394,79028892
2012-08-03,15.908239364624023,15.96752431771913,15.779500948955464,15.87524866268163,75808116
2012-08-06,15.945198059082031,16.107918765525426,15.855898196783789,15.865572317023025,71224704
2012-08-07,15.888641357421875,15.980917000278275,15.78768509634356,15.919646941400833,79192728
2012-08-08,15.930562019348145,16.0208525527578,15.838039650964452,15.851682108544,52835112
2012-08-09,15.933540344238281,16.033255445356286,15.912951878448032,15.987119510491324,42769188
2012-08-10,15.924857139587402,15.930808699149527,15.779250949302678,15.84027145007368,57326616
2012-08-13,16.371593475341797,16.37506458757263,16.040941676594862,16.059297356686997,130585284
2012-08-14,16.586158752441406,16.69009173562484,16.346542312767472,16.35274342938336,146321532
2012-08-15,16.558380126953125,16.724821516266392,16.473050485265368,16.6263447498324,96331572
2012-08-16,16.69059181213379,16.7344968596293,16.546969767475847,16.5576364461121,68639292
2012-08-17,16.796506881713867,16.799236885771275,16.661568301663046,16.72159625098904,87020892
2012-08-20,16.756816864013672,16.83941837846135,16.685377358705153,16.755824307306682,70253676
2012-08-21,16.607248306274414,16.817842434869164,16.425179320754395,16.696546296919223,88799112
2012-08-22,16.797496795654297,16.88233109121495,16.5375395734693,16.554407365967787,76291632
2012-08-23,16.788076400756836,16.879359501785622,16.64420668632135,16.72532033225344,71296632
2012-08-24,16.833467483520508,16.87861275057418,16.720605261178566,16.758307297092315,57006936
2012-08-27,16.60004997253418,16.669007142239938,16.35249498107611,16.4455136164518,104443452
2012-08-28,16.799238204956055,16.808415102972152,16.48892708920162,16.49537587353061,82261656
2012-08-29,17.06613540649414,17.090446428857394,16.771949159829813,16.80220985070362,119492388
2012-08-30,16.90912437438965,17.05076130416674,16.87191766859506,16.97262533141346,65010924
2012-08-31,16.99370574951172,17.0802756031341,16.868441307680357,16.966668503897967,84998916
2012-09-04,16.893245697021484,16.991472892795723,16.706215868005437,16.980310883329036,75508416
2012-09-05,16.88530921936035,17.02868358495512,16.846117402824937,16.867450758241514,68259672
2012-09-06,17.34866714477539,17.360821711325777,16.984776929067596,17.015287178716083,121618260
2012-09-07,17.516101837158203,17.667412868694505,17.305755417277542,17.363550582258235,129190680
2012-09-10,17.382654190063477,17.681306078026125,17.323616900831418,17.60565243963915,102297600
2012-09-11,17.169822692871094,17.37967567381354,17.140304998194075,17.31294938700571,74877048
2012-09-12,17.137331008911133,17.237295670995508,16.889280634264207,17.100867303235077,105586308
2012-09-13,17.51337432861328,17.586797066745245,17.128895619678104,17.192148903993715,106253640
2012-09-14,17.60366439819336,17.68601636456868,17.537435335678293,17.60167928456141,104635260
2012-09-17,17.61110496520996,17.68303980832023,17.48757607577839,17.564719478713325,60271668
2012-09-18,17.816987991333008,17.826412554359827,17.53172906099422,17.556533527776946,82589328
2012-09-19,18.04568862915039,18.071980983693912,17.770601064938106,17.797638309658524,123808068
2012-09-20,18.06106948852539,18.14193356043988,17.88991489134923,17.9705312967197,116179704
2012-09-21,18.206676483154297,18.22974539507202,18.11068016521181,18.162523773030834,254109636
2012-09-24,18.588430404663086,18.60480097866564,18.113908738183166,18.13251209286444,142409448
2012-09-25,18.58296775817871,18.973152231109488,18.54576105788228,18.67945940298202,242097660
2012-09-26,18.68963050842285,18.882615705673516,18.380561530336266,18.60008486265955,226689084
2012-09-27,18.765037536621094,18.92230202280215,18.644733976408563,18.8506167322677,157086756
2012-09-28,18.71542739868164,18.834492630461018,18.632332427943176,18.706747725159154,111228660
2012-10-01,18.896007537841797,18.975879050047567,18.75784175131234,18.82828870110313,126593280
2012-10-02,18.777193069458008,19.000438964370378,18.61050401123088,18.98084305555398,111496392
2012-10-03,18.91386604309082,18.94908951807292,18.658374379433152,18.74568912198982,88243668
2012-10-04,19.051536560058594,19.097179049469986,18.836972242032406,18.9200690996705,98069832
2012-10-05,19.041614532470703,19.208553135905714,18.97612846966457,19.117517715377936,109326564
2012-10-08,18.798276901245117,18.94065680931334,18.70674615009368,18.876660528764816,78265656
2012-10-09,18.45720672607422,18.88459791411725,18.41851213454143,18.843670542372404,120007872
2012-10-10,18.46886444091797,18.542534838348875,18.313335525562582,18.40189049298793,81514404
2012-10-11,18.640512466430664,18.814644713281478,18.610994777162094,18.675735938457997,95260644
2012-10-12,18.473575592041016,18.72460358835023,18.457452689508028,18.649692968384873,96071832
2012-10-15,18.380064010620117,18.45075863687859,18.125067644833365,18.40387592241445,120643236
2012-10-16,18.47233772277832,18.529142224565256,18.267944742258877,18.35898016694251,82245672
2012-10-17,18.73998260498047,18.76106639960339,18.36220040511174,18.45373114694048,91624284
2012-10-18,17.239524841308594,18.837469494587577,16.76823049989762,18.74122551264639,497198304
2012-10-19,16.911849975585938,17.52974399124654,16.669008195305935,17.50196374461417,458828712
2012-10-22,16.834457397460938,16.982295409671266,16.61195454368095,16.892500222797832,162061776
2012-10-23,16.87613296508789,17.049272699532395,16.669009973091086,16.669257639669073,116547336
2012-10-24,16.800474166870117,17.04108314576572,16.750120347388982,17.03612225283494,99760140
2012-10-25,16.8118896484375,16.917062883592465,16.706468746667305,16.867453937152302,95947956
2012-10-26,16.747146606445312,16.94261037117939,16.64916705749047,16.780632641584496,77953968
2012-10-31,16.874889373779297,16.892252498957156,16.743421930549978,16.863975031264946,61418520
2012-11-01,17.05571746826172,17.13782175541309,16.835696960160604,16.85504519804186,81921996
2012-11-02,17.063905715942383,17.25316833338706,17.050261368736383,17.234315426315113,92883024
2012-11-05,16.94087028503418,17.03760958460036,16.757313471438433,16.979069537466994,65370564
2012-11-06,16.910114288330078,17.028682285748864,16.80667663745267,17.00338059541233,63248688
2012-11-07,16.547958374023438,16.823543161969262,16.532330804977217,16.743422093906148,89202708
2012-11-08,16.180103302001953,16.656360471140346,16.153809051244234,16.62436232661386,103776120
2012-11-09,16.446508407592773,16.578223539163844,16.13073920313651,16.238642422922748,124439436
2012-11-12,16.517696380615234,16.614437577876352,16.3929272715035,16.464364888851723,56179764
2012-11-13,16.347782135009766,16.559865989822715,16.327441338658108,16.445763556305515,63704232
2012-11-14,16.186552047729492,16.42542552206872,16.135700993591335,16.38772159327825,66669264
2012-11-15,16.055330276489258,16.37134708917785,15.971983874166975,16.12329488615431,73882044
2012-11-16,16.053348541259766,16.19821080118965,15.77602814662872,16.023830844689737,137390472
2012-11-19,16.57499885559082,16.592611541492747,16.260471752749016,16.26468775635156,94633272
2012-11-20,16.618654251098633,16.817838655822786,16.484706349937746,16.6072445745495,83464452
2012-11-21,16.51695442199707,16.614440526764596,16.381272836378205,16.594347393542403,84403512
2012-11-23,16.56904411315918,16.619399829392442,16.522658624224203,16.618654939127907,36863100
2012-11-26,16.399873733520508,16.54498364285737,16.347039463953735,16.53109162923193,88095816
2012-11-27,16.63701057434082,16.743424009128066,16.321738606681247,16.37556543576535,100247652
2012-11-28,16.95848274230957,16.989242549196014,16.46784019016681,16.570035725584553,121558320
2012-11-29,17.162384033203125,17.212240637453508,16.917059895926048,17.060434263220877,110948940
2012-11-30,17.3231201171875,17.34420391628412,17.008591125032883,17.147997159285705,126417456
2012-12-03,17.245731353759766,17.509656994822258,17.217451986001794,17.41911877831193,87612300
2012-12-04,17.141048431396484,17.25217508405365,17.008837982988577,17.239523294135793,79588332
2012-12-05,17.061426162719727,17.22712454558575,16.925245474752238,17.168832155474526,74421504
2012-12-06,17.143529891967773,17.254656551197904,16.97932129512039,17.055719809887393,58433508
2012-12-07,16.971879959106445,17.28616128848266,16.927479580002164,17.23952623839259,76695228
2012-12-10,17.00189208984375,17.156428448897344,16.96146005443,17.0011471996374,54613332
2012-12-11,17.286157608032227,17.41117437803575,17.05894341917212,17.11549835456645,107396496
2012-12-12,17.303024291992188,17.45061464387208,17.20182131584213,17.344448884004592,96942960
2012-12-13,17.430522918701172,17.772089098080993,17.352386963448755,17.758446642345277,137658204
2012-12-14,17.412168502807617,17.5575260811782,17.324606088263383,17.34296177179593,85118796
2012-12-17,17.87900161743164,17.907279088580054,17.463267775543407,17.49997914378302,121294584
2012-12-18,17.886194229125977,18.085380540939447,17.736868302492958,17.77531711959434,120075804
2012-12-19,17.862382888793945,17.934070074391485,17.777300911541822,17.87726557050247,76667256
2012-12-20,17.91819190979004,17.974994513818764,17.78449168165532,17.94051592870737,66213720
2012-12-21,17.751253128051758,17.830379750143017,17.624498907849897,17.71007620335944,140898960
2012-12-24,17.599197387695312,17.74008939817556,17.548843566631604,17.723471162568817,33602364
2012-12-26,17.583574295043945,17.683043629808996,17.42333400449444,17.563730717644937,47248704
2012-12-27,17.51957893371582,17.58283223062488,17.32907604314749,17.540662735823894,65830104
2012-12-28,17.36380386352539,17.53495661500422,17.36380386352539,17.405476133716117,56023920
2012-12-31,17.54660987854004,17.625738387878897,17.26432864852916,17.363548395712524,79816104
2013-01-02,17.940269470214844,18.033290012938675,17.774077632319262,17.845267594846515,101550348
2013-01-03,17.9506893157959,18.15557953906907,17.877514236055482,17.981944461597955,92635272
2013-01-04,18.30539894104004,18.392216461935575,18.05015493805525,18.091331863756015,110429460
2013-01-07,18.225528717041016,18.340376060571703,18.122092942238844,18.24289373671819,66161772
2013-01-08,18.18956184387207,18.263977143251807,17.969541283014486,18.245124233889374,66976956
2013-01-09,18.309120178222656,18.314824071183562,18.072974850355614,18.16401026760902,80907012
2013-01-10,18.392465591430664,18.479780342937932,18.19452140117406,18.425951622928512,73354572
2013-01-11,18.355504989624023,18.41602826394894,18.26397424264103,18.405363478066114,51356592
2013-01-14,17.940269470214844,18.41032740602983,17.917945447441724,18.28134038217153,114441444
2013-01-15,17.981943130493164,18.23172904948857,17.663693473828644,17.843034322565064,156950892
2013-01-16,17.740341186523438,17.967307745538626,17.70263725997189,17.91918480784404,80855064
2013-01-17,17.644344329833984,17.850722417418176,17.636902989495113,17.80284903833767,88371540
2013-01-18,17.475421905517578,17.680312096168112,17.39654105379565,17.620531818348987,128942928
2013-01-22,17.43474006652832,17.496010123972802,17.252423455827227,17.47914233044899,151544304
2013-01-23,18.392959594726562,18.578998761350473,18.251322690913025,18.256283584109585,236127636
2013-01-24,18.708232879638672,18.773221712944796,18.36840225278944,18.386510268655798,135172692
2013-01-25,18.69483757019043,18.814150447776306,18.610003276460006,18.6229027323818,88946964
2013-01-28,18.62190818786621,18.742708942313847,18.551461247334288,18.64745753986955,65018916
2013-01-29,18.695085525512695,18.776199150812104,18.5179774865321,18.523186046053354,69814116
2013-01-30,18.698808670043945,18.87542139933408,18.675989315509632,18.696575889786693,69250680
2013-01-31,18.74494743347168,18.792820815782875,18.610006960268077,18.616457634797964,65302632
2013-02-01,19.238815307617188,19.26362166757081,18.80472764073576,18.807208087672667,149694156
2013-02-04,18.827543258666992,19.11156193889747,18.80893991033334,19.04260288092288,121498380
2013-02-05,18.994237899780273,19.127440924903304,18.838710852279405,18.879885893214947,74753172
2013-02-06,19.104122161865234,19.17332889202704,18.814647232017812,18.828786912258213,83040876
2013-02-07,19.197887420654297,19.31844054162189,18.988283988327566,19.092466538065512,113494392
2013-02-08,19.481163024902344,19.513408837143626,19.33704564560234,19.351185328397403,120683196
2013-02-11,19.407983779907227,19.42237112620727,19.19292414736201,19.308266803133296,86625288
2013-02-12,19.365320205688477,19.543916150849896,19.332329508050524,19.391364896270737,74285640
2013-02-13,19.418895721435547,19.480659211337052,19.34720855592435,19.351178782401842,47880072
2013-02-14,19.54193115234375,19.564750503880248,19.292640607666772,19.34125698088641,69342588
2013-02-15,19.667694091796875,19.676870988197102,19.52332718079196,19.53151341099653,109082808
2013-02-19,20.013973236083984,20.017693906369406,19.72697872863093,19.744591413782853,117154728
2013-02-20,19.657028198242188,20.066559032573814,19.640409961206256,19.97552550225333,110457432
2013-02-21,19.733179092407227,19.97924621732638,19.626270324486697,19.794449152369886,140115744
2013-02-22,19.836864471435547,19.875063729801905,19.690266664309302,19.825702460973037,82073844
2013-02-25,19.615108489990234,20.052669133814803,19.608162482759862,19.90111043222997,92063844
2013-02-26,19.599233627319336,19.74359865787345,19.457099486446392,19.720034412970012,88011900
2013-02-27,19.83860206604004,19.961883296333294,19.6235424140104,19.715073169184883,80962956
2013-02-28,19.873825073242188,20.01744520755476,19.869607179452185,19.87134462651315,90541368
2013-03-01,19.997602462768555,20.021168598255798,19.74855955097843,19.78948881428877,86928984
2013-03-04,20.37736701965332,20.410607274388166,19.96808385810895,19.97552519826572,110912976
2013-03-05,20.801530838012695,20.83997775492172,20.56091998921364,20.56166487932291,161602236
2013-03-06,20.622440338134766,20.935479501263135,20.558691726957402,20.86180910380923,114805080
2013-03-07,20.652706146240234,20.752421248243923,20.577793623217385,20.68892029368882,82025892
2013-03-08,20.625913619995117,20.710250695068968,20.46542380928553,20.699831684987323,116359524
2013-03-11,20.70777130126953,20.8288197484503,20.625417444940258,20.630130671841748,63724212
2013-03-12,20.528926849365234,20.63509262160817,20.43119497454863,20.60582448306142,80251668
2013-03-13,20.47187042236328,20.60532297284163,20.39745514158782,20.536116251262744,65586348
2013-03-14,20.378360748291016,20.513546992830474,20.275420312951823,20.513546992830474,65981952
2013-03-15,20.19877052307129,20.347601103310765,20.17495672275249,20.302951173005187,123864012
2013-03-18,20.037290573120117,20.16056990929576,19.880521425098888,19.968083841020103,73458468
2013-03-19,20.124853134155273,20.32155900668199,20.004052341892628,20.122868020347276,83844072
2013-03-20,20.208942413330078,20.27839681852334,20.12783066370418,20.2615290230274,58493448
2013-03-21,20.12336540222168,20.263762104749368,20.088391477819105,20.124110292551677,59044896
2013-03-22,20.09980010986328,20.222088786786767,20.083179981563198,20.209686552496176,59468472
2013-03-25,20.083179473876953,20.321060371427368,20.013229739895618,20.151890875045034,68411520
2013-03-26,20.152137756347656,20.1913295704218,20.03729042737698,20.178927336928005,47628324
2013-03-27,19.91004180908203,20.017693579030094,19.87704921960584,20.009756905451443,86441472
2013-03-28,19.69993782043457,19.97725815551532,19.6778614693916,19.943027239014164,91420488
2013-04-01,19.873577117919922,19.899869474748815,19.676623600626005,19.72028097489024,72219708
2013-04-02,20.167516708374023,20.211918975049834,19.94327826649867,19.956674947996788,81578340
2013-04-03,19.99785041809082,20.196291839259253,19.86067905948945,20.177936154321472,69470460
2013-04-04,19.721769332885742,19.98668747397248,19.628253465405177,19.949478882110014,97806096
2013-04-05,19.42361068725586,19.521342547213457,19.258655324676827,19.498273638728865,137218644
2013-04-08,19.220212936401367,19.33679772955443,19.06022031963733,19.316952262461903,113170716
2013-04-09,19.28966522216797,19.44097625755985,19.177050669176076,19.236333725586896,86205708
2013-04-10,19.600475311279297,19.654302145894043,19.248737715143946,19.420389564224646,79064856
2013-04-11,19.605684280395508,19.67290590841836,19.44866744355914,19.667449681101623,81066852
2013-04-12,19.597246170043945,19.648097214602082,19.420633461210713,19.645369101530086,65402532
2013-04-15,19.395832061767578,19.769644110415253,19.27403871458019,19.49554905318422,98025876
2013-04-16,19.67959976196289,19.744838158071634,19.44519376376141,19.51142282609906,69610320
2013-04-17,19.411460876464844,19.616846432606078,19.300829533367562,19.515393878078566,81398520
2013-04-18,18.998451232910156,19.49182373063942,18.88310669714661,19.480659831546095,132767100
2013-04-19,19.84083366394043,19.929386743341855,19.00713512989905,19.079068082461347,231895872
2013-04-22,19.846786499023438,19.942285582291692,19.223929729857215,19.8589391747158,115220664
2013-04-23,20.040019989013672,20.22853773291317,19.85299013512409,19.8688653732604,91600308
2013-04-24,20.177688598632812,20.290550822317257,20.042500462432,20.045228575884543,73090836
2013-04-25,20.06978416442871,20.25259800404606,20.03332046312774,20.24714177747093,79608312
2013-04-26,19.879281997680664,20.036051151978725,19.75922610307935,20.03257814831927,99408492
2013-04-29,20.316844940185547,20.407133584197823,19.918474208235075,19.92467532539822,91939968
2013-04-30,20.45351791381836,20.52966875557065,20.282609100431557,20.31535212851835,92175732
2013-05-01,20.35082244873047,20.457237758366066,20.249865255514614,20.421021728530057,58141800
2013-05-02,20.578535079956055,20.701073298449412,20.316592740829726,20.342639320112035,80651268
2013-05-03,20.978147506713867,21.00493708996809,20.737043148010393,20.76085506057828,100403496
2013-05-06,21.370811462402344,21.378252802891378,21.041152138283397,21.041152138283397,85566348
2013-05-07,21.263652801513672,21.428358627711415,21.100932088982383,21.407027163427056,78281640
2013-05-08,21.670455932617188,21.67665704916904,21.156493024358962,21.257945559848427,98633268
2013-05-09,21.617124557495117,21.82002962957983,21.53650626071307,21.601249320919,87935976
2013-05-10,21.834171295166016,21.84186030231453,21.63399431805967,21.71213028472818,75832092
2013-05-13,21.767196655273438,21.8897329949984,21.664254332657578,21.800930353389777,57882060
2013-05-14,22.004581451416016,22.04402093537826,21.757523645691546,21.76645287644528,63108828
2013-05-15,22.718717575073242,22.7308721420068,22.17623140452083,22.212942771874353,159276564
2013-05-16,22.420564651489258,22.82017564353894,22.37442682309446,22.795864615210437,128255616
2013-05-17,22.552276611328125,22.659185378404846,22.337464629776328,22.573112742083456,111568320
2013-05-20,22.53615379333496,22.835550522419744,22.44859137616694,22.44859137616694,90817092
2013-05-21,22.497455596923828,22.61379080943324,22.26528050498391,22.523500285836132,79240680
2013-05-22,22.0621280670166,22.555502549491685,21.999124339956616,22.3880686087299,102321576
2013-05-23,21.89767074584961,22.075521798438963,21.679633431951476,21.75404872322805,90912996
2013-05-24,21.662765502929688,21.799193851182046,21.60546567228707,21.71088654652697,91780128
2013-05-28,21.859966278076172,22.129597632647908,21.838385258061614,21.91528099411524,90209700
2013-05-29,21.53849220275879,21.77860587417797,21.438777109875346,21.722050932507695,80455464
2013-05-30,21.59926414489746,21.801176659627533,21.491362826035026,21.5784280151131,84743172
2013-05-31,21.610673904418945,21.754048257418393,21.5188954882794,21.533780058683494,78697224
2013-06-03,21.521625518798828,21.67889000885703,21.208833985833444,21.654830430572037,98928972
2013-06-04,21.31003761291504,21.59504888057046,21.185268496486714,21.52708237196226,74669256
2013-06-05,21.324920654296875,21.566769884558823,21.261172038370088,21.394622720549993,84187728
2013-06-06,21.447460174560547,21.4893801053429,21.01535573673563,21.439026276972484,103060836
2013-06-07,21.82176399230957,21.828462332206254,21.46432446764494,21.590829129656463,106877016
2013-06-10,22.081974029541016,22.10132038073469,21.830698334163298,21.880556828610636,93418488
2013-06-11,21.823755264282227,22.002103577143906,21.816561589289503,21.92694338020941,70233696
2013-06-12,21.62952995300293,21.97729731865903,21.57173478174106,21.96390252675879,88103808
2013-06-13,21.754051208496094,21.82003261044865,21.46879224424941,21.555114445732265,82713204
2013-06-14,21.705429077148438,21.945047396379977,21.682857391822186,21.830943074729863,89710200
2013-06-17,21.983495712280273,22.062374673242367,21.785799195602138,21.809363439153056,85766148
2013-06-18,22.33994483947754,22.34937129323344,22.035587221277165,22.043026670841837,86589324
2013-06-19,22.341432571411133,22.593453140231254,22.2625536101551,22.358548031749823,116519364
2013-06-20,21.94603729248047,22.349368849854155,21.910566152080794,22.17548426041169,134745120
2013-06-21,21.851531982421875,22.073537623330857,21.656563587381726,22.035336477255363,159132708
2013-06-24,21.575206756591797,21.737182584582854,21.412981371445273,21.62704847447149,120555324
2013-06-25,21.48615264892578,21.820523257074477,21.444230835382438,21.760495318866905,102025872
2013-06-26,21.67095184326172,21.77885316472393,21.59455143848872,21.673432289948565,73182744
2013-06-27,21.755786895751953,21.944799964748157,21.74536788495698,21.798699381149206,76982940
2013-06-28,21.8376407623291,21.874104462770617,21.684346511128837,21.701957304389207,93878028
2013-07-01,22.023927688598633,22.128108339856627,21.952488177318607,21.988456544802197,68923008
2013-07-02,21.885759353637695,22.101314286020887,21.760742597432184,22.08147071657569,75584340
2013-07-03,21.987960815429688,22.055925431427827,21.791254969049362,21.82598311256573,41838120
2013-07-05,22.163082122802734,22.21070782910392,22.010530884604858,22.076761829908463,68007924
2013-07-08,22.450820922851562,22.480089055960548,22.252131872986837,22.304966137431236,78701220
2013-07-09,22.454545974731445,22.64579372273597,22.27446023768225,22.59742311801172,79096824
2013-07-10,22.473148345947266,22.60089324522548,22.333991879056047,22.410142729268824,68267664
2013-07-11,22.826622009277344,22.84075979997477,22.535906834692796,22.647033499496757,103264632
2013-07-12,22.895082473754883,22.895082473754883,22.702594517713813,22.82066718275627,102625272
2013-07-15,22.937002182006836,23.019106478814965,22.730376438091525,22.927328061928378,78341580
2013-07-16,22.810993194580078,23.018361941319565,22.66935628525353,22.997525810966135,79240680
2013-07-17,22.784698486328125,22.990828896135593,22.72888654623892,22.845471319706654,60183756
2013-07-18,22.5894832611084,22.820667703103737,22.40369364121893,22.79561367859218,145234620
2013-07-19,22.24022674560547,22.397738885394677,21.71956928422744,21.992424081149903,294077628
2013-07-22,22.58997917175293,22.638845103982767,22.250148535610194,22.37417464642158,116011872
2013-07-23,22.418825149536133,22.647031913673214,22.313899609154518,22.589979749992857,81746172
2013-07-24,22.396499633789062,22.580056470762766,22.341927915803215,22.504650512963856,83056860
2013-07-25,22.01946449279785,22.24643106039029,21.979280117872385,22.172512985074555,119923956
2013-07-26,21.961170196533203,22.07626518379263,21.878071456922818,22.001849897588773,71036892
2013-07-29,21.884775161743164,22.1960788387356,21.85054423513303,21.95001356804693,75600324
2013-07-30,22.099336624145508,22.21567184799145,21.85004604851086,21.963900825552017,70153776
2013-07-31,22.020702362060547,22.237994785204226,21.981760105357452,22.1506819275812,86853060
2013-08-01,22.429244995117188,22.43743122631176,22.200540979503508,22.200540979503508,85450464
2013-08-02,22.487537384033203,22.49820406218312,22.344907902823355,22.409896747453516,68487444
2013-08-05,22.448593139648438,22.461492598123446,22.304723435554752,22.458267260858552,52335612
2013-08-06,22.239482879638672,22.565421489643782,22.2186467509569,22.440900050618623,60183756
2013-08-07,22.092639923095703,22.286118552840772,22.053941550328485,22.20153191470612,55112832
2013-08-08,22.142494201660156,22.221375047697432,21.959680377887505,22.21269348489027,59460480
2013-08-09,22.086687088012695,22.213439434296525,22.07651574347766,22.090405867696788,52895052
2013-08-12,21.96514129638672,22.0021003323113,21.86939264559126,21.99961988547857,55024920
2013-08-13,21.859468460083008,22.039306507479576,21.734204018188258,21.997881915566932,56735208
2013-08-14,21.575700759887695,21.834170114811222,21.509967031071803,21.788032293245372,83204712
2013-08-15,21.323928833007812,21.454403728249318,21.28275190665539,21.442496828241623,74693232
2013-08-16,21.255718231201172,21.392889599125667,21.246539442816175,21.3641167916218,66936996
2013-08-19,21.472511291503906,21.630023443558883,21.269110873915185,21.27555965744088,72363564
2013-08-20,21.466808319091797,21.632754375453178,21.42017327070369,21.539486169261483,49270680
2013-08-21,21.563793182373047,21.751815575681956,21.493593895421018,21.596536212475176,70221708
2013-08-22,21.672439575195312,21.69823659866737,21.586614607988455,21.647385551373276,34761204
2013-08-23,21.585622787475586,21.778853748849176,21.574213110526948,21.774637745602206,43040916
2013-08-26,21.49086570739746,21.701957010030057,21.482431810707293,21.58041323412461,42057900
2013-08-27,21.088031768798828,21.424884747789235,21.03222171828755,21.322936876387804,69294636
2013-08-28,21.04834747314453,21.218509542140065,21.028999230112476,21.090516963161146,53142804
2013-08-29,21.219003677368164,21.341787677838845,21.049336966239668,21.061241975878037,59080860
2013-08-30,21.007415771484375,21.28374358795437,20.974177407079896,21.22718864609693,74389536
2013-09-03,21.34178924560547,21.485906610444065,21.18229197596736,21.192463320505944,81822096
2013-09-04,21.620847702026367,21.667233193746572,21.212557064492422,21.341044971086617,81566352
2013-09-05,21.817550659179688,21.8254873327126,21.62034946666001,21.667232179920894,51600348
2013-09-06,21.81804656982422,21.922227219826677,21.673182435430093,21.888986965977786,62401536
2013-09-09,22.028146743774414,22.07031623380745,21.888494929370914,21.92098840729953,49334616
2013-09-10,22.04352378845215,22.126125310527346,21.927683902420892,22.07701170954615,51452496
2013-09-11,22.230058670043945,22.249406910897573,21.97927831978878,22.040300712795677,64359576
2013-09-12,22.152414321899414,22.27247208354703,22.07676070884033,22.260067961313908,43776180
2013-09-13,22.05344581604004,22.217406748043906,21.94852027247956,22.18813861096288,52962984
2013-09-16,22.020952224731445,22.250151571049205,21.949266930301505,22.23030799559923,53406540
2013-09-17,21.980022430419922,22.036577370459607,21.85326820313635,22.012268236975945,50325624
2013-09-18,22.406919479370117,22.42304238352144,21.904615769795424,21.985977071408023,77310612
2013-09-19,22.284629821777344,22.47314945743173,22.210464081546824,22.47314945743173,63852084
2013-09-20,22.401708602905273,22.42701029405871,22.21591898239122,22.284628491588666,173638188
2013-09-23,21.98969841003418,22.364005782856935,21.957450710166828,22.229067204541145,71024904
2013-09-24,21.998132705688477,22.078996787513706,21.863192234345636,21.989698808068013,59412528
2013-09-25,21.759754180908203,21.990936724448446,21.719322144237324,21.990936724448446,65894040
2013-09-26,21.783071517944336,21.896678625416524,21.704438331377574,21.786294964354614,50345604
2013-09-27,21.73891830444336,21.766948108178212,21.61290896620434,21.69997226660861,50301648
2013-09-30,21.72701072692871,21.84929939133384,21.53849111325653,21.55759168645946,68827104
2013-10-01,22.002098083496094,22.018718209927346,21.82970326507269,21.834664158231103,67324608
2013-10-02,22.026657104492188,22.060640360405642,21.77438885583815,21.89618219821372,59752188
2013-10-03,21.731475830078125,22.178215258354804,21.632503735340215,22.02690422434804,84595320
2013-10-04,21.63870620727539,21.766698769795315,21.580413819089618,21.70443804499611,54265680
2013-10-07,21.474742889404297,21.679385409703364,21.434310852791157,21.517160039570403,51692256
2013-10-08,21.175344467163086,21.480694609285916,21.124741090897324,21.464324040837692,77670252
2013-10-09,21.22966957092285,21.398096067503566,20.91018159590205,21.240088581807225,105945948
2013-10-10,21.536758422851562,21.55139343788075,21.337573996625615,21.427616867158505,90121788
2013-10-11,21.629776000976562,21.666735036581724,21.46382995001524,21.48193796797146,56299644
2013-10-14,21.731969833374023,21.73544283645122,21.466059173162883,21.497561976796714,49694256
2013-10-15,21.878326416015625,21.96811973658469,21.67963730701709,21.723294689027423,63612324
2013-10-16,22.27570152282715,22.2831428638187,21.927934157132764,21.974071983748072,80223696
2013-10-17,22.0465030670166,22.247670712470708,21.970597989272726,22.150683726785864,170093736
2013-10-18,25.08810043334961,25.188562315053005,24.160142929146232,24.22413921609079,462193344
2013-10-21,24.886934280395508,25.276373924229322,24.79391373388132,25.089342164838328,144986868
2013-10-22,24.97870635986328,25.127536938996442,24.700642998696807,24.929097427208443,88255656
2013-10-23,25.584199905395508,25.667049091258967,24.820698773182407,24.829877560033008,106421472
2013-10-24,25.4388427734375,25.81141647745688,25.42023942206868,25.595611929825097,83600316
2013-10-25,25.182111740112305,25.519957309563075,25.071482294273316,25.519957309563075,81138780
2013-10-28,25.177146911621094,25.386253093098926,25.127288423520003,25.182107804718974,46301652
2013-10-29,25.704011917114258,25.72137504602787,25.139944659911645,25.278851581805114,64135800
2013-10-30,25.559642791748047,25.735512517939338,25.45000590995884,25.733527404285862,52911036
2013-10-31,25.563610076904297,25.834976972686768,25.399647270335695,25.52268081924911,65534400
2013-11-01,25.475801467895508,25.69805477974349,25.427678534536838,25.59362646407603,51280668
2013-11-04,25.45273208618164,25.608011445507582,25.351527218660948,25.58643042586011,45506448
2013-11-05,25.338878631591797,25.590152421155192,25.237176535135806,25.309856270683593,47208744
2013-11-06,25.369386672973633,25.474809438176113,25.18632706093927,25.44008318461205,36479484
2013-11-07,25.00227165222168,25.39865721995223,24.99458075545149,25.365914191151127,67116816
2013-11-08,25.20269775390625,25.263965921629556,25.01591558035141,25.022116697089537,51580368
2013-11-11,25.06775665283203,25.200216662253926,25.00351270695239,25.040968963559536,44459496
2013-11-12,25.09727668762207,25.240649152333674,24.929097865562532,24.99607181640856,48675276
2013-11-13,25.61049461364746,25.61992106790913,24.96630819840572,24.97250931552932,63112824
2013-11-14,25.678956985473633,25.7910762103015,25.557908529921665,25.64646350919688,46621332
2013-11-15,25.637531280517578,25.7476672774188,25.556914869156067,25.670026645975277,51000948
2013-11-18,25.587675094604492,26.01407373632531,25.53037526028267,25.691855752196677,70317612
2013-11-19,25.430160522460938,25.66704884429983,25.37682903002482,25.591888665569712,45218736
2013-11-20,25.35847282409668,25.632569750268456,25.310104112831823,25.54798500425573,38509452
2013-11-21,25.65018081665039,25.75535402013481,25.450003862522514,25.47480832827329,43628328
2013-11-22,25.596107482910156,25.702273255785464,25.52987841711735,25.634059076262464,50117832
2013-11-25,25.94437026977539,26.124456006943966,25.673748221464724,25.72683016282658,64455480
2013-11-26,26.253938674926758,26.330586753161086,25.870204841191395,26.010601539374985,91360548
2013-11-27,26.37052345275879,26.49181957534381,26.293380041399963,26.34373386990038,44899056
2013-11-29,26.283205032348633,26.4575849631913,26.279732029042354,26.346955533975056,47664288
2013-12-02,26.156455993652344,26.450891865239925,26.06418222883852,26.38044679074799,54873072
2013-12-03,26.12619400024414,26.378709925955604,26.02102078160656,26.068894163636774,66976956
2013-12-04,26.248233795166016,26.392101601151104,26.04532681752761,26.07931007327464,47616336
2013-12-05,26.22739601135254,26.284943508237742,26.07236431387297,26.22392111732596,45302652
2013-12-06,26.538204193115234,26.541429530225443,26.295362398782338,26.536220970003505,57094848
2013-12-09,26.74334144592285,26.846779101206003,26.492313426600102,26.565985720632014,59244696
2013-12-10,26.905071258544922,27.09482921605162,26.68157582219288,26.693979946524866,74081844
2013-12-11,26.722253799438477,27.07026874984617,26.66966720111825,26.973032225495796,68403528
2013-12-12,26.54043960571289,26.86240995449449,26.516627691919137,26.778815863164223,63796140
2013-12-13,26.312971115112305,26.697449796013164,26.241038162780704,26.67537533345472,86409504
2013-12-16,26.615346908569336,26.657764060690933,26.343235092520953,26.392598251813826,64015920
2013-12-17,26.537954330444336,26.80832868407691,26.501242964193928,26.611377062945156,61366572
2013-12-18,26.907304763793945,26.912265657426655,26.26956525016604,26.587317671561955,88323588
2013-12-19,26.943769454956055,27.086894266446308,26.76665949589964,26.808579426751024,66561372
2013-12-20,27.300960540771484,27.314602998346647,26.98791945390368,26.995362684983697,130333536
2013-12-23,27.660137176513672,27.67750030409551,27.412584048729958,27.480053335970048,68795136
2013-12-24,27.579275131225586,27.663612219138013,27.486504145463456,27.65691387794064,29338632
2013-12-26,27.71867561340332,27.756874869967724,27.50113552646528,27.633098313309894,53458488
2013-12-27,27.74199104309082,27.78862419446238,27.606555258415373,27.781680078473258,62725212
2013-12-30,27.52023696899414,27.794086247337162,27.50932451509666,27.79011791041221,49394556
2013-12-31,27.799291610717773,27.80648528402075,27.440857621798486,27.589192866831727,54261684
2014-01-02,27.611024856567383,27.72587219544156,27.490471733560288,27.669067692440365,72783144
2014-01-03,27.409605026245117,27.705528742566262,27.407869469806318,27.657655365503913,66601332
2014-01-06,27.71520233154297,27.75340158772362,27.445323310482266,27.608293569429463,70701228
2014-01-07,28.2495059967041,28.27009446129408,27.810455571384455,27.905706996818097,102001896
2014-01-08,28.30829429626465,28.45935766813086,28.111342657851043,28.426614635486892,89610300
2014-01-09,28.035688400268555,28.382463202733387,27.919600836095512,28.363114960273784,83296620
2014-01-10,28.03420066833496,28.254966120063838,27.837494795942575,28.254966120063838,85654260
2014-01-13,27.855600357055664,28.449183323099184,27.711481117192054,27.942168320772243,96659244
2014-01-14,28.51095199584961,28.550641036266374,27.982355913046526,28.22693326752446,99204696
2014-01-15,28.49160385131836,28.649860899217472,28.371795620534986,28.600002404602915,77929992
2014-01-16,28.68012237548828,28.7225376372579,28.476224734900295,28.503509649447167,67288644
2014-01-17,28.53898048400879,28.78951127751147,28.381965557915965,28.6957477435435,107943948
2014-01-21,28.86566162109375,28.873102960725912,28.558078687293925,28.79695022688862,79116804
2014-01-22,28.898406982421875,28.96959693833305,28.745608059922947,28.93784646377264,62793144
2014-01-23,28.776363372802734,28.83564642274129,28.634229249819647,28.773882926282997,77886036
2014-01-24,27.876686096191406,28.613893020405396,27.856097631918576,28.550887404211057,155544300
2014-01-27,27.31608772277832,27.94291282357258,26.845784092571563,27.932991037394984,173969856
2014-01-28,27.856346130371094,27.924312642098553,27.5321430335544,27.541569487726118,88319592
2014-01-29,27.457233428955078,27.825092025505995,27.271196128916,27.759855515321767,95100804
2014-01-30,28.163433074951172,28.587600843731188,27.961520535447622,28.401811209281867,203452344
2014-01-31,29.29404640197754,29.432210304488525,28.553861842098236,29.055420629575625,222429348
2014-02-03,28.11481475830078,29.31265123593113,28.07959127994804,29.250142843210572,182581236
2014-02-04,28.232139587402344,28.64985660930482,28.20361445263428,28.22792169399914,112363524
2014-02-05,28.357158660888672,28.544933391813966,27.980618532824444,28.361624221187554,95684220
2014-02-06,28.772891998291016,28.77785289161131,28.46505949296202,28.553862130213336,77786136
2014-02-07,29.20648765563965,29.217897333476742,28.787778001909896,28.963150516548946,105342552
2014-02-10,29.094615936279297,29.32951916108687,28.997627064450523,29.066584240939925,77730192
2014-02-11,29.522502899169922,29.564422828357355,29.076756020336244,29.27420487996178,81949968
2014-02-12,29.435932159423828,29.51803645881891,29.304217034744916,29.493231991469194,68911020
2014-02-13,29.763607025146484,29.763607025146484,29.261551014406407,29.288588260823712,73382544
2014-02-14,29.835540771484375,29.87498214270095,29.587490429823536,29.657192494535103,87380532
2014-02-18,30.03597068786621,30.085333854565967,29.766091611526747,29.80106742860624,84271644
2014-02-19,29.824132919311523,29.994792200050814,29.70407513244589,29.89755565856343,84059856
2014-02-20,29.86803436279297,29.93699153316788,29.771542723225203,29.843972896889543,67963968
2014-02-21,29.860097885131836,30.01091358342017,29.836533641243435,29.959814868415695,74417508
2014-02-24,30.076398849487305,30.26615680010264,29.892592458387135,29.899041241584793,66905028
2014-02-25,30.262189865112305,30.37381186054075,30.0245566361462,30.161480323023284,57490452
2014-02-26,30.26640510559082,30.482457307824593,30.107405068312755,30.36140886147077,79208712
2014-02-27,30.242595672607422,30.367117132674853,30.18802394989325,30.222254873553837,50349600
2014-02-28,30.154287338256836,30.366121643627604,29.92037478877315,30.270622556037633,92451456
2014-03-03,29.83281135559082,29.960558136184016,29.571116677927506,29.933520890227772,84107808
2014-03-04,30.135929107666016,30.16296635395653,30.001735432978894,30.13816188774217,58649292
2014-03-05,30.219026565551758,30.33858901061979,30.049112187410294,30.139402714940836,49362588
2014-03-06,30.25251579284668,30.414741171431242,30.227461767918612,30.318744856177126,50673276
2014-03-07,30.132953643798828,30.435575697123237,30.049856790525418,30.430862470376244,60543396
2014-03-10,30.053085327148438,30.203651479613438,29.867541470178736,30.155280874254107,48535416
2014-03-11,29.765838623046875,30.121294952596045,29.68274176827715,30.107652495789495,68451480
2014-03-12,29.94716453552246,29.960806992313362,29.37391855907763,29.67678828405623,78493428
2014-03-13,29.494720458984375,30.026541861584562,29.388059356707465,29.963288578019704,93730176
2014-03-14,29.091388702392578,29.539617911814865,29.08469225234397,29.319347810540716,91664244
2014-03-17,29.57012939453125,29.693410629130508,29.22310504574533,29.25138440881636,86397516
2014-03-18,30.045392990112305,30.052091330803307,29.59394033033113,29.633877036161433,72527400
2014-03-19,29.74748420715332,30.063501069648876,29.627428313438024,30.058787842616148,64451484
2014-03-20,29.69563865661621,30.004461805405516,29.650988729436463,29.764843491456137,67320612
2014-03-21,29.345396041870117,30.00496237821549,29.330761026980145,29.9226104064299,128211660
2014-03-24,28.7225341796875,29.39152685393523,28.425370263589286,29.373916062055457,121362516
2014-03-25,28.74213218688965,29.017962752834283,28.451417051380993,28.922711338662488,96311592
2014-03-26,28.078598022460938,29.060879492788217,28.06694067921026,28.823741604160958,103096800
2014-03-27,27.639799118041992,28.077855110725213,27.3376723702658,28.050817861686085,152735112
2014-03-28,27.785402297973633,28.108860486572905,27.72636501997569,27.756875270474644,90265644
2014-03-31,27.64550018310547,28.153755417130554,27.604323256748906,28.039652982034244,77614308
2014-04-01,28.15102767944336,28.215766954619642,27.73206854628066,27.788375815870804,87152760
2014-04-02,28.156238555908203,28.396847556634103,27.880901410931756,28.32491271202694,83360556
2014-04-03,28.323848724365234,29.15646592874342,28.05176147180395,28.417517734476263,80366000
2014-04-04,27.022884368896484,28.731235434974284,26.985218253769972,28.673249317570015,107274000
2014-04-07,26.793914794921875,27.250863415592185,26.29335416921376,27.000086824286488,79232000
2014-04-08,27.630496978759766,27.747955219096877,26.995627324905733,27.012973438656264,69650000
2014-04-09,28.102806091308594,28.14047220516956,27.524930050414063,28.04333397648029,60632000
2014-04-10,27.094249725341797,28.160792708602454,27.035272942586605,28.15038504105742,65890000
2014-04-11,26.651676177978516,27.138855237157593,26.43559181761547,26.660595955853253,63494000
2014-04-14,27.020402908325195,27.40796512819876,26.788458463638623,26.94408001999422,50824000
2014-04-15,27.193866729736328,27.40152663975115,26.298803532528257,27.307855740511403,79956000
2014-04-16,27.947185516357422,27.952142628608147,27.411932718926472,27.639910727265868,91644000
2014-04-17,26.92822265625,27.605220167980676,26.732953636539527,27.571518608747883,112294000
2014-04-21,26.73146629333496,26.960932193881032,26.46532683657134,26.960932193881032,48502000
2014-04-22,27.0352725982666,27.159173940963136,26.564447117902887,26.564447117902887,46622000
2014-04-23,26.6392822265625,27.0005785630126,26.17440455605994,26.944575674108055,39114000
2014-04-24,26.487133026123047,26.886590825968607,26.31664390476039,26.846446156503607,41348000
2014-04-25,25.92511558532715,26.45838702818085,25.895378584810796,26.37909025072155,47400000
2014-04-28,25.91916847229004,26.063885142131845,25.32543234699088,26.058929920544102,75056000
2014-04-29,26.58080291748047,26.651675257803817,25.920160858689155,25.964270085143234,50704000
2014-04-30,26.508941650390625,26.581299994861716,26.221986828919434,26.520837208706205,40770000
2014-05-01,26.689834594726562,26.758228373390455,26.408825702491757,26.477714814249687,40086000
2014-05-02,26.45888328552246,26.881634965905068,26.429146283967345,26.83405651965063,35616000
2014-05-05,26.531238555908203,26.55056599768938,26.147143698513418,26.27897413140017,24568000
2014-05-06,25.898845672607422,26.492581733737527,25.883482785819872,26.436081626471232,36700000
2014-05-07,25.6723575592041,25.991032580633927,25.32989520443918,25.93255113237018,61486000
2014-05-08,25.779903411865234,26.13574921323999,25.496913172076802,25.55935917579271,49040000
2014-05-09,26.09956932067871,26.13574943521886,25.487993611214343,25.70457329357708,45224000
2014-05-12,26.684877395629883,26.700737507509057,26.143676836964403,26.358273282211925,38968000
2014-05-13,26.839014053344727,26.9604368449655,26.658614477222436,26.741875820048108,40240000
2014-05-14,26.485645294189453,26.852887511582413,26.42121607213036,26.852887511582413,25618000
2014-05-15,26.22347068786621,26.465327484499966,26.034644784988874,26.42270425812783,36658000
2014-05-16,26.182830810546875,26.30871347692482,25.948407807760425,26.247258143011546,38154000
2014-05-19,26.70470428466797,26.73047673229286,26.05199322720315,26.211577463119895,39530000
2014-05-20,26.782018661499023,27.077397896965394,26.592697429906206,26.762689326556544,48506000
2014-05-21,27.243427276611328,27.2459039421935,26.8672614769522,26.906415480163474,31294000
2014-05-22,27.528400421142578,27.652798992106646,27.307856174311432,27.367330182204984,42994000
2014-05-23,27.942228317260742,28.001700425970007,27.464959776614435,27.661219436880838,53450000
2014-05-27,28.49086570739746,28.49086570739746,27.95957744566827,28.139481681018413,43716000
2014-05-28,28.271806716918945,28.62913851249276,28.247026827155732,28.475997394723638,31632000
2014-05-29,28.277259826660156,28.42197650373172,28.172687819733834,28.41751661502151,28222000
2014-05-30,28.33127784729004,28.37736839976277,28.040851972594474,28.330782514226836,37434000
2014-06-02,27.968992233276367,28.269825809085276,27.59034976463057,28.237114917262364,33210000
2014-06-03,27.4818115234375,27.8728448585445,27.38368074455063,27.798503302097348,40626000
2014-06-04,27.444643020629883,27.68352593101389,27.186927998319582,27.3336279004299,34582000
2014-06-05,27.998231887817383,28.001701109998372,27.508574336628374,27.610667779132786,35868000
2014-06-06,28.052749633789062,28.190032525968046,27.733083959700064,28.158314192284642,34804000
2014-06-09,28.28568458557129,28.34862591947027,28.012604802108697,28.088432358879704,30594000
2014-06-10,28.165254592895508,28.34862805374131,28.057706803945024,28.18904192687179,29676000
2014-06-11,28.12560272216797,28.19845638869357,27.936281499585714,28.04729661048187,22580000
2014-06-12,27.7291202545166,28.10082427430748,27.61265269248862,28.10082427430748,30930000
2014-06-13,27.771244049072266,27.786111603695204,27.442658614049197,27.757862493677916,27066000
2014-06-16,27.372285842895508,27.654285434718496,27.25829682848291,27.617609984988178,39436000
2014-06-17,27.289026260375977,27.44365529030446,27.132911230893473,27.375261499126026,29552000
2014-06-18,27.786609649658203,27.82328320422465,27.336599536616234,27.397062313633946,41212000
2014-06-19,28.00120735168457,28.00170268479767,27.588863331457823,27.81089545411238,52548000
2014-06-20,28.077037811279297,28.089426812139802,27.722679868613856,28.07356858854482,63212000
2014-06-23,28.462121963500977,28.46955574175238,27.92736257552483,27.96949046992361,34456000
2014-06-24,28.37538719177246,28.856618389456443,28.207871977049532,28.458648520776443,56886000
2014-06-25,29.03900146484375,29.10689990720062,28.411070378063055,28.42544259944739,42294000
2014-06-26,28.981515884399414,29.22089223511014,28.72528686386098,29.20602467895969,40248000
2014-06-27,29.02711296081543,29.135649530687353,28.874962495380515,29.0152174026689,40426000
2014-06-30,28.9765567779541,29.127221223936875,28.908162999433387,29.080138111921176,29578000
2014-07-01,29.314559936523438,29.42210771901488,29.05684681866424,29.12424804205141,32864000
2014-07-02,29.279373168945312,29.44639306847385,29.19660716415082,29.35272406332187,23916000
2014-07-03,29.39336395263672,29.451350070927543,29.19115837421813,29.32497016647752,17978000
2014-07-07,29.27838134765625,29.520731573889528,29.138619899827315,29.414673573209008,26734000
2014-07-08,28.665815353393555,29.140110066676687,28.447749666054133,29.060813281227396,42504000
2014-07-09,28.91163444519043,28.948309893320737,28.596430530626318,28.693073427555284,27456000
2014-07-10,28.747095108032227,29.005305464245108,28.353583183087192,28.398187742669922,28724000
2014-07-11,29.074687957763672,29.152994070975915,28.773854394747705,28.794669728446415,30232000
2014-07-14,29.451841354370117,29.481578354441364,29.076668138963015,29.270451136629916,39032000
2014-07-15,29.392370223999023,29.503385336361898,29.0082753285994,29.495951558742505,33476000
2014-07-16,29.271442413330078,29.58763885885436,29.25310563605836,29.58218641368974,28816000
2014-07-17,28.78575325012207,29.215938753109228,28.588998223637276,29.189670971133655,58706000
2014-07-18,29.98957633972168,30.068375896984538,29.28631108757892,29.88549777861617,97432000
2014-07-21,29.659006118774414,29.942491670585728,29.461258564473155,29.803225560098774,44758000
2014-07-22,29.913253784179688,30.17691659304478,29.69964798186353,29.72145587439448,37632000
2014-07-23,29.993539810180664,30.085722810986578,29.80322603030153,29.837920143137914,22120000
2014-07-24,29.885499954223633,30.1779072097728,29.78588316502025,30.010393858525404,27100000
2014-07-25,29.641164779663086,29.785881454397636,29.525689774096346,29.699150894297205,27200000
2014-07-28,29.687753677368164,29.790839687131434,29.369078646746306,29.624812338611626,27162000
2014-07-29,29.436485290527344,29.66148944908243,29.348266826607457,29.622337330242328,27332000
2014-07-30,29.51032257080078,29.6595010125056,29.374527575080148,29.52866123813326,24302000
2014-07-31,28.722808837890625,29.339341633405613,28.63013050173427,29.189172517294168,46190000
2014-08-01,28.42792510986328,28.91510415840925,28.264374425771283,28.673249245416773,44266000
2014-08-04,28.85761260986328,28.934430832277677,28.361511938695934,28.57214382926027,30388000
2014-08-05,28.405126571655273,28.755024608013475,28.26486977911118,28.714384603531183,32876000
2014-08-06,28.472034454345703,28.677709252573514,28.123127083077073,28.22472709462937,26456000
2014-08-07,28.33920669555664,28.66135089857789,28.221253147741017,28.549343238049975,23260000
2014-08-08,28.643016815185547,28.723306157551058,28.200937661375338,28.349618897874606,29866000
2014-08-11,28.60881996154785,28.72974930839768,28.5121770631633,28.695552415992267,24068000
2014-08-12,28.35457420349121,28.54191220923672,28.24504508829431,28.497307652070976,27890000
2014-08-13,28.971105575561523,29.048914462278134,28.507218582000565,28.569169247758413,37988000
2014-08-14,28.975570678710938,29.131685703906896,28.79070931433115,29.07667347256385,25458000
2014-08-15,28.928979873657227,29.214448668929702,28.782777198893086,29.116815108047145,34468000
2014-08-18,29.374530792236328,29.49099835781169,29.069732654867096,29.09699110172875,29320000
2014-08-19,29.593090057373047,29.627782280309198,29.460764277114357,29.517757833116164,20864000
2014-08-20,29.508840560913086,29.587146681009095,29.389399102903344,29.585163457851106,19346000
2014-08-21,29.36065101623535,29.500907792386794,29.29523112831471,29.483561681596633,22640000
2014-08-22,29.366601943969727,29.48802473252349,29.23080504157596,29.402780168676067,17544000
2014-08-25,29.268966674804688,29.517264699139947,29.204042112591573,29.477121918514133,25912000
2014-08-26,29.147539138793945,29.342312793714324,29.114332918095446,29.33983423784233,29434000
2014-08-27,28.89379119873047,29.209492317333936,28.78971453015274,29.1321768702588,27292000
2014-08-28,28.760971069335938,28.978541414589973,28.640041727708482,28.74610162289888,28116000
2014-08-29,28.86207389831543,28.88883701136049,28.657885109236187,28.861578565197473,24122000
2014-09-02,29.172819137573242,29.206025363711202,28.86405833014208,28.89131488686213,31660000
2014-09-03,29.21692657470703,29.463243251636186,29.067254680854656,29.32645569035425,31580000
2014-09-04,29.39633560180664,29.63719983445246,29.270452930683042,29.346280489457303,32616000
2014-09-05,29.626296997070312,29.66197988707156,29.416655764498078,29.494961879839906,35982000
2014-09-08,29.817102432250977,29.91077332138611,29.63818887873678,29.693698324017866,31984000
2014-09-09,29.33835220336914,29.766061040429385,29.26450786078684,29.749705593344732,31424000
2014-09-10,29.41021156311035,29.425081008880245,29.098972226897477,29.326950229136283,23202000
2014-09-11,29.295726776123047,29.33735744246667,29.044454888215157,29.240714554085503,30028000
2014-09-12,28.987958908081055,29.314065819651947,28.907669567710062,29.260046150196818,37030000
2014-09-15,28.82638931274414,28.939385755694733,28.59692342346823,28.85612442274827,30908000
2014-09-16,29.18025016784668,29.248148613144537,28.792192611324207,28.792192611324207,31592000
2014-09-17,29.40376853942871,29.54154676360665,29.097981647516587,29.216430537428163,34390000
2014-09-18,29.60102081298828,29.61539303514474,29.39038703044482,29.490996366708714,29890000
2014-09-19,30.003950119018555,30.003950119018555,29.62530763945171,29.711047536449062,83832000
2014-09-22,29.60102081298828,29.924651040394572,29.395344142585603,29.86022181665477,35644000
2014-09-23,29.299198150634766,29.570294725454627,29.252610368827348,29.48851938602203,28074000
2014-09-24,29.65801429748535,29.741772855321788,29.255582625146634,29.318525849444054,35160000
2014-09-25,29.005308151245117,29.640673154360925,28.98003103443644,29.587148812253936,33420000
2014-09-26,29.136638641357422,29.219404643096734,28.99291263778882,29.039003193693677,25782000
2014-09-29,29.132177352905273,29.20651891202636,28.82292123123419,28.835805563806545,22874000
2014-09-30,29.161914825439453,29.290276054217447,28.96813370418919,29.11631960113076,31430000
2014-10-01,28.72677230834961,29.177277749084865,28.64697830765435,29.082120860419895,28954000
2014-10-02,28.78872299194336,28.90568587992154,28.45022332689223,28.64598765885933,30726000
2014-10-03,29.05486297607422,29.15596575429117,28.91857075172244,28.948307752649463,24290000
2014-10-06,29.13068962097168,29.359660172602002,29.01273606831159,29.238235507220583,25722000
2014-10-07,28.452701568603516,29.035037446051312,28.452701568603516,28.98795622587956,30914000
2014-10-08,28.930465698242188,28.97754880940434,28.13254081741148,28.486898702669084,44158000
2014-10-09,28.289648056030273,28.870496042178804,28.2014296128679,28.824900821362142,48234000
2014-10-10,27.515518188476562,28.508710374765595,27.50659651943599,28.124121970179818,59574000
2014-10-13,26.99810218811035,27.79751503851234,26.98224396550276,27.512541568279833,55116000
2014-10-14,27.193370819091797,27.686002300290014,26.985712804071515,27.26523382469037,52198000
2014-10-15,26.798870086669922,26.956966430066004,26.188778484910646,26.865775979742928,76720000
2014-10-16,26.610042572021484,26.811752795859924,26.016801785387127,26.11840178753422,76100000
2014-10-17,25.91867446899414,26.9336744329489,25.692677785077105,26.78499130950722,119930000
2014-10-20,26.385040283203125,26.423698957122596,25.72885996108744,25.793782636282796,54964000
2014-10-21,26.665054321289062,26.70172787556218,26.276994878225526,26.627388210257852,49190000
2014-10-22,26.896005630493164,27.29595873079349,26.774085632704615,26.814725631967466,59474000
2014-10-23,27.439193725585938,27.62504575006256,27.03527411574929,27.173052356062588,43026000
2014-10-24,27.203777313232422,27.506096878717226,27.018420640400162,27.505106212507194,43508000
2014-10-27,27.25234603881836,27.456536710248695,27.11952492635339,27.147278704515283,31934000
2014-10-28,27.701364517211914,27.714248849059093,27.2796035237962,27.343042079208104,34774000
2014-10-29,27.677082061767578,28.00021696972256,27.554666720550827,27.796026289988596,41066000
2014-10-30,27.767284393310547,27.877804187499517,27.363861999745716,27.66717226731088,32250000
2014-10-31,28.14394187927246,28.186565106227384,27.99228675514666,28.165254438042158,46810000
2014-11-03,27.94074249267578,28.10825772240772,27.834682599072348,27.928848826288515,30834000
2014-11-04,27.961557388305664,27.991294389684082,27.669647382149492,27.811390163276336,27726000
2014-11-05,27.553184509277344,28.09587116999144,27.46397538055468,28.090420614358255,32906000
2014-11-06,27.342050552368164,27.595305669306143,27.287038329006304,27.53087644530625,33014000
2014-11-07,27.348495483398438,27.535835389503145,27.22608202929692,27.535835389503145,31782000
2014-11-10,27.666181564331055,27.785125803312766,27.338584847506926,27.377243521231346,26090000
2014-11-11,27.817832946777344,27.877800391344746,27.56755172056699,27.68055005577141,21966000
2014-11-12,27.66716766357422,27.815848883050506,27.530875442880127,27.810893661654486,21882000
2014-11-13,27.57746124267578,27.79453622346983,27.46099369708806,27.794040890424185,30220000
2014-11-14,27.515518188476562,27.654782436170272,27.382695162741157,27.654782436170272,28502000
2014-11-17,27.09177017211914,27.515512497503625,26.98273639579181,27.515512497503625,33612000
2014-11-18,26.9862060546875,27.3965668312125,26.951018499585413,27.155702609467607,36440000
2014-11-19,27.119525909423828,27.170076355431515,26.722544775763797,26.998101234979604,30346000
2014-11-20,26.94903564453125,27.029323089347457,26.837029866381364,26.86626964365613,35016000
2014-11-21,27.054603576660156,27.30984005562128,27.010494348114023,27.30984005562128,50120000
2014-11-24,27.13340187072754,27.31727065142479,26.968365200713805,27.088301981122555,33076000
2014-11-25,27.22013282775879,27.38219561097631,27.105153157818638,27.120020713344385,38072000
2014-11-26,27.145793914794922,27.252349151145328,27.021892565112335,27.220135480838298,29604000
2014-11-28,27.212697982788086,27.238468537394354,26.984719984273553,27.109611983194405,24202000
2014-12-01,26.745342254638672,27.198326261483242,26.694294586989212,27.014950924421964,39888000
2014-12-02,26.69281005859375,26.854377514245293,26.49803637783937,26.735431394207417,41480000
2014-12-03,26.612520217895508,26.832569117887118,26.525294325231812,26.638787997609608,32476000
2014-12-04,26.89055633544922,26.896008781095087,26.509435300322767,26.645727535624623,32598000
2014-12-05,26.171926498413086,26.673479623806887,26.131288387551994,26.5991380655245,61402000
2014-12-08,26.303264617919922,26.45640573889884,26.118403271171463,26.22842772336387,64566000
2014-12-09,26.569900512695312,26.596663627164812,25.940481442440298,26.06289679013034,43322000
2014-12-10,26.16994285583496,26.730968043979235,26.142684412909965,26.55948827631499,46222000
2014-12-11,26.371658325195312,26.61599180355563,26.225455639056204,26.267581644494467,41426000
2014-12-12,25.846317291259766,26.378100909083265,25.843838734935225,26.140210547709856,47314000
2014-12-15,25.565305709838867,26.037617160848807,25.543499710087247,25.95782504887403,52352000
2014-12-16,24.68907928466797,25.552422279179233,24.641005500874478,25.45429337898978,86998000
2014-12-17,25.099931716918945,25.22978082530127,24.73615683645133,24.773327613655034,72788000
2014-12-18,25.504844665527344,25.58562744918537,25.105384964239686,25.572741225463467,77534000
2014-12-19,25.773462295532227,25.811623742402706,25.21937548034972,25.622302507418173,97442000
2014-12-22,26.381071090698242,26.414277312792528,25.800716547171405,25.801709103912437,66390000
2014-12-23,26.701730728149414,26.876679746312202,26.45145137046085,26.49060348493542,57544000
2014-12-24,26.61054039001465,26.777063073765465,26.5198433792565,26.70420939962448,14754000
2014-12-26,26.8380184173584,26.923758300629846,26.53916810384011,26.61053576615437,22270000
2014-12-29,26.629369735717773,26.95746173771337,26.621935958191862,26.787467958461118,44300000
2014-12-30,26.528764724731445,26.655639959152886,26.44599871700518,26.512904611459582,20972000
2014-12-31,26.299793243408203,26.68339090473664,26.27699468748649,26.65068001539611,24648000
2015-01-02,26.244781494140625,26.55453482936228,26.162013603133126,26.395939382391216,26480000
2015-01-05,25.74471664428711,26.167468351017355,25.659969304037432,26.125837680596216,41182000
2015-01-06,25.109352111816406,25.83144763477593,25.05533054976907,25.796260075707373,54456000
2015-01-07,25.035503387451172,25.349716612643217,24.961163720980398,25.322955391440964,46918000
2015-01-08,25.122732162475586,25.151971940893755,24.533455909070756,24.85510481517705,73054000
2015-01-09,24.815950393676758,25.20648840777159,24.71336161380152,25.18567307381611,42000000
2015-01-12,24.634563446044922,24.794147694281943,24.329765283309175,24.7426046856374,57138000
2015-01-13,24.869478225708008,25.206490036792026,24.644474093088196,24.90763967375932,60958000
2015-01-14,25.074161529541016,25.189638426748395,24.689077839172885,24.801083623360086,52800000
2015-01-15,24.979007720947266,25.263483974305565,24.87988626492731,25.22086263679171,51068000
2015-01-16,25.298669815063477,25.31799725789734,24.933407046507735,24.936380935540083,49658000
2015-01-20,25.272899627685547,25.553908534036548,25.244650515231655,25.413156414301586,46796000
2015-01-21,25.79080581665039,25.863164147556414,25.255551166824418,25.317501831447743,46356000
2015-01-22,26.628877639770508,26.705200537838397,25.866142101657765,25.92016177385231,56068000
2015-01-23,26.859329223632812,27.030808991078246,26.55205446537898,26.66505279199191,45966000
2015-01-26,26.600133895874023,26.837033598508064,26.36967730553859,26.837033598508064,30932000
2015-01-27,25.830455780029297,26.40486259510123,25.814100334107508,26.33646881268687,39148000
2015-01-28,25.39630699157715,26.0534798439865,25.392342435829637,26.01928295111049,35822000
2015-01-29,25.435955047607422,25.533093275569083,24.952738682816666,25.419599601712203,79018000
2015-01-30,26.641263961791992,26.916325060020366,25.68127634043853,25.7219163388406,121108000
2015-02-02,26.37611961364746,26.589230083829285,25.856724995545918,26.481186958707738,75378000
2015-02-03,26.430635452270508,26.636310245242328,26.108986536682703,26.26411088232547,47062000
2015-02-04,26.07379722595215,26.60161623215957,26.020766335374578,26.422702674265885,33896000
2015-02-05,26.2586612701416,26.301282607769842,26.051001356029268,26.164495035906885,33176000
2015-02-06,26.459383010864258,26.773596294726563,26.20018196013106,26.317144872178822,42938000
2015-02-09,26.231401443481445,26.45937945754581,26.145661549000884,26.319618003565182,30314000
2015-02-10,26.770618438720703,26.81224910728996,26.22594863435518,26.373639197387053,47430000
2015-02-11,26.6635684967041,26.85933284449532,26.56444704470312,26.749308391985274,38306000
2015-02-12,27.060548782348633,27.17602378617039,26.614007874627994,26.745838323988515,48590000
2015-02-13,27.315786361694336,27.384180145322926,27.089789675842,27.134889568269575,47382000
2015-02-17,27.010986328125,27.406974888399592,26.924255771854156,27.315784443687487,39174000
2015-02-18,26.894023895263672,27.136871347537287,26.74038744742315,26.952010008323782,31164000
2015-02-19,27.082353591918945,27.102673592025468,26.7998587039475,26.88510325966048,30834000
2015-02-20,26.851900100708008,27.13835957665107,26.668526636323048,27.13835957665107,38234000
2015-02-23,26.5148868560791,26.72799731289808,26.366205625657223,26.71312975703122,32906000
2015-02-24,26.695783615112305,26.73295250473786,26.316643925671908,26.343902371786925,28406000
2015-02-25,27.12596893310547,27.23698404941717,26.664063241651803,26.68537579965899,40836000
2015-02-26,27.718711853027344,27.76034252064496,27.014951277763025,27.04716683526549,54032000
2015-02-27,27.884244918823242,28.22076138546092,27.60670523355572,27.662212792492337,68328000
2015-03-02,28.49829864501953,28.54637242506507,27.910014951143882,28.100824071990036,50406000
2015-03-03,28.685142517089844,28.7872359626418,28.27428450704446,28.56421317964636,50526000
2015-03-04,28.662343978881836,28.825892759461063,28.374396638494353,28.59494086554753,37964000
2015-03-05,28.815982818603516,28.903704043502977,28.657389256847527,28.72627837068374,35918000
2015-03-06,28.393234252929688,28.88289188136129,28.351603580190655,28.844235098187127,37592000
2015-03-09,28.452701568603516,28.519607455470886,28.202420350678093,28.295098682366618,23478000
2015-03-10,27.7464656829834,28.2376111419813,27.744977793088943,28.174172583647778,40080000
2015-03-11,27.54029655456543,27.96106505457944,27.526419663883804,27.74399002580918,40524000
2015-03-12,27.8118839263916,27.845088257609532,27.532362935317188,27.678565596693094,35602000
2015-03-13,27.40697479248047,27.96998324250421,27.274649014316687,27.715737462308397,35428000
2015-03-16,27.835182189941406,27.93975420252426,27.3237166801049,27.601751715657258,36856000
2015-03-17,27.635448455810547,27.785615669774042,27.476854907981142,27.669148119521523,28892000
2015-03-18,28.059192657470703,28.076538768851446,27.43175497741798,27.641396203867718,35324000
2015-03-19,27.935789108276367,28.098842569575453,27.85897087835574,27.97791511238868,24660000
2015-03-20,27.999225616455078,28.105780849549934,27.975933615395327,28.086453404190046,44320000
2015-03-23,28.02004051208496,28.23166497553528,27.90555616938704,28.051263514638936,30234000
2015-03-24,28.623191833496094,28.838283615021016,28.15484304416828,28.17714626774787,79156000
2015-03-25,28.1008243560791,28.748580169878046,28.1008243560791,28.624678829587207,53070000
2015-03-26,27.934301376342773,28.110242953260673,27.670145125562403,27.98435838276919,49842000
2015-03-27,27.632476806640625,27.955611706446064,27.601749138831863,27.844594701499393,34552000
2015-03-30,27.810400009155273,27.86095234869072,27.594812874935357,27.76629267225554,24788000
2015-03-31,27.491228103637695,27.87532109785129,27.489740213804282,27.651802989420585,34932000
2015-04-01,27.233016967773438,27.679555947755205,27.06153719690026,27.497670401277457,38902000
2015-04-02,26.827613830566406,27.159173179084938,26.784495272161728,27.129933400758688,47760000
2015-04-06,26.95845603942871,27.03725749488206,26.549581205105145,26.70520089279814,33718000
2015-04-07,27.00355339050293,27.26622362354651,26.94061205493485,27.009996502109804,27318000
2015-04-08,27.200801849365234,27.332634180458367,27.060049741729426,27.060049741729426,28386000
2015-04-09,27.16016387939453,27.227071661384997,26.859332198747314,27.219142550402573,32366000
2015-04-10,27.18593406677246,27.250858620329794,27.009499073276906,27.23698173197154,26104000
2015-04-13,27.19089126586914,27.42035716412749,27.074920929261612,27.112091708806137,29326000
2015-04-14,26.751785278320312,27.088301726641998,26.55156105431552,27.088301726641998,47206000
2015-04-15,26.814231872558594,26.92078709831587,26.384541747207937,26.66158609041061,46962000
2015-04-16,26.937143325805664,27.02189066329923,26.668525309347334,26.680914309092913,31722000
2015-04-17,26.40287971496582,26.752777742690338,26.217524924254324,26.629371732868915,49234000
2015-04-20,26.987199783325195,27.05014301376542,26.433112943817477,26.45293761309919,38508000
2015-04-21,26.90740203857422,27.147770904257857,26.87221448683516,27.07541257803236,29128000
2015-04-22,27.217653274536133,27.307853051767484,26.828107831240505,26.914343053182524,31806000
2015-04-23,27.628015518188477,27.811886195200906,27.262259277790157,27.278614723488467,78184000
2015-04-24,28.430898666381836,28.978047048922004,28.16773119738071,28.74759047259006,92168000
2015-04-27,28.05721092224121,28.523079288730045,27.867889686310665,28.386788946535724,48062000
2015-04-28,27.97047996520996,28.14195975329,27.801478733304794,27.968001409035093,37178000
2015-04-29,27.822786331176758,28.043330541796717,27.704337449151605,27.77917244399936,33622000
2015-04-30,27.19733428955078,27.808911867134874,27.09573617574743,27.68253197332567,47240000
2015-05-01,27.315786361694336,27.31876025105877,26.953497441714816,27.28357080240002,36572000
2015-05-04,27.3990478515625,27.589855089800704,27.128941938063825,27.307360176230937,35260000
2015-05-05,26.91335105895996,27.387645701529028,26.880144837850857,27.266221039894248,28528000
2015-05-06,26.51885223388672,26.957464051403573,26.378100110151546,26.893530156141686,39034000
2015-05-07,26.863792419433594,27.02040465207109,26.43806872792071,26.559491512646844,31844000
2015-05-08,27.206254959106445,27.397062180294455,27.16065973737356,27.202290403814583,28226000
2015-05-11,27.049148559570312,27.425314354054915,27.04022878242837,27.183457565068586,21858000
2015-05-12,26.69974708557129,26.90938831122803,26.51488574885268,26.901952643020685,35282000
2015-05-13,26.737415313720703,26.953002444189668,26.712138199100508,26.785984429247467,24238000
2015-05-14,27.218645095825195,27.24293154284862,26.88659041659385,26.95944408591096,31736000
2015-05-15,27.08433723449707,27.288032586024844,26.886591552283566,27.27762491853992,33440000
2015-05-18,27.09325408935547,27.176020081401024,26.874195887374242,26.95200665841492,26706000
2015-05-19,27.222612380981445,27.426801172723838,27.115561817989402,27.159173819951512,47126000
2015-05-20,27.3826904296875,27.559125432010088,27.015446312308498,27.30388898382948,30840000
2015-05-21,27.595802307128906,27.63545164395248,27.223602948915225,27.26820750754953,34170000
2015-05-22,27.482309341430664,27.66667535936244,27.43770478164617,27.479335452033766,24266000
2015-05-26,27.119029998779297,27.423330896914532,26.909884102657312,27.38616011758206,37474000
2015-05-27,27.46892738342285,27.520470387519477,27.08879890982551,27.192875584275104,34844000
2015-05-28,27.465457916259766,27.54376403325567,27.297944572376394,27.446130471510997,23544000
2015-05-29,27.026351928710938,27.453563502232033,27.01247503928569,27.41688805564342,43446000
2015-06-01,27.21914291381836,27.286544139237684,26.940117229939606,27.19535368996906,33210000
2015-06-02,27.454059600830078,27.693933173798577,27.087310796471247,27.13092468898855,31842000
2015-06-03,27.52047348022461,27.654287172662332,27.364853784190103,27.511056477977725,26710000
2015-06-04,27.342050552368164,27.553675001960343,27.21467999425036,27.36633510831988,26866000
2015-06-05,27.235002517700195,27.423333094984812,27.1284472833847,27.35741786558133,24396000
2015-06-08,26.935161590576172,27.251853405319892,26.908893809106115,27.23896718115839,27336000
2015-06-09,26.86973762512207,27.002560621215338,26.705691630231847,26.93218362271599,30016000
2015-06-10,27.387149810791016,27.495192922627787,27.01594303551295,27.045182812367216,30316000
2015-06-11,27.260278701782227,27.49767372050698,27.217160142032803,27.48082294122665,25872000
2015-06-12,27.13290786743164,27.20129975954737,27.041715526969934,27.117047754564776,25468000
2015-06-15,26.911373138427734,26.96341147913101,26.72353977873465,26.897991580734807,27150000
2015-06-16,27.004051208496094,27.094250998123616,26.84050240947475,26.984723762481376,32526000
2015-06-17,27.08978843688965,27.17701432839109,26.852393428151306,27.031306990289004,24440000
2015-06-18,27.564579010009766,27.617608012329857,27.159173431076237,27.159173431076237,41192000
2015-06-19,27.63098907470703,27.650318409443564,27.3703020658244,27.58142929567892,59290000
2015-06-22,27.738039016723633,28.031934133758856,27.699877571793007,27.72465935133973,34752000
2015-06-23,27.921907424926758,27.99674430943169,27.61264944459259,27.7434892139198,31396000
2015-06-24,27.683027267456055,27.884739386043286,27.595801376204903,27.876810275179828,28924000
2015-06-25,27.652299880981445,27.909519559398742,27.628015324453695,27.76876744192622,26684000
2015-06-26,27.409950256347656,27.75390050141618,27.349982808657753,27.739528278542238,43676000
2015-06-29,26.824636459350586,27.30289564228616,26.774579462696508,27.097218992137087,37756000
2015-06-30,26.764677047729492,27.05510111028335,26.739895263202126,27.01495643431035,34510000
2015-07-01,26.926239013671875,27.050635681693773,26.750794678042162,26.944080458033753,30760000
2015-07-02,27.12646484375,27.15917384525205,26.939620273525954,26.99760638907242,28124000
2015-07-06,27.04121971130371,27.18791960830497,26.866766035219026,26.874199813104312,25614000
2015-07-07,27.259780883789062,27.307854664356682,26.75525574497219,27.13092432164705,33578000
2015-07-08,26.846940994262695,27.173049784548095,26.82216110479443,27.040228669517685,27662000
2015-07-09,26.993144989013672,27.202786214751,26.991658989722236,27.19138788176363,29766000
2015-07-10,27.56110954284668,27.7187124396398,27.35741608895417,27.442163425290254,43436000
2015-07-13,28.335248947143555,28.390756512390713,27.68947438679843,27.729619061200953,41792000
2015-07-14,28.952274322509766,29.226344789566745,28.456173616285177,28.472529062462282,74832000
2015-07-15,28.94137191772461,29.17579305227933,28.755519898987675,28.930468916910236,41466000
2015-07-16,29.824541091918945,29.959345436930985,29.13763125247441,29.215937370955448,112642000
2015-07-17,34.67354202270508,34.8410591490651,33.60204571959862,33.70116528148837,257162000
2015-07-20,34.337520599365234,34.58334195070391,33.78888811930254,34.14621992213215,102436000
2015-07-21,34.4619140625,34.96990643633919,33.906834802131655,33.943013018650646,75604000
2015-07-22,34.449520111083984,35.35300746467671,34.27704970521724,34.395993900015874,83100000
2015-07-23,33.439979553222656,34.497602700601234,33.28435799117702,34.288454913798745,76232000
2015-07-24,32.450748443603516,33.59163286548918,32.37194889118512,33.541082423249186,82622000
2015-07-27,32.624210357666016,33.060341641066046,32.29116128166523,32.29215194773297,58382000
2015-07-28,32.69310760498047,32.91315652421472,32.38335422908402,32.797184285541384,34364000
2015-07-29,32.780818939208984,32.874985152450016,32.355093428647585,32.82195426822638,36756000
2015-07-30,32.935951232910156,33.10891702372775,32.298105848750055,32.58308120631716,39606000
2015-07-31,32.586055755615234,32.957759813664076,32.57118819828035,32.942892256329195,34922000
2015-08-03,32.94388198852539,33.04052488963097,32.593983943233816,32.593983943233816,31348000
2015-08-04,32.77339172363281,33.10644086790557,32.735232166361655,32.92504684878457,26188000
2015-08-05,33.36861801147461,33.696706283986344,32.986504393071506,32.99492883810552,36448000
2015-08-06,33.21299362182617,33.440971638654986,32.74613269704463,33.40330741518573,40660000
2015-08-07,32.92753219604492,33.14609135752419,32.653957017827075,33.095540902006796,27544000
2015-08-10,32.865570068359375,33.28584313467059,32.72134875017169,33.061332490532585,34458000
2015-08-11,34.211639404296875,34.890620148578996,33.91526759336305,34.671561901112895,109880000
2015-08-12,34.26962661743164,34.494133524281466,33.72644279084618,34.419296628275205,58498000
2015-08-13,34.023807525634766,34.39650224990166,33.809211048339925,34.15712398961019,36354000
2015-08-14,34.16554260253906,34.308773267731304,33.844888164833215,33.901386385511735,27598000
2015-08-17,34.40046691894531,34.4316880314919,33.852821304837896,34.09963333104184,24680000
2015-08-18,34.13383102416992,34.48223928877598,33.964827889967296,34.24980326171084,27710000
2015-08-19,34.39699172973633,34.70228327972988,34.038173957526915,34.202219955749236,50194000
2015-08-20,33.67538833618164,34.50205762291191,33.467235015314685,34.1521634230982,57798000
2015-08-21,31.918472290039062,33.34879016118675,31.872379841577654,33.25710059738522,91880000
2015-08-24,30.63386344909668,31.108158143680015,29.393857486865784,29.766058732191347,129788000
2015-08-25,30.354341506958008,32.06566444109095,30.314692171714228,32.039400443131456,71430000
2015-08-26,32.69706726074219,32.83286415671421,31.241474194582864,31.872379222676752,87740000
2015-08-27,33.104454040527344,33.402810944032204,32.26886489604114,33.30418293765727,58974000
2015-08-28,32.69458770751953,33.056872800925866,32.40019727493379,32.995417469988176,38836000
2015-08-31,32.10630416870117,32.928515519634715,32.03345239151003,32.42943906396135,38936000
2015-09-01,31.201332092285156,31.938792363485042,30.978309299217,31.411963994955574,51458000
2015-09-02,31.962085723876953,31.96951950219816,31.254857758307587,31.619623353866338,37630000
2015-09-03,31.572540283203125,32.276298985070795,31.411963496624615,32.11175764299155,34572000
2015-09-04,31.17159652709961,31.446162336324935,31.049678402912033,31.208271976277192,40478000
2015-09-08,31.911039352416992,31.968528245350733,31.366864858576886,31.768304005182337,39092000
2015-09-09,31.88774299621582,32.579110741069215,31.76334255428043,32.30752075496303,40978000
2015-09-10,32.26787185668945,32.45719118225331,31.802992314442267,31.912026089272192,27850000
2015-09-11,32.477020263671875,32.477515596812545,32.08598688904753,32.22475957298511,34892000
2015-09-14,32.33676528930664,32.50774975168234,32.18956816113716,32.49337752829689,29942000
2015-09-15,32.96122360229492,33.14856158918839,32.3798765277385,32.546894515811395,35546000
2015-09-16,32.9835319519043,33.109909969228006,32.81899059410103,32.98501795138993,26252000
2015-09-17,33.28832244873047,33.79978598966484,32.9577537909289,33.08115978789395,47752000
2015-09-18,32.755550384521484,33.197629512042184,32.71143926968984,32.96072794530577,72544000
2015-09-21,33.05588912963867,33.15600314806935,32.610837945693056,32.98303734155453,39094000
2015-09-22,32.37294387817383,32.65147613367,31.968033609625667,32.58456834738646,54362000
2015-09-23,32.37740707397461,32.723834016029734,32.250529941058296,32.3580777369617,29160000
2015-09-24,32.45769119262695,32.54987609391071,31.82629267987598,32.1633044955659,38692000
2015-09-25,31.726177215576172,32.639579054980466,31.701892658504505,32.639579054980466,48480000
2015-09-28,30.938167572021484,31.859995834579134,30.620485076578372,31.671663357425338,47646000
2015-09-29,30.856887817382812,31.45508199249841,30.629900459161505,31.000116609769144,42130000
2015-09-30,31.63796043395996,31.68454632470482,31.18101185089274,31.31383296888264,52954000
2015-10-01,31.8178653717041,31.90905960932847,31.278647963516832,31.616650455244166,42506000
2015-10-02,32.560768127441406,32.56126346044804,31.396591877467774,31.620109951419394,48788000
2015-10-05,33.288822174072266,33.35572995984973,32.505269424270914,32.78925412338459,37960000
2015-10-06,33.28683853149414,33.641689875721674,32.86259895942854,33.173342970119414,42774000
2015-10-07,33.20555877685547,33.638718129263374,32.61628252768684,33.57230568073825,44354000
2015-10-08,33.056880950927734,33.29923500295423,32.436878824945424,33.178305643536,39308000
2015-10-09,33.26700973510742,33.40825527645185,32.82691199589821,33.08115775148646,32124000
2015-10-12,33.524234771728516,33.60105300332614,33.06877404682733,33.16541694805807,26684000
2015-10-13,33.858272552490234,34.12044745912008,33.35969140514747,33.416688744844,42446000
2015-10-14,33.72148513793945,34.1987518384409,33.64664824313249,33.8860264836559,31292000
2015-10-15,34.34644317626953,34.40294140008548,33.91873627043757,33.96135760485421,47156000
2015-10-16,34.46043014526367,34.50503659309897,34.15216658111849,34.46439659129056,36316000
2015-10-19,34.68989944458008,34.704271667654304,34.30629985739765,34.395013642656146,30172000
2015-10-20,33.7011604309082,34.59325148419371,33.38793600556143,34.58779903940569,52434000
2015-10-21,33.294769287109375,33.94401111923088,33.24025239329486,33.86025444598317,31952000
2015-10-22,33.75766372680664,34.10012797866702,33.28981213180175,33.47516881429888,88632000
2015-10-23,35.65037536621094,37.29429881118773,35.5814862597858,37.173369484567786,126726000
2015-10-26,36.23469543457031,36.42451387283504,35.68457323415328,35.68457323415328,48776000
2015-10-27,36.31895446777344,36.47457604856735,35.888770847807855,36.009201086850695,38778000
2015-10-28,36.52214431762695,36.54444564735479,36.04388326462154,36.32786789826167,39604000
2015-10-29,36.915164947509766,37.01131250679854,36.43492248417375,36.50777804388651,36520000
2015-10-30,36.54544448852539,36.987523642429196,36.50282315164418,36.95035475123488,39984000
2015-11-02,37.05839157104492,37.080197568914706,36.25104784863076,36.40369739605595,39914000
2015-11-03,37.11191940307617,37.25465095212452,36.732282521981745,36.94390696134643,36306000
2015-11-04,37.43356704711914,37.66104972269201,37.13075214613092,37.165444369600564,41840000
2015-11-05,37.699214935302734,37.9807191831101,37.540621365667356,37.60703003608926,45486000
2015-11-06,37.745304107666016,37.81567921821528,37.4196887710579,37.63577499594881,33544000
2015-11-09,37.406803131103516,37.829556696412794,37.12629335071772,37.59265513452091,35538000
2015-11-10,37.579769134521484,37.69574136007943,37.09160134799156,37.342871352393196,29798000
2015-11-11,37.926204681396484,38.11601937509722,37.65362019396847,37.78396465853524,41866000
2015-11-12,37.4940299987793,37.953457108021205,37.46082377615813,37.67492488564098,35452000
2015-11-13,36.67826461791992,37.434555035457095,36.64852572766704,37.37062303845828,48188000
2015-11-16,37.19121170043945,37.25514369321806,36.39378222226086,36.685200640491274,50704000
2015-11-17,36.97117233276367,37.41573196053616,36.875520094953984,37.292821273804854,38864000
2015-11-18,37.66650390625,37.720525466967544,37.04104940754688,37.14909252898197,36266000
2015-11-19,37.66303634643555,37.826087912696245,37.52872544515207,37.65510345403689,28078000
2015-11-20,38.5085334777832,38.62351503610486,37.86920591541211,38.126919028981426,55478000
2015-11-23,38.49366760253906,38.80094428854692,38.33556937088508,38.53183093966916,34648000
2015-11-24,38.143272399902344,38.45847818169952,37.57233483815401,38.308309068385604,47880000
2015-11-25,38.124935150146484,38.31029180751803,37.98963360038769,38.24536536448898,23612000
2015-11-27,38.259246826171875,38.35985616765647,38.01293014200429,38.11998259525564,14434000
2015-11-30,37.8072624206543,38.410907208737996,37.72152062345059,38.25429495356158,33586000
2015-12-01,38.84504699707031,38.90501632777497,37.960888829521004,38.00995327058177,40398000
2015-12-02,38.5506591796875,39.303977554469114,38.480280294536186,38.91740603443853,46876000
2015-12-03,38.07240295410156,38.8792476496772,37.78743138943323,38.68497119885509,41950000
2015-12-04,38.618064880371094,38.77715378075039,37.9390879429915,38.14724129104208,49800000
2015-12-07,38.30979919433594,38.706776533144634,37.99905140758588,38.6601887536702,36626000
2015-12-08,38.41634750366211,38.59030392783037,37.7908931283427,37.88902200544601,31082000
2015-12-09,37.79238510131836,38.46343669002451,37.27001663204008,38.216129344869636,46550000
2015-12-10,37.66798400878906,37.96683621191208,37.418200027384074,37.8439255534266,32458000
2015-12-11,37.19121170043945,37.53912833466808,37.10348859702902,37.120836596962086,43184000
2015-12-14,37.79188537597656,37.871679371821706,36.489435467109004,37.232843415510786,53864000
2015-12-15,37.67047119140625,38.39702660154202,37.566889847019496,38.05208567568139,49386000
2015-12-16,38.48821258544922,38.73155725240424,37.51980237315658,37.99161658983304,53120000
2015-12-17,38.1531867980957,38.73601613793585,38.12691901929806,38.71470547127347,36510000
2015-12-18,37.5098876953125,38.36679123551523,37.49700147291323,38.02432701928173,67794000
2015-12-21,37.70565414428711,37.98071525171718,37.37607614845334,37.817164586506095,34848000
2015-12-22,38.019371032714844,38.178459922760425,37.725479698903165,37.87763014446441,36338000
2015-12-23,38.0877685546875,38.255781019274465,37.54954183057608,38.19581167849152,30594000
2015-12-24,37.955448150634766,38.12197085826031,37.8835870230593,38.088269293930914,10412000
2015-12-28,38.768226623535156,38.79697106405585,38.04910515281319,38.161606249736664,31156000
2015-12-29,39.34907913208008,39.583500220610354,38.96448894615831,39.00363916230817,38430000
2015-12-30,39.16769027709961,39.472985623454946,39.01405382829281,39.34908428572849,28566000
2015-12-31,38.55859375,39.070057330670686,38.524396859254466,39.04478021715522,32752000
2016-01-04,37.63825225830078,37.775039816843936,37.04848069065021,37.775039816843936,67382000
2016-01-05,37.7418327331543,38.12196117527121,37.450418068829,37.8692051787552,45216000
2016-01-06,37.63279724121094,37.94998433629541,37.071278604389256,37.18873682056006,48206000
2016-01-07,36.72435760498047,37.43356877703162,36.440872025646534,36.99644674111335,63132000
2016-01-08,36.22428894042969,37.17634554894805,36.1256609440653,37.06136399928371,47506000
2016-01-11,36.33134460449219,36.43096328618479,35.66178273867717,36.275837041778786,50896000
2016-01-12,36.939449310302734,37.08813243520598,36.497865496106485,36.71196662477227,46816000
2016-01-13,35.66227722167969,37.31908718111925,35.52400365134748,37.137693159145805,51728000
2016-01-14,36.24807357788086,36.66933729842311,34.94017130905781,35.903628068704954,55558000
2016-01-15,35.2122688293457,35.88975978830564,34.76721389231508,35.18748704759589,76676000
2016-01-19,35.63798522949219,35.94873299571442,35.180543252321726,35.6910161169174,48724000
2016-01-20,35.612220764160156,36.02803212577534,34.08674598735914,34.98478116096561,82440000
2016-01-21,36.014156341552734,36.559321507615586,35.242994485192334,35.69201208578,51938000
2016-01-22,36.945404052734375,37.09904431907183,36.69958643269982,36.773924227994144,47146000
2016-01-25,36.35860061645508,37.29232245691808,36.303093057461005,36.86511087344488,45340000
2016-01-26,36.36702346801758,36.64803236370286,36.02902101646879,36.437402361090456,30940000
2016-01-27,35.56365203857422,36.47110233263639,35.358966020838345,36.47110233263639,42428000
2016-01-28,37.086151123046875,37.22789202186136,36.20892749174018,36.58509330238042,62104000
2016-01-29,37.732913970947266,37.919261308278145,36.88294883872578,37.11885973545307,75808000
2016-02-01,38.19977569580078,38.537778154883824,37.73440078494215,38.224058361754075,111522000
2016-02-02,38.70232009887695,40.161382408654944,38.686953428685136,39.6732108235701,135846000
2016-02-03,37.139678955078125,39.22369677354297,36.48944264820378,38.968460296854815,131114000
2016-02-04,36.18067932128906,36.93449696160292,35.81244639348671,36.90228140141073,104922000
2016-02-05,34.87872314453125,36.01663189098759,34.6993142431125,35.95617100046142,109556000
2016-02-08,34.8985481262207,34.9163914623654,33.80078025883181,34.08178917080497,89410000
2016-02-09,34.74292755126953,35.73116632676861,34.12243015101031,34.34297439705801,84300000
2016-02-10,35.0318603515625,35.843166763463365,34.9595039117977,35.27669100973406,60314000
2016-02-11,35.00758361816406,35.30296476759648,34.2557510776996,34.51098755472807,65004000
2016-02-12,35.033851623535156,35.48534590475002,34.770682252041645,35.29751254701565,46538000
2016-02-16,35.56662368774414,35.82632192970277,35.19690099331598,35.61667880155924,43444000
2016-02-17,36.27682113647461,36.36553491034822,35.51557361968671,36.03050448097004,49154000
2016-02-18,35.5601806640625,36.47655451006453,35.463042434942075,36.37545361593367,47276000
2016-02-19,35.78816223144531,35.883319137501466,35.342611930713325,35.48039017687379,34918000
2016-02-22,36.132102966308594,36.419554941224014,35.854565214621026,36.15489962986342,37516000
2016-02-23,35.549278259277344,36.22379724590707,35.468992694342795,35.985908768899954,41332000
2016-02-24,35.72819137573242,35.74405338018382,34.79249192220274,35.218213753235695,37092000
2016-02-25,36.135581970214844,36.15490752550983,35.34806275606751,35.82880059606046,36146000
2016-02-26,35.9244499206543,36.484482612577,35.77973324722722,36.357609274710306,42474000
2016-02-29,35.545806884765625,36.20892557094318,35.52697288328393,35.733144889867106,45068000
2016-03-01,36.7823486328125,36.79027774474195,35.61618687911871,35.74801734522271,60112000
2016-03-02,36.649024963378906,36.82942453172639,36.3402622731228,36.81703742240117,36292000
2016-03-03,36.25798797607422,36.72435352074923,36.16084975667321,36.6490213002305,40534000
2016-03-04,36.190093994140625,36.426991769005575,35.96211221482461,36.41708132611595,48516000
2016-03-07,35.326744079589844,36.04091223239357,34.947111006342205,35.938816908534655,61690000
2016-03-08,35.3629264831543,35.795095159191,34.8906169202476,35.10818536697889,52530000
2016-03-09,35.95170974731445,35.99284508425381,35.31981213693724,35.444208814018566,39544000
2016-03-10,36.28673553466797,36.50331330145577,35.846637775808276,36.069658653644055,44616000
2016-03-11,36.91615676879883,36.917642768168925,36.51124651804563,36.672320531192405,35380000
2016-03-14,37.18229675292969,37.38153031508607,36.85618607365355,36.92111252211319,32824000
2016-03-15,37.198646545410156,37.31957587186863,36.81554234844169,36.97314522681438,29832000
2016-03-16,37.53517150878906,37.616451522331396,36.99694475740884,37.12332277623212,29306000
2016-03-17,37.59068298339844,37.930666849137296,37.53517541348189,37.54954763918031,44564000
2016-03-18,37.43852615356445,37.7720668497483,37.26060324758979,37.74679351633985,56222000
2016-03-21,37.77306365966797,37.83154322264555,37.23334712919507,37.36418692731438,28774000
2016-03-22,37.668479919433594,37.91380590711201,37.560935927486035,37.58868970362327,22096000
2016-03-23,37.54507827758789,37.93313963659312,37.46925071748372,37.83203496273128,24678000
2016-03-24,37.410274505615234,37.545076951500974,37.19518272321895,37.22987494618609,31116000
2016-03-28,37.33296585083008,37.5817592226574,37.271510507623454,37.47619275942072,21676000
2016-03-29,37.957916259765625,38.02185204152048,37.08565357421941,37.35278180023132,40062000
2016-03-30,38.0793342590332,38.52389374897798,38.04167004408968,38.07289114867643,40396000
2016-03-31,37.80973815917969,38.116020435010334,37.579279671369484,38.07934687394664,32554000
2016-04-01,38.14525604248047,38.163590928603575,37.42811205982814,37.52525406011454,31674000
2016-04-04,37.91975784301758,38.28254208599755,37.75472116728307,38.13732629724727,26924000
2016-04-05,37.59513473510742,37.80824517881009,37.447937622513585,37.573328735766864,24478000
2016-04-06,38.06595993041992,38.0833079327249,37.48263146233071,37.55895435390131,25312000
2016-04-07,37.67195510864258,38.129892464461776,37.542105990186734,37.929668231923635,25498000
2016-04-08,37.63973617553711,38.01936927222028,37.45636462887176,37.9569232747529,23434000
2016-04-11,37.544090270996094,38.02383744624511,37.53417982673998,37.93611432272664,31774000
2016-04-12,37.8801155090332,37.909850626175036,37.24821780158253,37.58820544056081,27388000
2016-04-13,38.25627517700195,38.44658518949938,37.89349092576384,38.17697650258468,35426000
2016-04-14,38.42874526977539,38.637889282636884,38.32119748343934,38.42725927040718,26992000
2016-04-15,38.657222747802734,38.70331520132365,38.405948924482054,38.434201821340814,31712000
2016-04-18,39.037841796875,39.08096224604647,38.53876910609168,38.666633110755164,33540000
2016-04-19,38.47136688232422,39.19990738189439,38.17499508253177,39.17760604770401,43952000
2016-04-20,38.40544509887695,38.64036531311555,38.22455021936193,38.61558353513555,34262000
2016-04-21,38.657222747802734,38.74048409534421,38.23843556304779,38.523906281335094,77628000
2016-04-22,36.56427764892578,37.364679263945675,36.19753073330452,36.8685785600778,140798000
2016-04-25,36.78432846069336,36.91665425455656,36.4319537498207,36.44434464096511,49442000
2016-04-26,35.949729919433594,36.951841823038585,35.6994467742317,36.89385759485888,55864000
2016-04-27,35.75594711303711,36.03794291031844,35.14238439386352,35.94724779247575,66262000
2016-04-28,34.94314956665039,36.14251740082826,34.850968452731756,35.84664094305175,62590000
2016-04-29,35.082908630371094,35.2925479460012,34.87970864440422,34.89656131164379,58278000
2016-05-02,35.40654373168945,35.456103511833895,35.00758126259808,35.28313772386354,33476000
2016-05-03,35.11067199707031,35.35500359885722,35.05565976403311,35.3118869246306,38620000
2016-05-04,35.255882263183594,35.43826317704024,34.893097986947424,35.0279042302782,34172000
2016-05-05,35.42141342163086,35.56216365946104,35.160724500586255,35.435785645303554,29668000
2016-05-06,35.940303802490234,35.980448466776664,35.284618962650164,35.29700985130672,39952000
2016-05-09,36.136077880859375,36.39180969501579,35.85705028347557,36.01564386177556,38074000
2016-05-10,36.64406967163086,36.67479544849029,36.25898410767626,36.42501144414202,32634000
2016-05-11,36.206451416015625,36.71444768996058,36.075116291978944,36.70057079973156,29834000
2016-05-12,36.08354568481445,36.44533932783022,35.89521697461843,36.278317507869595,27094000
2016-05-13,35.92296600341797,36.24312514648565,35.857544217073524,36.01167979091152,25244000
2016-05-16,36.194061279296875,36.31201484870104,35.68358832902154,35.897689465754084,22538000
2016-05-17,35.692996978759766,36.46911582215026,35.58446232117749,36.23172272686778,33404000
2016-05-18,35.77180862426758,35.95964198907056,35.436778120837985,35.60924859488498,32536000
2016-05-19,35.45114517211914,35.70836673671555,35.20334249880722,35.599332955471304,30598000
2016-05-20,35.768333435058594,36.065200563188185,35.436278749684575,35.5081436446972,34798000
2016-05-23,35.54729461669922,35.857047974776364,35.53193172736978,35.682596184229425,24816000
2016-05-24,36.32936477661133,36.38734900750142,35.666242214345246,35.676156440194205,37884000
2016-05-25,36.58063507080078,36.66934886503092,36.30805435678422,36.42699859960655,32216000
2016-05-26,36.52264404296875,36.72931137520438,36.327872267152486,36.47655159772016,27202000
2016-05-27,37.05146408081055,37.06682697235511,36.52661507176937,36.551396856456314,34802000
2016-05-31,37.11341094970703,37.34287497641689,36.95085092867566,37.10894917019417,42484000
2016-06-01,37.094085693359375,37.23830706022199,36.88989497831258,37.09458102656317,20788000
2016-06-02,36.88642120361328,37.03659032386361,36.526113625402196,36.97711631927044,33916000
2016-06-03,36.46961212158203,36.748639669444856,36.37296923603814,36.748639669444856,24608000
2016-06-06,36.182167053222656,36.600458897930075,36.09444770854137,36.600458897930075,29992000
2016-06-07,36.23321533203125,36.51174380905328,36.21884310834522,36.34125845742056,24314000
2016-06-08,36.820011138916016,36.8636231430743,36.46515976435017,36.65001733945805,32314000
2016-06-09,36.79969024658203,36.86957003064332,36.50133710760928,36.529586221116226,19180000
2016-06-10,36.33728790283203,36.65695168217192,36.20446679145563,36.47407546012849,29050000
2016-06-13,36.27237319946289,36.625243279400514,36.170277842172666,36.170277842172666,23354000
2016-06-14,36.34025955200195,36.476551774894105,36.00572822072335,36.144992442150475,26584000
2016-06-15,36.28772735595703,36.53354490623551,36.244111576435685,36.423025129934736,23234000
2016-06-16,35.89421844482422,36.198519338651344,35.46254510250856,36.0780853347088,45002000
2016-06-17,34.903011322021484,35.752477423089736,34.74788507951657,35.752477423089736,82262000
2016-06-20,34.99618148803711,35.47890063457186,34.960498597121514,35.20334416976685,45654000
2016-06-21,35.13247299194336,35.45461723208789,34.92332898205012,35.19045721583172,30318000
2016-06-22,35.21126937866211,35.39662603879955,34.98378672047095,35.388696928493594,29058000
2016-06-23,35.42933654785156,35.42983188091735,34.70476258298527,35.215235447210084,42500000
2016-06-24,33.9588737487793,34.9401739139052,33.94450152771356,34.20519040147211,95436000
2016-06-27,33.75766372680664,33.866202181164574,33.33739058054538,33.824571511160016,58146000
2016-06-28,34.259220123291016,34.33257102645719,33.94153762257902,34.26467256941533,38246000
2016-06-29,34.4539909362793,34.66759674593767,34.32959425122741,34.407902265070526,43124000
2016-06-30,34.8673210144043,34.879216571077094,34.43961411896773,34.57590634410154,42250000
2016-07-01,35.20036697387695,35.3133634086212,34.87723210850388,34.94513054842834,30984000
2016-07-05,34.934722900390625,35.09480245207923,34.64925601845009,34.94067067851813,28440000
2016-07-06,35.136940002441406,35.33666893170359,34.642820568359895,34.684451243290354,28902000
2016-07-07,35.052188873291016,35.19641023598522,34.72558658646614,35.19343823684837,21174000
2016-07-08,35.57356262207031,35.57951040082197,35.094310801704346,35.21573548005896,29946000
2016-07-11,36.04042434692383,36.126162354660075,35.627584968812826,35.65484341634406,28822000
2016-07-12,36.3035888671875,36.4567299895535,36.055290847819876,36.274349087941154,26468000
2016-07-13,36.153419494628906,36.45276707350309,36.13062282737658,36.45276707350309,20436000
2016-07-14,36.46664047241211,36.48348935938375,36.208428254636914,36.37445558363999,21408000
2016-07-15,36.458213806152344,36.724351336941545,36.409145585124406,36.724351336941545,32342000
2016-07-18,37.32899856567383,37.4251461342427,36.50183378855575,36.571218242041624,38698000
2016-07-19,37.33940887451172,37.49700800690392,37.09556883493139,37.163962623480096,30436000
2016-07-20,37.521297454833984,37.697734386295046,37.37112830792695,37.37112830792695,22502000
2016-07-21,37.38896179199219,37.57431845346093,37.245731128879726,37.517321119359636,19062000
2016-07-22,37.63032531738281,37.63874976171075,37.3022332912003,37.53318708812583,20920000
2016-07-25,37.54309844970703,37.6570893515757,37.37211398748853,37.55102756110182,21466000
2016-07-26,37.549537658691406,37.629331659822384,37.3066921048537,37.54309454738367,23792000
2016-07-27,37.763648986816406,37.88655968683947,37.46430513064444,37.61496961575854,32172000
2016-07-28,37.955448150634766,38.110574413192566,37.62091295457522,38.104131300254465,73464000
2016-07-29,39.219242095947266,39.84370222593116,39.152829636225576,39.534943274468276,101810000
2016-08-01,39.695011138916016,40.01963200022374,38.906996758344384,38.98778141917744,60594000
2016-08-02,39.65437316894531,39.76340694375724,39.377330734256205,39.51609961813739,39928000
2016-08-03,39.594905853271484,39.625635414842904,39.30250048161637,39.47348494996381,29206000
2016-08-04,39.51213836669922,39.6583410470677,39.347101683565626,39.56120281558096,21520000
2016-08-05,39.99188995361328,40.00626217855506,39.539896524228695,39.65388743854596,36146000
2016-08-08,39.907630920410156,40.025089146429046,39.732184690456634,39.94579047542505,24426000
2016-08-09,40.01913833618164,40.30906699038392,39.8496398975113,39.870950562966186,32154000
2016-08-10,40.069190979003906,40.18763985497383,39.97007143502525,39.99782520983273,18370000
2016-08-11,40.05482482910156,40.336329065313144,39.9457910454994,40.167325944496035,25646000
2016-08-12,39.99783706665039,40.00477551240907,39.82883392134798,39.90069882602888,17946000
2016-08-15,39.94381332397461,40.21144069487289,39.84816108811914,40.00576399924266,18596000
2016-08-16,39.7074089050293,39.85955936280147,39.49974710575874,39.821891357624246,21158000
2016-08-17,39.91704177856445,39.9274513350216,39.46504847679377,39.6484237980805,21322000
2016-08-18,39.78471755981445,40.044911107351545,39.72921000633118,39.91407133397404,17292000
2016-08-19,39.631080627441406,39.70938863343485,39.49380151273363,39.63801907220229,22416000
2016-08-22,39.49726867675781,39.61373623785701,39.36741955930739,39.574582235026604,17056000
2016-08-23,39.479427337646484,39.697990248322824,39.4496922247707,39.67221780054036,18350000
2016-08-24,39.331241607666016,39.572105842480816,39.19048759845139,39.49280717004967,25672000
2016-08-25,39.21725082397461,39.386749279023256,39.01554059168102,39.25194304797067,24054000
2016-08-26,39.312400817871094,39.61868678267327,39.12357684208882,39.27622260087633,24978000
2016-08-29,39.44126892089844,39.5750807138782,39.168684441090846,39.30398601469267,15474000
2016-08-30,39.247982025146484,39.549310943987535,39.12655734549554,39.2955604744987,23348000
2016-08-31,39.145389556884766,39.230632226606836,39.014054439331254,39.1329986666843,21428000
2016-09-01,39.22220993041992,39.29605616138342,38.97093990552401,39.25095437731109,26070000
2016-09-02,39.49330139160156,39.504701615264096,39.314387831720914,39.41400650257104,26998000
2016-09-06,40.045902252197266,40.18813846911417,39.42193381995579,39.568631815748255,39790000
2016-09-07,40.0444221496582,40.173772163242816,39.83279767772674,40.04144636958012,22906000
2016-09-08,39.78917694091797,40.06572783297309,39.69848183028159,39.907134277339736,23554000
2016-09-09,39.077491760253906,39.73516180638812,39.056181092467966,39.58746935008597,37752000
2016-09-12,39.58995056152344,39.65685456491013,38.83068049302244,38.8812347218729,37274000
2016-09-13,39.08938217163086,39.4397754829179,38.87180996197092,39.35155704348209,36180000
2016-09-14,39.17561721801758,39.4665403258251,39.03040522123774,39.03040522123774,25842000
2016-09-15,39.709388732910156,39.82932362660056,39.086410921042074,39.15331870324995,31144000
2016-09-16,39.547821044921875,39.59986127352179,39.332233914655745,39.59986127352179,42612000
2016-09-19,39.419952392578125,39.8461732715595,39.32925728422973,39.70343794073971,22990000
2016-09-20,39.63752365112305,39.784720771284974,39.56219142514791,39.6484285419383,20984000
2016-09-21,39.8977165222168,39.94133230354657,39.45167095268349,39.710873850467394,26970000
2016-09-22,40.43891906738281,40.5930508487446,40.03054149992169,40.14403327966249,35186000
2016-09-23,40.38985824584961,40.4909591446998,40.27933845482215,40.398778023708374,28234000
2016-09-26,39.779762268066406,40.147998940983115,39.6707284884015,40.13511271816795,29454000
2016-09-27,40.180213928222656,40.31700149683172,39.73912544335639,39.73912544335639,27346000
2016-09-28,40.14700698852539,40.15642588025877,39.786207851953975,39.8506351888649,29406000
2016-09-29,39.77927017211914,40.33781689063875,39.69105171878386,40.00675285994037,27000000
2016-09-30,39.849647521972656,40.04937644071529,39.722774171105776,39.826850852950294,33204000
2016-10-03,39.66726303100586,39.8238714822314,39.461586351677724,39.774807035297634,29784000
2016-10-04,39.78670883178711,39.970579539220054,39.63208168878796,39.896237966898774,25174000
2016-10-05,39.709388732910156,40.06969252826515,39.68361628625693,39.94579118848624,24276000
2016-10-06,39.80106735229492,39.99286710599786,39.673698703630876,39.85062712305459,21998000
2016-10-07,39.683616638183594,39.94281954402184,39.490826182027234,39.942324210902484,23262000
2016-10-10,40.35069274902344,40.50978161157321,39.75943528959373,39.843191942023736,29922000
2016-10-11,40.12272262573242,40.63270019741241,40.013688843900894,40.350700632667106,34432000
2016-10-12,40.231754302978516,40.367052075811266,40.07217008458921,40.241169412652475,18158000
2016-10-13,39.85063552856445,39.97354620592103,39.580036173829214,39.94926353902926,27380000
2016-10-14,39.876407623291016,40.14849675617935,39.76341117187792,40.017656968726286,22238000
2016-10-17,39.9874267578125,40.31700481575607,39.838252067382044,39.94530075086518,21128000
2016-10-18,40.71348571777344,41.07626617908911,40.30907080657506,40.352682807750895,45786000
2016-10-19,40.97863006591797,41.125331844676545,40.78237229168514,40.78237229168514,30002000
2016-10-20,40.720428466796875,41.05942163089499,40.666902235315796,41.01431984443651,27878000
2016-10-21,40.840850830078125,40.85225105307842,40.55587928558725,40.63963594883086,32316000
2016-10-24,41.41972732543945,41.52876112597117,41.08767259194332,41.13971282625869,28952000
2016-10-25,41.06338119506836,41.55650607744015,40.90230719445374,41.55650607744015,37814000
2016-10-26,40.74372482299805,41.021761787807954,40.45875319309727,40.992518221934056,35898000
2016-10-27,40.508304595947266,40.96574662120339,40.37250769817948,40.78881816877954,59470000
2016-10-28,40.617835998535156,41.58129299817785,40.49095887092723,41.1322753918429,87098000
2016-10-31,40.13907241821289,40.76997926944901,40.04490998186796,40.76006504593793,44854000
2016-11-01,39.920013427734375,40.340290285741105,39.56218634558765,40.18714540672186,47118000
2016-11-02,39.07452392578125,39.9834640841097,38.90502545050653,39.9834640841097,47014000
2016-11-03,38.7657585144043,39.152825443136244,38.58932160574731,38.88024096872275,43504000
2016-11-04,38.711734771728516,39.077491011276464,38.211172301992065,38.226039857728104,39412000
2016-11-07,39.74903869628906,39.89623203830003,39.296549998048455,39.39815000575074,39852000
2016-11-08,40.24216079711914,40.443375684766835,39.6295925762535,39.74903591151429,35382000
2016-11-09,39.92547607421875,40.228786349128455,39.25393284787347,39.73912870862616,61970000
2016-11-10,38.67158889770508,40.14700470009912,38.073888220024,40.144032701512025,118192000
2016-11-11,38.24834442138672,38.5229064277716,37.94057240987771,38.49911909517045,71852000
2016-11-14,37.32999038696289,38.24983542901982,36.8527236426109,38.24884476267782,73766000
2016-11-15,38.41734313964844,38.669112256756684,37.9247135770976,37.93710068572036,58878000
2016-11-16,38.656227111816406,38.83067889645165,37.97972685942796,38.18242775612099,35968000
2016-11-17,38.9625129699707,39.09830987865704,38.64978759463484,38.78112272372965,30674000
2016-11-18,38.457489013671875,39.21675527242447,38.42676323594743,39.0125683756859,36126000
2016-11-21,38.895103454589844,38.98183210858777,38.473835947975346,38.56304504828371,32616000
2016-11-22,38.90502166748047,39.339667033850496,38.84257566290804,39.10276923921096,27884000
2016-11-23,38.6076545715332,39.12903232787812,38.29294413960045,39.12903232787812,26260000
2016-11-25,38.66862487792969,38.80095068456416,38.567520187576534,38.78657845942364,12270000
2016-11-28,38.944175720214844,39.63554355069087,38.56305279931008,38.57544368984835,51508000
2016-11-29,39.12506866455078,39.47199089524917,38.92186865716406,39.072533106258426,31240000
2016-11-30,38.45302963256836,39.22766260966127,38.31773184188402,39.10822304194183,45582000
2016-12-01,37.8806037902832,38.5878336065136,37.33692465022491,38.585356940936016,57342000
2016-12-02,37.88704299926758,38.18639054163225,37.61644368048565,37.76016967372564,34376000
2016-12-05,38.56900405883789,38.65722251878257,38.01144796481699,38.161617101875095,33770000
2016-12-06,38.467891693115234,38.91889434740982,38.32615081063354,38.6666299096024,34682000
2016-12-07,39.22568130493164,39.25194530512058,38.336562090933924,38.654743684930345,40588000
2016-12-08,39.40904998779297,39.598868441112515,39.04924153017298,39.299025538983344,32250000
2016-12-09,40.11677932739258,40.141561110092276,39.55178946859574,39.61374014417583,38090000
2016-12-12,40.039955139160156,40.21093958331621,39.87293714086699,39.88730936272097,32572000
2016-12-13,40.40868377685547,40.852748003181055,40.24017977755392,40.262481110196426,42564000
2016-12-14,40.535072326660156,40.8507734926938,40.281817171154884,40.43743875488582,35994000
2016-12-15,40.42405319213867,40.78832344138497,40.243154509745004,40.50880053063809,35394000
2016-12-16,40.136104583740234,40.59998971310493,40.05085813360837,40.55588237929308,51978000
2016-12-19,40.2679328918457,40.45229889055678,39.87144711705856,40.108348671997035,25272000
2016-12-20,40.4017448425293,40.465680622298684,40.19359151138583,40.31104973261455,25438000
2016-12-21,40.25306701660156,40.42751879857945,39.901187672850476,40.42751879857945,29192000
2016-12-22,40.128173828125,40.197062939293644,39.94727515879461,40.099429384242015,22632000
2016-12-23,40.03499984741211,40.19210740994424,39.90168339880181,40.045409405045106,15310000
2016-12-27,40.14056396484375,40.44139754446835,39.9358817294239,40.07861329342723,19520000
2016-12-28,39.87491989135742,40.30906990444392,39.76935722258876,40.30906990444392,24296000
2016-12-29,39.791160583496094,39.93339679840021,39.556244147853626,39.76390213988699,21148000
2016-12-30,39.27425003051758,39.81148608547194,39.133991347345344,39.80751963918284,34718000
2017-01-03,40.04541015625,40.215400163981705,39.494297234860426,39.67915479848779,39180000
2017-01-04,40.033512115478516,40.31402567112572,39.852121894934385,40.13857944763602,30306000
2017-01-05,40.29370880126953,40.329391692211246,39.94182944194694,40.02013366876819,26810000
2017-01-06,40.897850036621094,41.08370203879968,40.21837402767961,40.39133980705089,40342000
2017-01-09,40.9954833984375,41.156553620428234,40.71992695217719,40.95533873092082,28178000
2017-01-10,40.937496185302734,41.10600396926916,40.79525996159658,40.99003174348583,23948000
2017-01-11,41.1283073425293,41.13028867503638,40.71249597903308,40.967732442570274,26508000
2017-01-12,41.11195755004883,41.154083556693756,40.6896992549168,41.054960204732815,26990000
2017-01-13,41.18183517456055,41.36570208215047,41.11146005612709,41.18480717343701,25804000
2017-01-17,41.009361267089844,41.14416371371589,40.798232148348184,41.13524393666642,28818000
2017-01-18,41.086673736572266,41.12582773780253,40.84184306736323,41.12533240471116,20554000
2017-01-19,40.85622024536133,41.28393096872298,40.83590402381334,41.08568805423583,21410000
2017-01-20,41.044551849365234,41.09758274480478,40.86761960763241,41.090145185351695,26124000
2017-01-23,41.850406646728516,41.90541887566973,41.07082033054292,41.21504168158257,49148000
2017-01-24,42.10316848754883,42.20179272541414,41.74385153490285,41.976786686129884,33768000
2017-01-25,42.54524230957031,42.56209119767852,42.11356895634194,42.302396744321264,33108000
2017-01-26,42.472389221191406,42.6716227972633,42.15223007915274,42.57497989865023,69866000
2017-01-27,41.8801383972168,42.96898266382683,41.72501594817724,42.572500649471166,75050000
2017-01-30,40.8294563293457,41.49356566999955,40.690683657960925,41.48514122620114,70338000
2017-01-31,40.64905548095703,40.79179082585236,40.312539010984466,40.61485858940405,40404000
2017-02-01,40.40373229980469,40.83788232187487,40.25554451280992,40.83788232187487,45020000
2017-02-02,40.55339813232422,40.865631896193655,40.2456299283648,40.391832586688956,33784000
2017-02-03,40.646080017089844,40.943442457728054,40.60742134952776,40.794763127993235,30562000
2017-02-06,40.71992874145508,40.758088297109275,40.35664916664008,40.6852365176018,27018000
2017-02-07,41.09708023071289,41.23040045799427,40.8026935602112,40.91222267401646,33332000
2017-02-08,41.12929153442383,41.34587307413512,40.89288911042393,41.16150708843734,26044000
2017-02-09,41.13821792602539,41.23337482305369,40.96178480307231,41.22098393250447,23884000
2017-02-10,41.37561798095703,41.489605107870084,41.16052617061904,41.28145174302687,28302000
2017-02-13,41.579307556152344,41.71708578052589,41.44499666345865,41.51685777422816,25914000
2017-02-14,41.63233184814453,41.729965398031496,41.42417852638019,41.61944562615411,27266000
2017-02-15,41.49802780151367,41.71857202844514,41.4435109111559,41.57187024511174,27144000
2017-02-16,41.73839569091797,41.76416435500744,41.495051022567885,41.55650635601559,20102000
2017-02-17,41.955467224121094,41.97479655733874,41.61994145878438,41.695769011277875,29224000
2017-02-21,42.09028244018555,42.23549446514243,41.95547619308204,42.02684576320654,25206000
2017-02-22,42.19385528564453,42.31428550287542,41.96339684576994,42.027332624205016,24488000
2017-02-23,42.1760139465332,42.25630328259752,41.754750161082434,42.179980392493995,27734000
2017-02-24,42.01791763305664,42.04517607941746,41.777548728193615,42.009988521942944,26924000
2017-02-27,42.110103607177734,42.1596633887827,41.78003024367549,41.87617780808009,20206000
2017-02-28,41.875179290771484,42.06846884823217,41.70221351451448,41.9951179586377,27662000
2017-03-01,42.460994720458984,42.52294539628039,42.07789044045722,42.19485334665738,36374000
2017-03-02,42.119022369384766,42.44810505868525,42.063019477216024,42.43918150014645,25018000
2017-03-03,42.08086013793945,42.16709725867821,41.86428234157542,42.07392169287629,20100000
2017-03-06,41.99114990234375,42.073915898568124,41.688830360010904,41.97082990308797,20958000
2017-03-07,42.183448791503906,42.29149190852137,41.90442500295243,41.99065833838675,20774000
2017-03-08,42.306861877441406,42.46991724647828,42.18841296409008,42.28108942665284,20576000
2017-03-09,42.515010833740234,42.657250850313126,42.25878369558707,42.30933792551901,26954000
2017-03-10,42.691932678222656,42.831692213872344,42.503604038211186,42.755864668611835,26732000
2017-03-13,42.84905242919922,42.97543044694041,42.66270506815027,42.66320040131378,23332000
2017-03-14,42.91497039794922,42.99773641191834,42.62850901468363,42.80791793381227,21234000
2017-03-15,43.03786849975586,43.111714720328585,42.68648451215611,43.01556716801301,26658000
2017-03-16,43.117671966552734,43.25198288191205,42.99476127668843,43.14393974980774,22090000
2017-03-17,43.23512268066406,43.33672268255569,43.03687978899395,43.30004534655462,37366000
2017-03-20,43.01408767700195,43.13451791156973,42.8535127705219,43.09189657392301,30844000
2017-03-21,42.13338851928711,43.289635763281304,42.01196386079034,43.12063266372127,50760000
2017-03-22,42.116546630859375,42.391607766535,41.97777394901964,42.1006846270906,27334000
2017-03-23,41.613494873046875,41.71459952831893,41.28392069440059,41.69973197513707,65754000
2017-03-24,41.38998794555664,41.829095101589374,41.09064413929087,41.72997175624021,42114000
2017-03-27,41.55699920654297,41.699239198884705,40.85274525115923,41.04057857189845,38692000
2017-03-28,41.66207504272461,41.89847749821515,41.24774590746946,41.61548726175343,30384000
2017-03-29,42.12001037597656,42.20525304165275,41.69924193042801,41.76714037558182,29146000
2017-03-30,42.100677490234375,42.22556947966653,41.96637039169879,42.2245788135681,18988000
2017-03-31,42.01742172241211,42.10464950580158,41.89054838399907,41.96934794210027,28820000
2017-04-03,42.460994720458984,42.57250518070368,42.00404420640008,42.064508882734316,39388000
2017-04-04,42.25382614135742,42.27513680788109,42.0030476928391,42.02733413909203,26970000
2017-04-05,42.07243347167969,42.65130016133401,42.003544357821276,42.35988548407028,37104000
2017-04-06,41.883609771728516,42.3043782357609,41.82909287997421,42.10167355757693,30672000
2017-04-07,41.734928131103516,41.92226614592394,41.497039668808384,41.87865414344258,22232000
2017-04-10,41.7150993347168,41.96488711093005,41.67000133730689,41.70717022424739,20924000
2017-04-11,41.62491226196289,41.86032410715649,41.363232630769524,41.71511206547874,19486000
2017-04-12,41.703208923339844,41.81521470207392,41.51140914188397,41.55452580837863,22716000
2017-04-13,41.639766693115234,41.81570824558395,41.52429358764056,41.68238802468832,21474000
2017-04-17,42.380699157714844,42.40597626996582,41.68189382198905,41.69924182363564,20982000
2017-04-18,42.32420349121094,42.4927074999402,42.188406593053166,42.2523385960061,18724000
2017-04-19,42.449092864990234,42.63196908518163,42.30140041878583,42.492704863825914,21606000
2017-04-20,42.62602615356445,42.81683148911624,42.49815837122617,42.609173484614466,23776000
2017-04-21,42.57001876831055,42.742988328144904,42.50955788161798,42.652784768861736,23458000
2017-04-24,43.560237884521484,43.611287441402276,42.924873004815744,43.040349892982505,33930000
2017-04-25,44.05138397216797,44.22038329669791,43.57758465769824,43.72527331676111,40760000
2017-04-26,44.066253662109375,44.25706277559072,43.868506104159046,44.17776410670597,26466000
2017-04-27,44.18024444580078,44.27639201017554,43.96911909561874,44.108878662805296,46846000
2017-04-28,45.819705963134766,46.38370129282146,45.75527484990753,46.0417361843028,76918000
2017-05-01,46.23106384277344,46.379746981896616,45.63534818226333,45.801375544954944,46556000
2017-05-02,46.44267654418945,46.735085635306596,46.14085234390958,46.25335722665174,35026000
2017-05-03,47.00569152832031,47.092420198641435,46.349511264168214,46.39114193340288,36496000
2017-05-04,47.31644058227539,47.53549884276941,46.952170297132426,47.09688698860699,38752000
2017-05-05,47.09638977050781,47.50080471360566,46.98834664410813,47.41555825582303,32310000
2017-05-08,47.51319122314453,47.627178336887035,46.95365008738095,46.956130534094115,37534000
2017-05-09,47.41505813598633,47.68714725713561,47.30057569013471,47.64403059002704,33758000
2017-05-10,47.3223876953125,47.41506415281793,47.07458498951585,47.39078148410721,22920000
2017-05-11,47.37442398071289,47.4785044442131,47.01362481529875,47.14644594591605,20622000
2017-05-12,47.337249755859375,47.47799998244411,47.18460397229969,47.47156065201552,24298000
2017-05-15,47.539459228515625,47.71192969416229,47.22227207833396,47.34468742758331,26754000
2017-05-16,47.80658721923828,47.87051922078462,47.59546187985211,47.7540554415305,22030000
2017-05-17,46.6944465637207,47.62717384443515,46.58987078891105,47.56324184890123,48982000
2017-05-18,47.1072883605957,47.28966924747286,46.64984258180071,46.74549480420257,36010000
2017-05-19,47.31296157836914,47.55630624850174,47.18162646684459,47.222266467381985,27206000
2017-05-22,47.77982711791992,47.81699979043075,47.407627746685776,47.42943374835091,27748000
2017-05-23,48.100975036621094,48.2972328096382,47.801132150861164,48.071735260134865,30908000
2017-05-24,48.45087814331055,48.47615147664205,48.15450633902321,48.33441057699143,22660000
2017-05-25,49.1571159362793,49.3513961881127,48.46128628439158,48.51976962755554,39082000
2017-05-26,49.22698974609375,49.38161684645283,48.934085317517045,49.16404463581651,32728000
2017-05-30,49.37071990966797,49.44258480776615,49.13233610978371,49.18883433704789,30324000
2017-05-31,48.920711517333984,49.54071357856738,48.65258882391832,49.37270489662494,34482000
2017-06-01,48.980186462402344,49.220555379999716,48.63326041932421,49.11251225507558,26128000
2017-06-02,49.36824417114258,49.386087508009595,48.91972189541356,48.995054126903604,34710000
2017-06-05,49.75282669067383,49.927278461135025,49.33503025992757,49.455959590462506,27578000
2017-06-06,49.39599609375,49.98725369866325,49.30282431006738,49.72458345521274,31042000
2017-06-07,49.6348762512207,49.75431580885932,49.35584868643712,49.51543291241337,27482000
2017-06-08,49.77265167236328,49.83806966876248,49.393018572746165,49.770171225820434,33758000
2017-06-09,48.07966613769531,49.833118842679596,47.249525674177555,49.83262350957983,72958000
2017-06-12,47.667823791503906,47.97460517358711,46.4283149340326,47.51468265762968,84042000
2017-06-13,48.098506927490234,48.465749208188235,47.67773463394431,48.17482982848164,40108000
2017-06-14,47.97113037109375,48.554458861456006,47.55382922648001,48.34630551286104,30110000
2017-06-15,47.5870361328125,47.6118179142151,46.605244267306134,46.98438207951829,48552000
2017-06-16,47.50971984863281,47.5756369634385,47.01808094434901,47.474532292252285,51184000
2017-06-19,48.33242416381836,48.53462971505962,47.98450750083498,48.05636860937398,29376000
2017-06-20,48.02366256713867,48.60847701590778,47.98450856580027,48.33688323433996,25946000
2017-06-21,48.49944305419922,48.54702149910372,48.046459052009,48.112871497872675,23232000
2017-06-22,48.40181350708008,48.59410863498552,48.23776749236839,48.41420061654638,20190000
2017-06-23,48.87114715576172,48.897414934306575,48.2947571517251,48.346302042631024,31280000
2017-06-26,48.17729949951172,49.26267640825235,48.09007171911354,49.064928848355336,30358000
2017-06-27,46.98784255981445,47.93593650924799,46.9382827854049,47.657408081495156,48872000
2017-06-28,47.628173828125,47.738693621301664,46.396594098584316,47.11522420198133,54912000
2017-06-29,46.47886276245117,47.164781941774216,46.071475834382085,47.14941905217096,64134000
2017-06-30,46.075439453125,46.83470570190707,46.07196834020589,46.784650589899336,45754000
2017-07-03,45.568931579589844,46.30143853515024,45.36325489435197,46.25088430623894,33896000
2017-07-05,46.203304290771484,46.403033190473344,45.52779469892269,45.803846491367764,41882000
2017-07-06,45.97681427001953,46.395601422602844,45.58826134467498,45.84349781379339,40298000
2017-07-07,46.62705612182617,46.81786527530534,46.080896445492264,46.140370459622886,33266000
2017-07-10,47.1320686340332,47.23763508563493,46.68354639151031,46.68354639151031,29030000
2017-07-11,47.25746154785156,47.324864670752405,46.84065948118025,47.10828685893178,29224000
2017-07-12,47.95774459838867,48.05537815227755,47.43141349447233,47.62073282407467,32042000
2017-07-13,48.01673126220703,48.504902894116135,47.81601167591156,48.113374166022226,30492000
2017-07-14,48.41618347167969,48.44740458220838,48.08115301286966,48.27196213247838,21592000
2017-07-17,48.36909866333008,48.73535021983549,48.11336688491202,48.38694199812751,33210000
2017-07-18,48.91377258300781,49.107058377746775,48.1748262960982,48.240244300221576,28266000
2017-07-19,49.20220947265625,49.342464356232554,48.916738812417286,49.06542192060448,28242000
2017-07-20,49.17346954345703,49.4951146723652,48.798294407025764,49.41185333411142,28368000
2017-07-21,49.255245208740234,49.318186545968054,48.77599339631597,49.01537163596626,29266000
2017-07-24,49.47677993774414,49.86731796445462,49.07831279991383,49.26813125834335,79690000
2017-07-25,48.0256462097168,48.407260673759815,47.76644330533619,48.108412214209615,118672000
2017-07-26,47.84128189086914,48.26948415119623,47.58951653667015,48.21149992515632,44432000
2017-07-27,47.20690155029297,48.04992818691261,46.441192246690896,48.03307551901065,74358000
2017-07-28,47.4953498840332,47.6668296761322,46.850070719286066,46.98289562142392,36276000
2017-07-31,46.8594856262207,47.637090512680594,46.67263917948342,47.57811184474154,45670000
2017-08-01,46.912017822265625,47.30503249084778,46.83272293468783,46.97396848928554,28052000
2017-08-02,46.965545654296875,47.037905881065036,46.216189846116826,47.001723877096566,40788000
2017-08-03,46.60177230834961,47.08251012195023,46.559150972539435,47.03790745363788,22478000
2017-08-04,46.87385940551758,46.96058807274835,46.5769922859456,46.78266517801303,25092000
2017-08-07,46.87186813354492,47.030960787086656,46.76035770108861,46.95959123662676,28916000
2017-08-08,46.79456329345703,47.20591666242113,46.709815954008626,46.79952040593715,30102000
2017-08-09,46.59086990356445,46.77325079908729,46.28557455411366,46.51008523231916,28018000
2017-08-10,45.77361297607422,46.403525410800945,45.68390853287492,46.33909807950467,54148000
2017-08-11,46.09576416015625,46.25782506963513,45.65616165439506,45.779567671722695,32334000
2017-08-14,46.533870697021484,46.638442696940295,46.31382180682496,46.540809141476615,23012000
2017-08-15,46.49175262451172,46.73906000160527,46.42038683542428,46.63795531609033,22130000
2017-08-16,46.798526763916016,47.07755054575072,46.58888364654658,46.64885298211903,26906000
2017-08-17,45.97532653808594,46.775728140756264,45.97433587184806,46.73310680551456,33914000
2017-08-18,45.9019775390625,46.14185111944303,45.766679749797596,45.94162687722783,26748000
2017-08-21,45.638816833496094,46.00457313140006,45.52631570013102,45.88166621982705,26024000
2017-08-22,46.60673141479492,46.68404497854546,45.90148288657587,45.940636892182404,35502000
2017-08-23,46.71477127075195,46.85601683106976,46.3509963645414,46.43822036629247,22690000
2017-08-24,46.43276596069336,46.8996230328526,46.12796598185854,46.77076837860706,25892000
2017-08-25,46.116085052490234,46.62308690800715,46.096260382289955,46.54775467371376,23746000
2017-08-28,45.998619079589844,46.331664408163554,45.89850507908296,46.184471077660405,20988000
2017-08-29,46.37627029418945,46.49719963613234,45.56149646952126,45.593216694946776,23172000
2017-08-30,46.766807556152344,46.87732733846916,46.292017535755654,46.37230687366373,22406000
2017-08-31,47.34220504760742,47.43934326977364,46.89665482297783,46.89913148843205,33866000
2017-09-01,47.18113708496094,47.4953522385374,47.09638974155409,47.452730900256846,20858000
2017-09-05,46.660255432128906,47.15139902026593,46.368836965392624,46.92688833685799,29148000
2017-09-06,46.68701934814453,46.809926244696065,46.224121083581174,46.77870513271865,27830000
2017-09-07,47.07705307006836,47.10728729361272,46.4644848628017,46.797533967855586,22332000
2017-09-08,46.65678024291992,47.11719801251509,46.587395800037086,47.06763823633714,19998000
2017-09-11,46.74995422363281,47.21532530835265,46.6364586722747,46.943735324097624,26748000
2017-09-12,46.91648483276367,46.98785061765832,46.46300544587167,46.92986639007755,25696000
2017-09-13,47.104312896728516,47.22375623284393,46.82181800659212,46.85948600856691,21908000
2017-09-14,46.59334182739258,46.98487047247296,46.50561872034105,46.884261143489034,28548000
2017-09-15,46.35347366333008,46.67363657303879,46.15324942942074,46.591365901284604,39886000
2017-09-18,46.07891082763672,46.43128553737296,45.863323690861876,46.339599749304405,29474000
2017-09-19,46.431278228759766,46.48480444995735,45.92576246932426,46.26029757064068,24854000
2017-09-20,46.96059036254883,47.08251037312325,46.463003657687416,46.474403881973544,40080000
2017-09-21,46.96108627319336,47.22127985310999,46.55617979468824,46.989834500826305,27414000
2017-09-22,46.748470306396484,47.082510110205874,46.62853541017346,46.72418763974419,21496000
2017-09-25,46.30341720581055,46.574511879532245,45.819208299770416,46.5596443240609,37468000
2017-09-26,46.45952606201172,46.78910404237704,46.34504362667194,46.42285250979847,33454000
2017-09-27,47.57315444946289,47.84722489200517,46.68354379180947,46.72269779250654,46692000
2017-09-28,47.81650161743164,47.88439628409451,47.357569818764226,47.39226204234586,28018000
2017-09-29,48.25808334350586,48.36166467669669,47.87547445313153,47.87547445313153,40622000
2017-10-02,47.94832992553711,48.45731681381766,47.67475481398698,48.35373548080953,30782000
2017-10-03,48.17679977416992,48.194643107568474,47.712419365606706,47.95278445584035,21666000
2017-10-04,47.91413497924805,48.29178677220643,47.85614697503477,48.160946989356134,21156000
2017-10-05,48.826541900634766,48.8919636820472,48.08710032444512,48.211992327684776,35618000
2017-10-06,49.245330810546875,49.27606036995151,48.49547964964476,48.56932587767139,31060000
2017-10-09,49.179420471191406,49.583336297976615,49.139275798855124,49.31273693132446,25910000
2017-10-10,48.95589828491211,49.43515010374169,48.62433892462973,49.32760231576273,23268000
2017-10-11,49.84054946899414,49.93570635449403,48.9628306152151,49.01734750209173,36300000
2017-10-12,49.84054946899414,50.13245945538359,49.61504814429247,49.75084502841561,30614000
2017-10-13,49.95057678222656,50.29204656328234,49.910432114362486,50.01203211676503,26552000
2017-10-16,50.023921966552734,50.15525707439045,49.63586442114256,50.037798855070164,21420000
2017-10-17,50.10569763183594,50.28213451911361,49.86037541575914,49.92926452572682,20260000
2017-10-18,50.19193649291992,50.36886493827821,49.82419515077243,50.10817982526025,25596000
2017-10-19,49.651729583740234,49.923323395125706,49.42672733753675,49.79595093410311,34284000
2017-10-20,49.81180953979492,49.9892333235861,49.67303686351847,49.90993843259693,32120000
2017-10-23,48.84389114379883,49.84749275548873,48.722961802318444,49.817258529534215,32786000
2017-10-24,48.99009323120117,49.02825656773262,48.42460809612858,48.891469005822216,28902000
2017-10-25,49.137290954589844,49.28448429480109,48.456328916502514,48.88006938259667,30574000
2017-10-26,49.13530731201172,49.88317715493495,49.0882241963319,49.484710009370325,47396000
2017-10-27,51.22924041748047,52.71357991226411,50.89123793690241,51.09641929303544,103682000
2017-10-30,51.202484130859375,51.534538852313986,50.66722937375181,51.00572720761343,46804000
2017-10-31,51.19801712036133,51.592517811723035,50.86397731917697,51.19603578787521,30326000
2017-11-01,51.671817779541016,51.932506692411785,51.24559685188061,51.360578418826066,43262000
2017-11-02,51.69015121459961,51.81653300241037,50.98094005947345,51.54246254029072,26694000
2017-11-03,52.03806686401367,52.07127308823468,51.426489282121246,51.67924907152025,27770000
2017-11-06,51.67577362060547,52.16692093564297,51.64207206610346,51.99395516551621,18294000
2017-11-07,52.15700912475586,52.20756334943177,51.691638013595565,52.021212234328715,26104000
2017-11-08,52.44941711425781,52.66748088604285,51.89235645676563,52.041035785550626,24276000
2017-11-09,51.92556381225586,52.082172254920344,51.33727825199053,51.939440701158716,35892000
2017-11-10,51.748634338378906,51.87154501267032,51.603422330273105,51.73475744873855,19442000
2017-11-13,51.60243225097656,51.97611760928071,51.506284688636356,51.58260758252644,18814000
2017-11-14,51.624229431152344,51.65694031756435,51.014137936229595,51.42995300717261,21012000
2017-11-15,51.36503601074219,51.524620245493345,51.08501776435594,51.29515622772036,18106000
2017-11-16,51.962738037109375,52.12579338904986,51.44384064923059,51.48100954076352,23768000
2017-11-17,51.339256286621094,52.08811668735012,51.232207628176056,52.028646470825684,26712000
2017-11-20,51.27830505371094,51.47852928321402,51.18017238080679,51.34471372069416,17526000
2017-11-21,52.05343246459961,52.05789424399179,51.500338191404104,51.54494086065001,22206000
2017-11-22,52.13372802734375,52.30768450802998,51.90227886551085,52.09606001750599,14538000
2017-11-24,52.361698150634766,52.53763971864151,52.133720136841156,52.25613547853203,16492000
2017-11-27,53.129390716552734,53.180440279049044,52.274967522851114,52.463299987766014,35430000
2017-11-28,52.69721984863281,53.525375168035886,52.26356518870659,53.227517395810125,36424000
2017-11-29,51.41311264038086,52.473212564224816,51.03000836419625,52.34484943423029,55866000
2017-11-30,51.3531379699707,51.74813776329169,51.05082218501505,51.53998442368206,45092000
2017-12-01,50.803016662597656,51.406165980555365,50.39810644868026,51.06766821081597,37762000
2017-12-04,50.1488151550293,51.11376182533822,50.01748004407032,50.93831560122074,38778000
2017-12-05,50.53192138671875,51.37841542120458,49.675516908877654,50.10520514712618,38998000
2017-12-06,51.18216323852539,51.52214706599966,50.319311773495684,50.37928111680594,28710000
2017-12-07,51.769447326660156,51.9850344394333,51.312995988568474,51.34818354419263,30866000
2017-12-08,52.00783920288086,52.356742789506576,51.83338362839903,52.12826943495088,31170000
2017-12-11,52.13619613647461,52.3359250351989,51.747147896751756,52.09357480168191,23254000
2017-12-12,51.97760009765625,52.65806676609606,51.78431431978478,52.03856009825964,33882000
2017-12-13,52.107460021972656,52.310160951786415,51.869072415252795,52.14165691813061,27680000
2017-12-14,52.408782958984375,52.885059003392506,52.21698316259979,52.310654061679834,30962000
2017-12-15,53.12889099121094,53.289964995580945,52.53862787409119,52.72150409703904,63760000
2017-12-18,53.77763748168945,53.847021922038515,53.04810641073212,53.34943150260443,30292000
2017-12-19,53.51447296142578,53.77169452802481,53.142273615457626,53.67505163592749,26350000
2017-12-20,53.206214904785156,53.58634340096725,52.96039353652639,53.57098051074336,28728000
2017-12-21,53.071903228759766,53.40247193622086,52.98021744072983,53.29690925764038,25640000
2017-12-22,52.97327423095703,53.11501512261684,52.912809561519595,53.0297724543786,17788000
2017-12-26,52.8240966796875,52.973275132812894,52.466764883481666,52.96237024196014,18376000
2017-12-27,52.54408264160156,52.9440395857863,52.45388285239109,52.86127357505362,22324000
2017-12-28,52.33344650268555,52.77403961986793,52.20607405479624,52.645676505786525,19884000
2017-12-29,52.207061767578125,52.43752020393838,52.172369546973925,52.31064687749115,23606000
2018-01-02,53.18885803222656,53.32614091737454,52.18823228434739,52.18823228434739,31766000
2018-01-03,54.09632110595703,54.32330847105232,53.19977187055567,53.22454987197943,31318000
2018-01-04,54.30644989013672,54.71879390313872,54.23211211278629,54.372367004712004,26052000
2018-01-05,55.02656173706055,55.18961706408865,54.60579331205099,54.687568642098455,30250000
2018-01-08,55.22084045410156,55.466166454382616,55.01219178929201,55.06175156620179,24644000
2018-01-09,55.15046691894531,55.430485149176526,54.92298424681651,55.430485149176526,26808000
2018-01-10,55.01913070678711,55.149970485161695,54.713839150969285,54.86350914916023,20734000
2018-01-11,55.113792419433594,55.252561308833975,54.837740639911694,55.12667864218772,22424000
2018-01-12,56.035614013671875,56.06782578672399,54.91356365354779,55.01714497893689,38586000
2018-01-16,56.0380973815918,56.93910831091455,55.837873150761055,56.51437340212776,36462000
2018-01-17,56.45440673828125,56.465307847683086,55.68076449476652,56.31860984509447,27830000
2018-01-18,56.299285888671875,56.52825458200741,55.72884359734377,56.46679924103173,27498000
2018-01-19,56.67247009277344,56.68634698184861,56.1273049728908,56.4013754227098,30552000
2018-01-22,57.69639587402344,57.83120210982273,56.589212884694064,56.68833622900795,29550000
2018-01-23,58.29161071777344,58.40758294017349,57.849531608708695,58.01654960732735,39138000
2018-01-24,58.04976272583008,58.83083881813154,57.8569722590722,58.72824813925114,37128000
2018-01-25,58.587493896484375,58.72923858041652,58.07702095094122,58.516623445102816,29984000
2018-01-26,58.85611343383789,58.85611343383789,57.88819841379726,58.85462743436575,42170000
2018-01-29,58.80258560180664,59.37352318388155,58.68264692765573,58.877917827692784,31494000
2018-01-30,58.35108947753906,58.87444862969986,58.209344798341796,58.36843748053096,37338000
2018-01-31,58.591453552246094,58.79465355309135,58.089900442604886,58.670253105979164,36022000
2018-02-01,58.56023406982422,58.85066187604403,57.954108905262224,58.282696268570014,73514000
2018-02-02,55.4681510925293,56.06783312556541,55.07017929193355,55.87553800351339,117842000
2018-02-05,52.65261459350586,55.259499723983964,52.372600149388894,54.54681749515331,83550000
2018-02-06,53.74492645263672,53.891129110047736,51.047841718882694,51.24459859782129,76630000
2018-02-07,52.30668640136719,53.849010066822935,52.26753239751377,53.7716965065341,51942000
2018-02-08,49.942649841308594,52.72894022549498,49.79347138693803,52.52772532550437,66792000
2018-02-09,51.85370635986328,52.1238103991256,49.41185755224659,50.843166209275466,98360000
2018-02-12,52.26456069946289,52.810221185082895,51.815047776924764,52.36913270687961,56240000
2018-02-13,52.243736267089844,52.59462489980672,51.88590919062859,52.03855495300512,31586000
2018-02-14,53.1635856628418,53.30086856023521,52.02865270819885,52.2526642754772,41304000
2018-02-15,54.088382720947266,54.2241796064296,52.892486091507614,53.69635873328125,37396000
2018-02-16,54.2935676574707,54.928437234203486,54.09780142657689,54.1884965402289,39948000
2018-02-20,54.69451141357422,55.323928544569256,54.02098316796261,54.1577707285977,33754000
2018-02-21,55.19804382324219,56.310679154233284,54.888785823988364,54.967589158941095,41486000
2018-02-22,55.007240295410156,55.77840214888827,54.77182849516846,55.466667452553175,28010000
2018-02-23,55.908748626708984,55.9538504120694,54.93488583074265,55.44139234130218,25292000
2018-02-26,56.6823844909668,56.7071624894378,55.97069291882995,56.095584920889664,30912000
2018-02-27,55.38439178466797,56.709642241518374,55.34870889611206,56.68238379671604,42964000
2018-02-28,54.71086502075195,55.88693706230646,54.66527168794247,55.606918829221456,49292000
2018-03-01,53.09965133666992,55.075134258798855,52.89546066543097,54.989396258903604,55338000
2018-03-02,53.73055648803711,53.866848708791686,52.04401162575586,52.43405050625236,50162000
2018-03-05,54.25688934326172,54.57506712555628,53.142272657867274,53.43270044320101,28648000
2018-03-06,54.561195373535156,54.79562029158402,54.24400822757162,54.620669381341706,23382000
2018-03-07,55.26197814941406,55.31947082051519,54.01652165628858,54.16074299539671,30748000
2018-03-08,55.97267532348633,56.07476687336261,55.36902689491043,55.36902689491043,33862000
2018-03-09,57.531856536865234,57.53978564845376,56.21602481709393,56.474233292133135,42662000
2018-03-12,57.784114837646484,58.39023995967436,57.45057038524554,57.74049905681797,44306000
2018-03-13,56.49454879760742,58.38231244180919,56.22989723150085,58.07652175924303,43140000
2018-03-14,56.93960189819336,57.478323904745245,56.61547633845562,56.78646078580621,41870000
2018-03-15,57.024845123291016,57.61412136076028,56.28391755240599,56.97330401261731,33382000
2018-03-16,56.22246170043945,57.33212127129546,56.07080658724937,57.25976482754346,58656000
2018-03-19,54.520057678222656,55.47657233985799,53.9674550101407,55.396782119791304,63656000
2018-03-20,54.30843734741211,54.79165182688679,53.64531485171296,54.43729202115942,54598000
2018-03-21,54.21923065185547,54.94777118322793,53.882714167129365,54.14836020001137,44898000
2018-03-22,52.194671630859375,53.71964703091439,52.02071142369678,53.525865939843996,69312000
2018-03-23,50.876365661621094,52.87018724864738,50.793104327347784,52.106459236876645,49880000
2018-03-26,52.24126434326172,52.497990584854186,50.084886423756394,52.068298554475845,65984000
2018-03-27,49.904483795166016,52.75917158759347,49.442580015524115,52.727451363889806,60816000
2018-03-28,49.817256927490234,50.79905250697186,48.76756668270334,49.655196036702556,77698000
2018-03-29,51.401214599609375,51.94192176063902,49.760762009410854,50.11611248693816,69338000
2018-04-02,50.186485290527344,51.51966490505734,49.27556391877928,50.92939798969693,65068000
2018-04-03,50.486328125,50.79955260775842,49.42424689068042,50.36094077773483,51322000
2018-04-04,51.03297424316406,51.18314334645902,49.38756478022235,49.472807440795975,50724000
2018-04-05,51.17818832397461,51.87550386777479,50.749986109043334,51.859645646827275,35836000
2018-04-06,50.05366516113281,51.344715018516325,49.8702898150022,50.70538364441479,40134000
2018-04-09,50.55621337890625,51.77044511563659,50.51210225915669,50.553732931918795,33220000
2018-04-10,51.36948776245117,51.602918180866226,50.32425565760157,51.060229797087146,36620000
2018-04-11,50.802520751953125,51.33827077452912,50.512096740674785,51.14647098841187,34060000
2018-04-12,51.40864944458008,51.77341504038281,50.85159249741528,51.120210526952455,32896000
2018-04-13,51.3466911315918,52.186246654916346,51.054781144219575,51.884426224973396,25410000
2018-04-16,51.84527587890625,52.109432108293085,51.24162741414493,51.81801743345529,29776000
2018-04-17,53.493656158447266,53.77317905066144,52.38994437395432,52.59363971012571,54584000
2018-04-18,53.296905517578125,53.62449842197895,53.055545949331936,53.4763144158446,31126000
2018-04-19,53.99372482299805,54.3931826149773,52.981203453718166,52.981203453718166,39884000
2018-04-20,53.39255142211914,54.25638958655439,53.1338438819557,53.7369969551678,42434000
2018-04-23,53.21859359741211,53.921860697233896,52.8652282723081,53.673063588212145,69590000
2018-04-24,50.68258285522461,52.75668992749769,50.19788242101329,52.49451504367931,128220000
2018-04-25,50.699928283691406,51.348179349509756,50.403552745369566,51.03495492497983,57860000
2018-04-26,51.707000732421875,52.13867406727597,50.574045396276794,51.20693361948677,50926000
2018-04-27,51.11921310424805,52.12281471272985,50.92791243030771,51.817523142474215,40746000
2018-04-30,50.48137283325195,51.462174019328494,50.467495943333255,51.26641156108306,34492000
2018-05-01,51.58012771606445,51.62869683090459,50.08637315111999,50.36837272953787,35326000
2018-05-02,50.85158920288086,51.740209242965754,50.70835852904967,51.24559455331797,34698000
2018-05-03,50.86397933959961,51.081551585996564,49.9515719123334,50.817890670453565,39282000
2018-05-04,52.08811569213867,52.13173146874744,50.45509715435373,50.53241070305937,36892000
2018-05-07,52.50740432739258,52.78197011656023,52.05194364303157,52.23135253889775,34400000
2018-05-08,52.46428298950195,52.793365640720836,52.119837450932415,52.76313141791605,26030000
2018-05-09,53.968936920166016,54.21922001401851,52.638733246489046,52.737361241111486,47160000
2018-05-10,54.787689208984375,54.98296012809083,54.21328423903105,54.26879180235004,36414000
2018-05-11,54.68410110473633,54.963128667508,54.37880954420044,54.53690776972839,30504000
2018-05-14,54.843685150146484,55.41610867539756,54.75447604353798,54.79263559526489,39338000
2018-05-15,53.76673889160156,54.47297804789163,53.46491465013553,54.362953596565845,35738000
2018-05-16,53.72808074951172,54.238062122596546,53.606164520940055,53.777644311342726,25628000
2018-05-17,53.58782958984375,54.070548768892344,53.347955999797506,53.59774381536908,25738000
2018-05-18,53.01192855834961,53.21463323157747,52.76611099952149,52.83152899932591,35482000
2018-05-21,53.72411346435547,54.18453123601435,53.42625569170418,53.475815468104265,25180000
2018-05-22,53.29293441772461,54.110188613209,53.14177464492723,54.0110690623645,22226000
2018-05-23,53.82075119018555,53.921855846786876,52.87910040421655,53.02976483246504,23740000
2018-05-24,53.79547882080078,53.87824481890642,53.14376039293794,53.867343710014346,20604000
2018-05-25,53.72758483886719,53.9996739682127,53.65423772549646,53.85000018041669,22224000
2018-05-29,52.93411636352539,53.59178633922201,52.68680903966829,53.327131014419166,36076000
2018-05-30,53.399993896484375,53.47532612627324,52.858791397768826,53.20224632064249,28686000
2018-05-31,54.51658630371094,55.01219163374467,53.426256090104154,53.624495197182775,79368000
2018-06-01,56.25120544433594,56.40781766770814,55.1118069960426,55.15443210997763,63202000
2018-06-04,57.14528274536133,57.384165656018176,56.35032978563712,56.424671348332794,44754000
2018-06-05,57.045166015625,57.5447378144486,56.868732899731924,57.22556935872468,32964000
2018-06-06,56.84346008300781,57.22805034982828,56.316633579883025,57.13190278312317,34934000
2018-06-07,56.22246170043945,56.78992815157707,55.81110836035895,56.72599615163148,36108000
2018-06-08,56.137718200683594,56.43854800095758,55.667881492631246,56.06337663830065,27284000
2018-06-11,56.54361343383789,56.88261034187652,56.07278985658362,56.149112748911456,24796000
2018-06-12,56.9049072265625,56.93266100342097,56.549556791224404,56.549556791224404,26092000
2018-06-13,56.708648681640625,57.27413758686546,56.66652268104479,57.10761113571733,34302000
2018-06-14,57.49567413330078,57.78708881414241,57.02435144007503,57.104145445651795,35422000
2018-06-15,57.454044342041016,57.68400368958751,57.17749721277033,57.486256119697735,44438000
2018-06-18,58.65885925292969,58.68611769860797,57.0441754086609,57.12793207813234,33038000
2018-06-19,58.41651153564453,58.62069843929563,57.57001746502966,57.99128127723076,47282000
2018-06-20,58.68313980102539,59.5464864732717,58.58203891404472,58.64498024715416,51686000
2018-06-21,57.958072662353516,58.993390704556724,57.662691538508525,58.75451158577601,44966000
2018-06-22,57.95064163208008,58.23363187925344,57.47287580952933,58.05967542016018,34220000
2018-06-25,56.46331787109375,57.291473097169664,55.50283310380043,57.24240865945109,57682000
2018-06-26,56.13325119018555,56.839486514085834,55.953842303393166,56.704188739949835,34688000
2018-06-27,55.35614013671875,56.80677786070999,55.344244580689065,56.30076298923112,34538000
2018-06-28,55.843814849853516,56.20164193798204,54.8174166940904,55.13063733888299,29726000
2018-06-29,55.9632568359375,56.56640993578383,55.85571284028926,56.11788772342906,31562000
2018-07-02,56.603580474853516,56.64719625524921,54.843688462348,55.27734313265763,23216000
2018-07-03,55.32343292236328,56.990153192018866,55.23174714303591,56.96587052644478,16448000
2018-07-05,56.56293869018555,56.704188021878046,55.66242315487068,55.735774043228716,28594000
2018-07-06,57.24638366699219,57.301891223514744,56.36222164626057,56.58673231901831,21820000
2018-07-09,57.85102081298828,57.88323637131992,57.35293878806448,57.49022168434929,21584000
2018-07-10,57.84408187866211,58.1592876710228,57.61709453525378,57.985331219841854,21334000
2018-07-11,58.05818557739258,58.50323669665481,57.260756002731064,57.273143111418285,33252000
2018-07-12,59.535091400146484,59.57126962478235,58.139465717153676,58.22669350395603,44148000
2018-07-13,59.69169998168945,59.990053100425364,59.239211300794615,59.611410644851,32612000
2018-07-16,59.299678802490234,59.90431796084138,59.14554323296885,59.6614686063109,26784000
2018-07-17,60.12089157104492,60.40239579577614,58.58054933626401,58.617226672156946,40162000
2018-07-18,60.112464904785156,60.542648446049114,59.69863491732243,59.89538802068597,38948000
2018-07-19,59.428043365478516,60.28940500798041,59.36014491368286,59.80222406889483,38338000
2018-07-20,59.36756896972656,60.00640493058635,59.30363319351688,59.434972077344625,37938000
2018-07-23,60.01780319213867,60.221003187271585,59.07664766574211,59.257546329068276,65446000
2018-07-24,62.35458755493164,63.18968134945834,61.660243984113876,62.99143845565767,107600000
2018-07-25,63.23627471923828,63.350261840961494,61.90359034941436,62.080522592059964,51104000
2018-07-26,63.71006774902344,63.804233973271586,62.59495573788185,62.80211840629285,54686000
2018-07-27,62.09389877319336,64.00445526002171,61.67758831733646,63.88947748196613,48362000
2018-07-30,60.96144104003906,62.09390111054303,60.67052168990716,61.705344418372555,43896000
2018-07-31,60.821685791015625,61.51503877217524,60.275034609294465,61.04421137477646,39382000
2018-08-01,61.10764694213867,61.74746986091492,60.70868447690941,61.41095717984236,36994000
2018-08-02,61.511070251464844,61.67363026870209,60.36770902862689,60.389515030194794,34704000
2018-08-03,61.36387634277344,61.77820171227437,60.930716970703656,61.71178926073466,21264000
2018-08-06,61.33958435058594,61.57698124085062,60.98572368583981,61.53485524132146,22114000
2018-08-07,62.24010467529297,62.74760560322747,62.03988043832837,62.050286215151715,42506000
2018-08-08,62.51219177246094,63.027122680520485,62.05573663959463,62.28371464888826,34344000
2018-08-09,62.66731643676758,63.03902046572219,62.451233976820184,62.58157843163508,27326000
2018-08-10,62.075069427490234,62.505752137905276,61.80992251433301,62.405638126530064,26602000
2018-08-13,61.88326644897461,62.74215137879093,61.80347622502818,62.01014356794544,27500000
2018-08-14,62.35409164428711,62.47551253247424,61.43226541064566,62.07456875068865,28080000
2018-08-15,61.06948471069336,62.0487998892952,60.773112912401515,61.66718541968389,37052000
2018-08-16,60.66507339477539,61.6384446336868,60.44551981049334,61.55369350929004,32176000
2018-08-17,60.25817108154297,60.808293277396345,59.670879999956966,60.56495240148501,33092000
2018-08-20,60.56049346923828,60.75675502616927,59.903817915973555,60.49656147030582,22218000
2018-08-21,60.335487365722656,61.096243364971755,60.21753381099704,60.613524255803895,23082000
2018-08-22,60.55058288574219,60.78748066122233,60.127829329789336,60.17738910670337,22296000
2018-08-23,60.521339416503906,61.215682970911885,60.4316349723723,60.45790275071416,24666000
2018-08-24,61.29399108886719,61.32620286432679,60.5342257537105,60.76121308703782,24454000
2018-08-27,62.26141357421875,62.34071224621682,61.48876576119388,61.66024554727935,28580000
2018-08-28,61.745487213134766,62.27578478470484,61.60225654145498,62.24307389397882,27330000
2018-08-29,62.676727294921875,62.80162307685738,62.08943617899373,62.1984699584098,36926000
2018-08-30,62.17072296142578,62.916607715721355,61.81240047448793,62.61478345703049,30104000
2018-08-31,61.048667907714844,62.07704750902124,60.74882500359902,62.06019862087965,42308000
2018-09-04,60.03317642211914,60.853901873217126,59.79776461198761,60.58875116771811,41458000
2018-09-05,59.428043365478516,60.20961099849978,58.25048146505982,59.92959274677737,53988000
2018-09-06,58.67918014526367,59.422588186507085,57.669135421665715,59.401772852100315,46854000
2018-09-07,58.361995697021484,58.90517953017783,57.94965165488326,58.08494944415617,32658000
2018-09-10,58.23660659790039,58.81151067783855,58.01606234577237,58.68959066025465,27670000
2018-09-11,58.97653579711914,59.023618905949505,57.78510097997163,58.040337408839854,29254000
2018-09-12,58.06512451171875,59.01123342912516,57.795512055893596,58.580550747320544,35716000
2018-09-13,58.587493896484375,58.87098326434867,57.94717182481978,58.4665683293055,40068000
2018-09-14,58.38132095336914,58.87792078186746,58.16028137690929,58.87792078186746,24176000
2018-09-17,57.4818000793457,58.57163507815702,57.41390162752247,58.37091550269428,34096000
2018-09-18,57.842594146728516,58.54734726984671,57.561089920191904,57.6220499215381,32314000
2018-09-19,58.197444915771484,58.29656446395933,57.421821406170636,57.93427937696299,25962000
2018-09-20,59.054847717285156,59.1752817274835,58.29558144257327,58.51463968083364,29244000
2018-09-21,58.09089279174805,59.30314304404361,58.08792079313823,59.22087237514745,91222000
2018-09-24,58.45962905883789,58.7386528621229,57.068960478314175,57.46098451686773,31150000
2018-09-25,59.169830322265625,59.31702366726043,58.18853001212674,58.69206828157182,33152000
2018-09-26,59.17825698852539,59.831465293153904,58.74906404691643,59.15992209958486,37650000
2018-09-27,59.83740997314453,60.308233562102814,59.37600149474461,59.47264439063263,36274000
2018-09-28,59.82353973388672,59.89143819135329,59.36510320327684,59.675351927094255,35612000
2018-10-01,59.895389556884766,60.67200377685793,59.6307380038181,60.11692822550655,33164000
2018-10-02,59.85128402709961,60.68786760635078,59.455792684854295,59.80321024799633,40180000
2018-10-03,60.044071197509766,60.17540630465015,59.57919165347561,60.06736319555159,26246000
2018-10-04,58.336219787597656,59.76504784574882,57.68103020510518,59.72193117816361,46576000
2018-10-05,57.87828063964844,58.58055335984854,57.20871881167546,58.28319089338021,31852000
2018-10-08,57.28801345825195,58.27624835118113,56.27103034013294,57.49021901375333,46190000
2018-10-09,56.75523376464844,57.567035523394885,56.70567398872392,57.059534645616864,33690000
2018-10-10,54.12803268432617,56.351318194933405,54.095817128337245,56.320588638181995,58980000
2018-10-11,54.05765914916992,55.31253458378576,53.321684868659204,53.477801770939934,67696000
2018-10-12,55.534568786621094,55.79674371459265,54.27027815115651,55.48996233371312,49370000
2018-10-15,54.63751983642578,55.59701034688683,54.42837204187934,55.40868166822224,30074000
2018-10-16,56.15604782104492,56.31910315362782,55.09892383472216,55.18466183222505,38378000
2018-10-17,55.88396072387695,56.845927791324584,55.21043252992528,56.49900558528583,35652000
2018-10-18,54.41300582885742,56.11987073339366,53.83959160244581,56.003403176506545,46152000
2018-10-19,54.7733154296875,55.55488685474241,54.369399607612905,54.700463645484554,41286000
2018-10-22,55.08009338378906,55.59155696560373,54.516589575483515,55.136591608320536,27116000
2018-10-23,55.25553512573242,55.40868002337412,53.47631372196218,54.084915522979806,37686000
2018-10-24,52.39143371582031,55.34028792705032,52.28933837467454,55.259998586881835,49286000
2018-10-25,54.69451141357422,55.399756102645775,53.304833588221236,53.54024537331576,72956000
2018-10-26,53.71123123168945,55.35911755170512,51.65347755213339,51.95579712615013,106438000
2018-10-29,51.28177261352539,54.95421010383415,49.91737188987562,54.34510918744356,81290000
2018-10-30,52.0142822265625,52.08317134913272,50.252903935889954,50.55224776192413,59768000
2018-10-31,54.04973220825195,54.91307897959648,52.94056785451772,52.94056785451772,70916000
2018-11-01,53.821746826171875,54.51162859099495,53.417331943590966,54.09036482134209,40132000
2018-11-02,53.10362243652344,54.41747279641232,52.9138039708146,53.9714271935888,43438000
2018-11-05,52.32254409790039,53.195801263045176,51.24559536671138,53.15516126022647,45358000
2018-11-06,53.00846862792969,53.51646493351104,52.217482054446684,52.28736184308262,28660000
2018-11-07,54.924964904785156,55.00872157192472,53.55461644355465,53.69834244575057,43388000
2018-11-08,54.25044631958008,54.92397455457627,53.74145942123748,54.878381222529,33694000
2018-11-09,53.37769317626953,53.939211902432895,52.74530021774066,53.724615435100866,34860000
2018-11-12,52.00684356689453,53.23297454810507,51.560306426195,53.18490076676925,34002000
2018-11-13,51.93795394897461,52.86473734212154,51.56278259363126,52.2769508618454,25750000
2018-11-14,52.26555252075195,52.82112724353577,51.59797200999613,52.53417054733082,34666000
2018-11-15,53.081809997558594,53.469372212231306,51.60688579767568,52.110919347384815,41584000
2018-11-16,52.94403839111328,53.15070574670461,52.28141120588089,52.79337393000323,35366000
2018-11-19,50.91947937011719,52.9306488422052,50.69398182681054,52.70217173815396,45684000
2018-11-20,51.06965637207031,51.41162530025383,49.670067994578666,49.92183335408963,54458000
2018-11-21,51.71295166015625,52.27199369417608,51.516194757625584,51.80612344190846,29698000
2018-11-23,51.05230712890625,51.691638471206154,50.97399912574194,51.22081112953466,14178000
2018-11-26,52.33294677734375,52.38547854929669,51.5315508315585,51.74119392982086,31558000
2018-11-27,52.15155792236328,52.86919727857594,51.81554058226542,52.10497392364605,33048000
2018-11-28,54.10969924926758,54.162730143215434,51.68916128519733,52.40828667531265,46042000
2018-11-29,54.24797439575195,54.52402620233028,53.62450121735956,53.70032878086884,31004000
2018-11-30,54.99484634399414,54.99484634399414,53.68298117891005,54.30001120644811,59668000
2018-12-03,55.327396392822266,56.251203924536,55.09792861853993,56.11045370735793,57532000
2018-12-04,52.65658187866211,55.222331716328064,52.57282521063844,55.160381048236346,45630000
2018-12-06,53.43022155761719,53.4966340062969,51.66586770011712,51.79075970534888,47436000
2018-12-07,51.86906051635742,53.7746635898791,51.51172874543162,53.14028938089352,42682000
2018-12-10,52.196170806884766,52.514348632167426,51.196040211734086,51.68866984009069,33652000
2018-12-11,52.61594009399414,53.04959475593755,52.04351654521581,52.87811497972909,33852000
2018-12-12,53.21463394165039,54.10672130549076,53.12740615957853,53.38066128063316,28960000
2018-12-13,53.20521926879883,53.94268335710161,52.78147877719862,53.310785727715775,24986000
2018-12-14,52.12331008911133,53.11501614131917,52.00733786023985,52.5351587781306,36358000
2018-12-17,50.831764221191406,52.65212095785888,50.38472798120905,51.89037426011331,49932000
2018-12-18,51.71195983886719,52.51880453693623,51.071138699168294,51.245594263896415,43640000
2018-12-19,51.317955017089844,53.31276748688265,50.523501142395304,51.90425553350229,58264000
2018-12-20,50.72917556762695,51.91169077294847,49.950084617756865,50.84911046456175,53674000
2018-12-21,49.12687683105469,51.42747585544502,48.6282995178154,51.14845208991037,104656000
2018-12-24,48.80077362060547,50.16120789199509,48.45335227237143,48.78342561832322,36360000
2018-12-26,51.932003021240234,51.96173812917805,49.19625965591018,49.46091497252919,46318000
2018-12-27,52.182289123535156,52.20409512427059,49.907458541178066,50.85902371181773,45996000
2018-12-28,51.874019622802734,52.74380563761929,51.64207517305085,52.50938452237577,34398000
2018-12-31,51.78878402709961,52.682361277319465,51.19802171272543,52.42662567925508,33110000
2019-01-02,52.270503997802734,52.57331888412528,50.813423120307995,50.908580008978696,31868000
2019-01-03,50.822837829589844,52.844413130736584,50.669201388757,52.07176536650582,41960000
2019-01-04,53.42972946166992,53.52538169442098,51.38733857674224,51.66983349554936,46022000
2019-01-07,53.32317352294922,53.65919087290687,52.6650081503317,53.57345286950523,47446000
2019-01-08,53.79151916503906,54.18701051028504,52.947997134787144,53.82274027539516,35414000
2019-01-09,53.60715103149414,54.10226102894677,53.246348142659265,53.92136614202723,26998000
2019-01-10,53.46739196777344,53.51596107886595,52.7661099648934,53.27460152267623,26598000
2019-01-11,52.75570297241211,53.196791439584736,52.357235840144156,53.024816319452164,30864000
2019-01-14,52.113407135009766,52.45735742496238,51.966709107226336,52.20410226335508,28490000
2019-01-15,53.848018646240234,53.93524643013607,52.258611888034565,52.43554412141433,37518000
2019-01-16,53.996700286865234,54.63355501884388,53.92236250436648,54.02098673533876,38280000
2019-01-17,54.47297668457031,54.55128090841665,53.68694354161793,53.921368442386935,24896000
2019-01-18,54.878387451171875,55.408685076431745,54.48091095351191,54.942319458615124,44892000
2019-01-22,53.45747756958008,54.46554090505832,53.07387801299827,54.31834379181856,39632000
2019-01-23,53.74394226074219,54.167187396746016,52.90934376478967,53.86536315507689,25194000
2019-01-24,53.7236213684082,53.92186426712231,53.03076377971732,53.64977514185636,29114000
2019-01-25,54.59142303466797,54.68310881048512,54.11018992785401,54.23062014724432,23260000
2019-01-28,53.51844024658203,54.18800205710422,53.258246677265326,54.024455162568955,29334000
2019-01-29,53.032745361328125,53.759799844010175,52.83252112922512,53.57691983324791,19704000
2019-01-30,54.41697692871094,54.4928044913876,53.35885838319014,53.39454127483169,29452000
2019-01-31,55.799713134765625,55.88793158900815,54.77678591933822,55.123212843141104,40232000
2019-02-01,55.43940734863281,56.2214740701124,55.22282955760962,55.62129291519569,33116000
2019-02-04,56.56938552856445,56.6149826428997,55.38439370064637,55.45873526005803,78408000
2019-02-05,57.08728790283203,57.131894347575916,55.68621372843198,55.985062161658846,82296000
2019-02-06,55.65103530883789,57.192863733562724,55.42652461138602,56.95844259185692,48256000
2019-02-07,54.80949401855469,55.11081914301035,54.198907096289624,55.102394698878804,38298000
2019-02-08,54.63454055786133,54.769346782323446,54.23112011299676,54.26283655557469,21766000
2019-02-11,54.62165832519531,55.182190149293774,54.51659098443572,54.70244299915539,18498000
2019-02-12,55.88346862792969,56.14514818740517,55.06224794643094,55.06224794643094,35036000
2019-02-13,55.93550491333008,56.64025803524329,55.805160467057085,56.15406780576214,28042000
2019-02-14,55.96375274658203,56.30720763222761,55.363575420183565,55.75559941624185,21106000
2019-02-15,55.48945999145508,56.46431712713548,55.34523865451279,56.46431712713548,27826000
2019-02-19,55.83043670654297,55.98555914866208,55.3412744861392,55.3412744861392,21980000
2019-02-20,55.53704071044922,56.049498745540966,55.09892801757924,55.947898738140964,24090000
2019-02-21,54.72523498535156,55.465670982122504,54.41647232015398,55.44733231443277,33272000
2019-02-22,55.33731460571289,55.371511498655586,54.541374738250376,54.997330790040316,29436000
2019-02-25,55.37548065185547,55.77543382830709,55.21589640404511,55.60345868889444,26208000
2019-02-26,55.60741424560547,55.82696780950887,54.848643329872075,55.228771787399616,35026000
2019-02-27,55.65103530883789,55.79178554802457,54.940833438392005,55.210937473048716,22092000
2019-02-28,55.83242416381836,56.201156204526654,55.42900367850027,55.458243458549056,27422000
2019-03-01,56.921260833740234,56.99461172172146,56.052960858781056,56.052960858781056,34086000
2019-03-04,57.16411590576172,57.76379794864619,56.41227962663273,57.22061413135729,35490000
2019-03-05,57.945682525634766,58.30747610261752,57.144290260692664,57.291978933950915,40094000
2019-03-06,57.735050201416016,58.2207413179186,57.64137930979189,58.07305265058131,23602000
2019-03-07,57.036739349365234,57.66764623960241,56.58375534858364,57.51500046237742,30086000
2019-03-08,56.99312973022461,57.16560018173033,56.01331546458372,56.19669080684739,23694000
2019-03-11,58.44476318359375,58.47697496314685,57.07242945202631,57.093740121067434,30032000
2019-03-12,59.33635330200195,59.755635785784854,58.59542567962759,58.59542567962759,42220000
2019-03-13,59.42605972290039,59.82551755099398,59.36906616109986,59.76654265658658,25888000
2019-03-14,59.10242462158203,59.70557776072939,59.037997286610825,59.42407352566446,27302000
2019-03-15,58.99190902709961,59.5578895360771,58.82885367389795,59.37352729524492,51886000
2019-03-18,58.905174255371094,59.22236136997121,58.55478091755831,58.96167247755781,24442000
2019-03-19,59.59455871582031,59.64164182645862,58.95027028391361,59.062276058353675,29788000
2019-03-20,60.78252029418945,60.958957174217076,59.45231659346772,59.54202103266397,41508000
2019-03-21,61.26326370239258,61.278626591033266,60.29435433428484,60.46385278594522,28150000
2019-03-22,59.85177993774414,61.13936242847157,59.77000460105238,60.902464643554005,34422000
2019-03-25,59.342796325683594,59.94049704768397,58.97704007041028,59.45083944772492,27576000
2019-03-26,58.96910858154297,59.851780848264944,58.56866011714988,59.729860841033144,30752000
2019-03-27,58.382808685302734,59.072195171422834,57.69986152973623,59.072195171422834,29428000
2019-03-28,58.09832763671875,58.34513964794122,57.66021495319524,58.25841097953711,22402000
2019-03-29,58.327301025390625,58.678189713004706,57.80641854885906,58.49035258830934,30890000
2019-04-01,59.42209243774414,59.48255332690599,58.79663796251399,58.855117519223015,27706000
2019-04-02,59.74721145629883,59.760593013316004,59.038495611031834,59.47512231772895,18288000
2019-04-03,60.00839614868164,60.49359197451504,59.72441523156577,60.102063267327715,22180000
2019-04-04,60.43659973144531,60.49111662737929,59.92067433384454,60.03218479146619,21022000
2019-04-05,60.04010772705078,60.48318129422552,59.96973261519408,60.429159736999175,20012000
2019-04-08,59.88300704956055,60.164012178438526,59.70557948026321,60.02326194743682,21750000
2019-04-09,59.605960845947266,59.82700041744997,59.39235505250016,59.56631529004036,19668000
2019-04-10,59.79230499267578,59.915710995430445,59.50535210028214,59.72490566065685,15510000
2019-04-11,59.94792556762695,60.10404245821148,59.697646234535476,59.91372867849581,16998000
2019-04-12,60.59915542602539,60.61501364805489,60.13130384563559,60.24677696021811,24312000
2019-04-15,60.7874870300293,60.92476993297739,60.194248081831006,60.666557683013956,23796000
2019-04-16,61.054115295410156,61.25582550913173,60.71363241731271,60.95945374251923,22622000
2019-04-17,61.46200180053711,61.70782314293728,61.10318401138425,61.30638023853066,30366000
2019-04-18,61.52791976928711,61.749454667918044,61.425824430606916,61.70286688717368,24750000
2019-04-22,62.13701629638672,62.165760741296786,61.12647625838535,61.29002693191078,19084000
2019-04-23,62.97111511230469,63.16142888523771,62.04829825291221,62.2797473579548,31868000
2019-04-24,62.44874954223633,63.140121109397725,62.43685776676012,62.97111799439468,23396000
2019-04-25,62.81005096435547,63.080650314186634,62.34715649072058,62.95674897281491,31344000
2019-04-26,63.30961608886719,63.383462313413084,62.694075856401675,63.109391863143735,27228000
2019-04-29,64.2403564453125,64.2785235587219,63.02662030811694,63.46275161007662,72368000
2019-04-30,59.42110061645508,59.52121083974043,58.6301141487377,59.008261271049264,133178000
2019-05-01,58.150367736816406,59.43547356873407,58.06908773280634,59.34874111934893,74340000
2019-05-02,57.812862396240234,58.45070777675976,57.40745681106529,58.11468664076694,45098000
2019-05-03,58.954742431640625,59.04642822248166,58.16177453217562,58.35307522567696,41588000
2019-05-06,59.14851379394531,59.24614734780272,58.04331224905807,58.08494291510392,31774000
2019-05-07,58.4249382019043,59.213444295720755,57.73802834006211,58.769383799124,36604000
2019-05-08,58.02448654174805,58.69305769705968,57.86836964135155,58.347122338108534,25520000
2019-05-09,57.88521957397461,58.18753915543784,57.22457751787143,57.61908199810237,29556000
2019-05-10,57.86886215209961,58.297064381319565,56.81471013362452,57.9283361543902,31650000
2019-05-13,56.33000946044922,57.09225152322604,55.78038630759309,56.75871083102753,45626000
2019-05-14,55.74866485595703,56.74037091442283,55.68274773950584,56.61399290816184,40392000
2019-05-15,58.025474548339844,58.39717855611781,55.57718294046831,55.63417649626703,59302000
2019-05-16,58.70445251464844,59.18320897931862,57.90900804102215,58.07701671287002,35308000
2019-05-17,57.92536163330078,58.793166334191085,57.8083987397392,58.27476431465895,25362000
2019-05-20,56.72996520996094,57.14329990146067,56.40683030134103,57.14329990146067,30602000
2019-05-21,57.214664459228516,57.39110135626331,56.66305621590145,57.21664579166275,20562000
2019-05-22,57.284542083740234,57.677556750658695,57.04417319422699,57.056564083812255,18826000
2019-05-23,56.76366424560547,56.99709470964155,56.16001953140704,56.79984625111873,25214000
2019-05-24,56.430118560791016,57.210695443784736,56.33595233803128,57.093732555548826,18554000
2019-05-28,56.47719955444336,57.31625974067707,56.4330884432354,56.57235643980763,20948000
2019-05-29,55.504825592041016,56.25120559403535,55.108835144160835,56.13721470312618,36230000
2019-05-30,55.57768249511719,55.84481452164873,55.304602689770476,55.515236489311384,18088000
2019-05-31,54.838741302490234,55.180706476228806,54.68262438287238,54.796119961714886,31582000
2019-06-03,51.48051452636719,52.881093573067986,50.900161794703344,52.87762624104899,96890000
2019-06-04,52.261085510253906,52.45685173420947,51.346197732951325,51.76548017733963,60512000
2019-06-05,51.77291488647461,52.376068009204204,51.19603332376587,52.286363563329914,46988000
2019-06-06,51.927547454833984,52.038562570995836,51.32043164773946,51.85072922935905,29020000
2019-06-07,52.94898986816406,53.19976833285925,52.09555736130382,52.25068359643469,43828000
2019-06-10,53.662166595458984,54.26085796278407,53.29145324063986,53.37669591083266,28510000
2019-06-11,53.57691955566406,54.71532738750787,53.50406777654028,54.367410703409845,33508000
2019-06-12,53.480777740478516,53.65027241899154,53.00995036632593,53.522903743541775,23670000
2019-06-13,54.071041107177734,54.34758824154439,53.65275307370434,53.75881108146844,20814000
2019-06-14,53.83760452270508,54.25688695595238,53.598725420530506,54.00809362992854,24582000
2019-06-17,54.213775634765625,54.580027215672686,53.92186561538128,53.976382508420016,19770000
2019-06-18,54.77629089355469,55.44733874322779,54.55574664729539,55.08653959398195,34526000
2019-06-19,54.740108489990234,54.98394851690062,54.31983533605366,54.87541006056048,26714000
2019-06-20,55.1707878112793,55.642605832117525,54.863511130827796,55.59205160560382,24018000
2019-06-21,55.77393341064453,55.833403625091044,54.99830992711293,55.00524837087624,50774000
2019-06-24,55.3442497253418,55.684732634870436,55.1762410507709,55.50780040186352,24236000
2019-06-25,53.90104675292969,55.29468720373966,53.7533543057993,55.26396142736021,31644000
2019-06-26,53.541236877441406,54.2747344708787,53.21265330808006,54.070543792942544,34698000
2019-06-27,53.35835647583008,53.94465690292035,53.319697808966254,53.85990957306717,24078000
2019-06-28,53.66414260864258,53.66414260864258,53.21809707135729,53.388090842944386,33672000
2019-07-01,54.51658630371094,54.94231185694754,54.28513719286579,54.568127412824175,29196000
2019-07-02,55.141056060791016,55.15542828417847,54.50023866252432,54.755970465829634,20630000
2019-07-03,55.65598678588867,55.903789460004994,55.25256255020916,55.43345744358683,20154000
2019-07-05,56.1357307434082,56.2338596354491,55.38389826892284,55.47657471559063,29794000
2019-07-08,55.34871292114258,55.86513362949331,55.099424235047145,55.798721178484186,29888000
2019-07-09,55.72042465209961,55.897356914087986,54.870954686211896,55.028062276783494,29472000
2019-07-10,56.54411697387695,56.61498742633515,56.03612068633995,56.118391363637365,30710000
2019-07-11,56.70121383666992,57.15518850576028,56.475716282568364,56.8042998372647,26004000
2019-07-12,56.76366424560547,56.87071670041699,56.42764688726692,56.6442246813717,21878000
2019-07-15,57.019893646240234,57.02831809039802,56.49901117144503,56.763662740337104,21164000
2019-07-16,57.16609191894531,57.419842358557766,56.832547479613865,56.832547479613865,25352000
2019-07-17,56.83305358886719,57.41291098065989,56.82710581002027,57.040216276384555,19538000
2019-07-18,56.85782241821289,56.90391486096503,56.14514401769061,56.5981242104112,25450000
2019-07-19,56.08022689819336,57.07292367051012,56.065359341587055,56.96091788165153,23184000
2019-07-22,56.45985412597656,56.49999879330321,55.76600968268364,56.2744974586487,28914000
2019-07-23,56.897972106933594,56.938116775342806,56.14465364197187,56.6699941006798,20648000
2019-07-24,56.48563003540039,56.76961094147567,55.92955999931511,56.1332553469821,27192000
2019-07-25,56.29779052734375,56.67692828744457,55.69166544424889,56.44696518488337,54762000
2019-07-26,61.713775634765625,62.86209020191099,60.8603430969985,60.8603430969985,121216000
2019-07-29,61.546260833740234,61.900620665426864,60.96937541486463,61.578971728283605,41382000
2019-07-30,60.8603401184082,61.301923922317876,60.72751521911687,60.81077655714907,28616000
2019-07-31,60.3746452331543,61.20280061587695,59.87804920339233,60.70521391987625,39960000
2019-08-01,60.05646514892578,61.27168739703548,59.819563585983744,60.34639382180189,35426000
2019-08-02,59.29026412963867,59.94346862631582,58.97703965700888,59.62132815732613,34910000
2019-08-05,57.23003005981445,58.32680726802884,56.635305120848756,58.13302235950556,47840000
2019-08-06,58.03935623168945,58.55081983916508,57.56605218187536,57.76379975882566,36014000
2019-08-07,58.27873229980469,58.474990088824434,57.03624777151568,57.38118868283496,30686000
2019-08-08,59.7794189453125,59.78387694293704,58.18406456385043,58.80010009310013,30116000
2019-08-09,58.92251968383789,59.693681486456704,58.72378145475183,59.47214659102437,20418000
2019-08-12,58.20884323120117,58.75946077111604,57.922385685885516,58.48142766924557,22064000
2019-08-13,59.31058120727539,59.74175925120991,58.13401753831253,58.2014168756371,28434000
2019-08-14,57.70085144042969,58.619701867209486,57.5432485539342,58.28665654098117,35430000
2019-08-15,57.952125549316406,58.30400490109744,57.638904867575555,57.90801821500315,28506000
2019-08-16,58.442283630371094,58.671751442982035,58.13451536686379,58.52059164360576,24916000
2019-08-19,59.494449615478516,59.93801853322621,58.99686291954529,59.06773336729353,24450000
2019-08-20,58.656375885009766,59.373519880954184,58.632588553448954,59.24218477136379,20206000
2019-08-21,59.05534744262695,59.50040239715488,58.87395719532133,59.265485919113445,14152000
2019-08-22,59.052371978759766,59.41218045329354,58.42741281307858,59.165368431532706,17352000
2019-08-23,57.17204284667969,59.25804558458864,56.994615284291136,58.737658454308054,36254000
2019-08-26,58.044307708740234,58.07800926706083,57.23498631942803,57.46296433534002,21166000
2019-08-27,58.026466369628906,58.72923439799841,57.716217690538485,58.630114839752,23460000
2019-08-28,58.17168045043945,58.4070922455493,57.50261395548607,57.73158263877487,16810000
2019-08-29,59.18717956542969,59.43250181222735,58.74311529313986,58.79961352081635,19636000
2019-08-30,59.003299713134766,59.48998524715981,58.764912167369054,59.48998524715981,18064000
2019-09-03,57.96352767944336,58.931442649936706,57.6740943212462,58.573120174698886,25908000
2019-09-04,58.593936920166016,58.723290712947666,58.06165797355199,58.45417735019245,21312000
2019-09-05,60.0767822265625,60.166486668581044,59.1103495828278,59.15842335941791,26394000
2019-09-06,59.78586196899414,60.1144455084397,59.63420308310666,59.92562151772817,18972000
2019-09-09,59.733829498291016,60.49111445401143,59.13414744573212,59.82353395054993,31854000
2019-09-10,59.7551383972168,59.968248854309444,59.27489592378872,59.27886236990376,27922000
2019-09-11,60.46385192871094,60.586267265331834,59.58563768674742,59.6654316897964,23522000
2019-09-12,61.205772399902344,61.57499595167409,60.59072373372645,60.63582551282621,31644000
2019-09-13,61.4565544128418,61.50710864311263,60.81474633971465,61.064035034368764,23676000
2019-09-16,61.040245056152344,61.406496637334875,60.721072808839686,60.981266383780465,28218000
2019-09-17,60.95351028442383,61.20726073791632,60.629880051304234,61.04024273315963,20806000
2019-09-18,61.09079360961914,61.26871650630097,60.288906022946065,60.97135405037176,17440000
2019-09-19,61.39311218261719,61.67015463306158,61.0739437315395,61.07443906464093,16554000
2019-09-20,60.9515266418457,61.593829971512335,60.64127797668327,61.13985530652676,37692000
2019-09-23,61.19190216064453,61.43920952001521,60.65119499162064,60.78946856129921,20798000
2019-09-24,60.38108825683594,61.807439674243646,59.99996912431239,61.45506498727683,35804000
2019-09-25,61.74945068359375,61.85253668184716,59.92859493650378,60.26610204152155,26798000
2019-09-26,61.56855773925781,61.68651508439093,61.04966036820678,61.5611239611923,23166000
2019-09-27,60.75873947143555,61.702371740362565,60.22596144286288,61.595319289066644,34122000
2019-09-30,60.52035140991211,60.83109542237174,60.137746284839075,60.493588297306076,24470000
2019-10-01,59.77000427246094,61.101202537473505,59.747702939259085,60.587258520609794,24504000
2019-10-02,58.37834930419922,59.41119074300899,58.116174388793425,59.299184954697544,33030000
2019-10-03,58.948795318603516,59.02660421934777,57.64584977046184,58.646971045879816,28368000
2019-10-04,60.01582717895508,60.09016873940147,59.025111789237364,59.18965313222018,24282000
2019-10-07,59.881507873535156,60.409824052361344,59.688717445260565,59.81955721205574,17040000
2019-10-08,58.983482360839844,59.81312375684354,58.951266801696164,59.41168461562684,20086000
2019-10-09,59.59158706665039,59.89192530446098,59.37946727812041,59.5385599553945,15948000
2019-10-10,59.941978454589844,60.24677468043726,59.36658289240566,59.40325644739945,12842000
2019-10-11,60.25124740600586,60.89751731127837,60.14865671883509,60.663591487435426,22330000
2019-10-14,60.353336334228516,60.75527081360676,60.061426309275504,60.16104120555129,13296000
2019-10-15,61.566078186035156,61.808428414409434,60.50944949117995,60.53819393584094,27584000
2019-10-16,61.60375213623047,62.15833242575885,61.38221343914064,61.54477346073624,22986000
2019-10-17,62.08943557739258,62.63212402257517,61.94422357766576,62.02005113319439,20958000
2019-10-18,61.67362976074219,62.35260670842632,61.46200529642791,62.1831120286566,31624000
2019-10-21,61.66719055175781,62.12463262023689,61.454575407719766,61.88624880811029,18094000
2019-10-22,61.51454162597656,61.88773166341229,61.447633840406326,61.67709786273552,22862000
2019-10-23,62.328819274902344,62.34913927685717,61.46547631131117,61.46547631131117,21282000
2019-10-24,62.40216827392578,62.5900016171364,62.06713780900959,62.40216827392578,20224000
2019-10-25,62.65938186645508,62.842757199317205,61.908540095876184,62.04978564836531,27104000
2019-10-28,63.882530212402344,64.39102174002998,63.05636003973331,63.18967647549399,65428000
2019-10-29,62.47898864746094,63.47713785052904,62.228705511114924,63.23924560489196,52654000
2019-10-30,62.48096466064453,62.843748886416854,61.982882658369164,62.205903547467116,29204000
2019-10-31,62.38680648803711,62.76941543039994,61.924902647758614,62.44628049735071,31904000
2019-11-01,63.05339050292969,63.090563173237854,62.43190247703901,62.733726712824655,28812000
2019-11-04,63.91376876831055,64.05699945826748,63.24470221879072,63.24470221879072,30632000
2019-11-05,64.00446319580078,64.29191523891771,63.90237162804202,63.9925676375723,25148000
2019-11-06,63.9831428527832,64.08127174040926,63.549987302116946,63.937549521749176,24626000
2019-11-07,64.77265167236328,65.55124732510535,64.11894803478323,64.14521203530747,45140000
2019-11-08,64.87474060058594,65.27667885889721,64.50402723538035,64.50402723538035,30392000
2019-11-11,64.34346008300781,64.67155213215511,64.22402051116887,64.62694189825123,17234000
2019-11-12,64.29042053222656,64.8920876877892,64.14322718981167,64.35782364879786,28852000
2019-11-13,64.23936462402344,64.55357970895379,64.03963575258912,64.09068152450922,20538000
2019-11-14,64.88217163085938,65.20779076149725,64.12835782292629,64.18089338195229,28948000
2019-11-15,66.09095764160156,66.09095764160156,65.01796782618717,65.17458383535813,39286000
2019-11-18,65.4119644165039,66.10977901389909,65.22958354795469,66.03147101979422,27984000
2019-11-19,65.05266571044922,65.74849152659021,65.0120257076676,65.74849152659021,21864000
2019-11-20,64.52088165283203,65.08339101361491,63.893941175344125,64.99170523205015,28892000
2019-11-21,64.4356460571289,64.97981680887413,63.970267309920125,64.39153493682359,25546000
2019-11-22,64.11497497558594,64.77065983947482,63.90136920577825,64.57737406908203,27776000
2019-11-25,64.70822143554688,64.9446276928493,64.21113381502923,64.24334937614718,23590000
2019-11-26,65.072998046875,65.12305316957719,64.62893749315501,64.91985311715116,21910000
2019-11-27,65.02986145019531,65.30294501074944,64.89803478719568,65.19292056605109,18808000
2019-11-29,64.63139343261719,64.92181742842484,64.5887721004546,64.75579387869145,12802000
2019-12-02,63.876590728759766,64.69830674310012,63.456313830417564,64.55556762557949,26538000
2019-12-03,64.16800689697266,64.29141668310302,63.29128242026133,63.37107264352633,25270000
2019-12-04,65.36736297607422,65.63152295609659,64.57984392882136,64.73100747526055,35506000
2019-12-05,65.76484680175781,65.81540102767516,65.13840545361785,65.76682813417223,24408000
2019-12-06,66.38087463378906,66.53352039761293,65.97646356061546,66.05179199526741,32968000
2019-12-09,66.55928802490234,67.28089369128685,66.2163285235745,66.35460583789568,30842000
2019-12-10,66.55435180664062,66.80760694308702,66.11375487153835,66.40814912656901,17606000
2019-12-11,66.62175750732422,66.90127665439235,66.4656405961161,66.82247708963801,20480000
2019-12-12,66.8318862915039,67.1337067474379,66.32191249314344,66.57020672354811,29114000
2019-12-13,66.75159454345703,66.97362476736325,66.49338609778081,66.80264032041094,33170000
2019-12-16,67.43702697753906,67.57727809571605,66.93695982340492,67.15452828398682,28128000
2019-12-17,67.14905548095703,67.61690693391834,66.94486485797496,67.52175006532151,32948000
2019-12-18,67.00138854980469,67.37408327591658,66.9295312097987,67.25365303600968,23330000
2019-12-19,67.22589874267578,67.27992408819243,66.84477957442238,67.00138804031042,28922000
2019-12-20,66.9671859741211,67.60056957774427,66.9429033073999,67.55596690931648,50090000
2019-12-23,66.93795013427734,67.49401639740252,66.8076056794049,67.33938927575151,19936000
2019-12-24,66.63067626953125,67.00635056327087,66.61779760692605,66.91713765501864,13468000
2019-12-26,67.52474212646484,67.56092791296443,66.68419583939209,66.73574073401721,23662000
2019-12-27,67.13668060302734,67.7517254677275,67.05540060541519,67.60056191429713,23212000
2019-12-30,66.39673614501953,67.25363966980721,66.30405970566383,67.24422456030106,19994000
2019-12-31,66.38087463378906,66.44381596112649,66.02106622175161,66.20245642690789,19514000
2020-01-02,67.83251190185547,67.83251190185547,66.73276652225083,66.82792341596551,27278000
2020-01-03,67.47766876220703,68.08379778892568,66.77390994004057,66.80761528460377,23408000
2020-01-06,69.27621459960938,69.3014879316115,66.95628606830468,66.98750339759994,46768000
2020-01-07,69.14238739013672,69.5582024487993,68.96644963729894,69.40753802370638,34330000
2020-01-08,69.6345443725586,69.97205154999614,69.01949936379778,69.12803404922425,35314000
2020-01-09,70.36554718017578,70.80613648268411,69.8907534284605,70.47160139102655,33200000
2020-01-10,70.82003021240234,71.11640582320393,70.35614880232912,70.84531111023372,26258000
2020-01-13,71.36865997314453,71.44051730380278,70.64210083819175,71.1317546271615,30730000
2020-01-14,70.90081024169922,71.49751649539529,70.76104311691866,71.36717204334909,26076000
2020-01-15,71.32752227783203,71.40583028391339,70.95383692655207,71.02124004178174,21550000
2020-01-16,71.87071228027344,71.89747539401914,71.3671740127522,71.63727803469492,26080000
2020-01-17,73.3258056640625,73.3768514456116,72.18740154979925,72.48426869061286,52424000
2020-01-21,73.46110534667969,73.83925246721381,72.86439154992613,73.30002755955512,48930000
2020-01-22,73.5413818359375,74.36954091002987,73.48142006681404,73.83181338382326,28458000
2020-01-23,73.58203125,74.01866551266389,73.36545345637307,73.72377971062164,26650000
2020-01-24,72.66419219970703,74.05337130072407,72.51600059253038,73.98497750120858,29786000
2020-01-27,70.95730590820312,71.19767480231553,70.35117700362538,70.94789079814586,34132000
2020-01-28,71.88756561279297,72.10067230733206,70.88941257474418,71.45341176845339,29724000
2020-01-29,72.19483184814453,72.56356386926777,71.63430381972567,72.2820558505161,21566000
2020-01-30,72.07341766357422,72.1229736667599,71.11937574477422,71.27301221062503,27110000
2020-01-31,71.00934600830078,72.83763191582841,70.72585665176216,72.74792746502517,43822000
2020-02-03,73.47843933105469,73.66181843513121,72.19036163551479,72.44014561867483,71636000
2020-02-04,71.63529205322266,72.7221511823301,70.47656803193662,72.08530406404785,95880000
2020-02-05,71.66699981689453,72.58535483314986,70.85569723570985,72.53728106020947,36376000
2020-02-06,73.14987182617188,73.42691809405072,71.88657563140107,71.96091341803267,37822000
2020-02-07,73.30548095703125,73.60978185657574,72.6265040449633,72.72463293664772,28360000
2020-02-10,74.77000427246094,74.78090916442083,73.11171202305549,73.21232137301007,38302000
2020-02-11,74.8393783569336,75.82167304144915,74.61090502112194,74.99846724762173,34852000
2020-02-12,75.26411437988281,75.34687659684808,74.7704903895511,75.12682771259597,31042000
2020-02-13,75.00442504882812,75.62690377435739,74.5390463323393,74.8364125860934,22914000
2020-02-14,75.26908111572266,75.3345029054228,74.6158690097316,75.06092775062079,23198000
2020-02-18,75.30425262451172,75.85536548197403,74.88645620269631,75.05149664126672,25642000
2020-02-19,75.57337951660156,75.8643026659883,75.38059282964247,75.68885642045224,22746000
2020-02-20,75.1828384399414,75.68240645418584,74.55192774826135,75.2829486635649,25962000
2020-02-21,73.52106475830078,74.88348786244822,73.27475187398645,74.56778297216329,42520000
2020-02-24,70.3690185546875,71.1877625983734,69.72126652670165,70.52711678476247,49560000
2020-02-25,68.70675659179688,71.21104711521028,68.41435127649457,70.92112224638342,51580000
2020-02-26,68.91242218017578,70.06222999736163,68.22254051479868,69.1359421457947,49776000
2020-02-27,65.16961669921875,67.86819119574264,65.13442914630396,67.35969967242637,62290000
2020-02-28,66.37393951416016,66.53252927344232,62.85315762252513,63.1554771498163,80198000
2020-03-02,68.70675659179688,68.76374636203735,65.67761720638778,66.97560913503754,55430000
2020-03-03,66.2981185913086,69.7906479427087,65.87784169688798,69.26976927543198,56602000
2020-03-04,68.47284698486328,68.53132654925601,66.2624434731714,67.35079255744755,47598000
2020-03-05,65.16020965576172,67.08663199651346,64.50997717418309,66.68617596648993,54380000
2020-03-06,64.21757507324219,64.5649888842822,62.30800530544465,62.93940759811256,64640000
2020-03-09,60.25520324707031,62.08596950725931,59.37550300597867,59.71846256922305,69252000
2020-03-10,63.19811248779297,63.23181404799084,60.191769215403774,62.168246803240756,54872000
2020-03-11,60.01285171508789,62.29412541390752,59.03353654424814,61.864932499631436,54732000
2020-03-12,55.08901596069336,58.91509013760297,54.93637016761017,55.637652241074605,94326000
2020-03-13,60.17987060546875,60.1863137168854,55.12568453350552,58.233132133653775,79400000
2020-03-16,53.1784553527832,56.77010434529723,52.885055565048226,54.00165359735801,96520000
2020-03-17,55.41165542602539,55.80516546556795,51.99396263493645,54.05270706671724,83194000
2020-03-18,54.07996368408203,54.763897729434355,51.394275053932354,52.53119691195089,93044000
2020-03-19,55.0949592590332,57.12396841730102,52.313622306797946,53.932764120819286,74064000
2020-03-20,52.94105911254883,56.4236781479315,52.638244210911644,56.048007686267525,82878000
2020-03-23,52.243247985839844,52.8766315654061,50.00013767795823,52.35426310073486,83672000
2020-03-24,56.003902435302734,56.168443781993375,53.8440533745928,54.713843223428654,72468000
2020-03-25,54.59687805175781,56.80479702099747,53.67455646153341,55.73478676010555,90324000
2020-03-26,57.63494110107422,58.05918070033342,54.121596084192674,55.24612330659313,76562000
2020-03-27,55.02508544921875,57.04666104910788,54.71483674205059,55.87802267264633,62794000
2020-03-30,56.811737060546875,57.04417685436686,54.44175335047493,56.134246128630494,58736000
2020-03-31,57.58686447143555,58.154330943122716,56.33645085139658,56.93167488332719,65228000
2020-04-01,54.62066650390625,55.974661472404435,54.19395025688407,55.706043456891315,51970000
2020-04-02,55.3606071472168,55.64508338449243,54.17611063573357,54.516589764619354,56410000
2020-04-03,54.15479278564453,55.4478276673134,53.28153946046502,55.24562211424247,51374000
2020-04-06,58.639530181884766,59.0142061972001,55.755602497061574,56.152088293952644,63320000
2020-04-07,58.60830307006836,60.502509752587144,58.34513751348153,60.31566330394941,61620000
2020-04-08,59.81956481933594,60.21109350341691,58.67719432513304,59.62627903343339,40334000
2020-04-09,59.798255920410156,60.56247930945825,59.09697386880248,60.373655297137006,54028000
2020-04-13,59.98856735229492,60.192262693866695,58.59690819494701,59.54698356017191,38702000
2020-04-14,62.705482482910156,63.22685654351929,60.88710314879472,61.45358277533107,63358000
2020-04-15,62.312461853027344,63.195134097542535,61.15770048868612,61.77770250465346,42236000
2020-04-16,62.31890106201172,63.10840152659315,61.36585370716055,62.80013418506722,57896000
2020-04-17,63.38792419433594,63.93308931599049,62.74363573527321,63.52173597337611,51050000
2020-04-20,62.50326919555664,63.27988346361511,62.26983873721597,62.93642855436658,35292000
2020-04-21,60.07530212402344,61.95067114702243,59.72044698572963,61.58937667810342,49648000
2020-04-22,62.36747360229492,63.43153606448749,61.31629358182884,61.51007469601736,46296000
2020-04-23,62.9998664855957,63.84140722065894,62.472544668602076,62.73075313152235,34202000
2020-04-24,63.268978118896484,63.32399034066813,61.65330368753236,62.19846879323134,37402000
2020-04-27,62.984500885009766,64.1362902612002,62.697048874068805,64.03220981010499,44186000
2020-04-28,61.08781814575195,63.673388769392936,60.97828903607546,63.5960789970159,80700000
2020-04-29,66.51915740966797,67.40975873675693,65.75344808139765,66.65891696341713,108358000
2020-04-30,66.74317932128906,66.90673001324649,65.49425157692038,65.98292232013938,55842000
2020-05-01,65.28707885742188,66.97759396680019,64.90744952945606,65.62260463477621,48872000
2020-05-04,65.56363677978516,65.64145324251461,64.23095612274317,64.83163266643618,30806000
2020-05-05,66.85814666748047,67.94798532924645,66.16480134457395,66.28721289666468,39666000
2020-05-06,66.68022918701172,67.83300920932899,66.66536163173396,67.30320697756437,31732000
2020-05-07,67.86225128173828,68.19530421185752,67.0326098611395,67.4672552406405,30652000
2020-05-08,68.60862731933594,69.21821972421975,67.99754513410797,68.48373532754027,33326000
2020-05-11,69.56266784667969,70.1544207533012,68.17051714278251,68.23444914371004,32718000
2020-05-12,68.1546630859375,70.09495481486462,68.12145686010034,69.79214367959435,33918000
2020-05-13,66.82394409179688,68.65768970686308,65.81687529627737,68.20321596744674,40368000
2020-05-14,67.2467269897461,67.27200032810396,65.58347361898295,66.08998398898088,36660000
2020-05-15,68.04959106445312,68.1249195115489,66.3615562640386,66.82049185975197,41544000
2020-05-18,68.65027618408203,69.02594292518434,67.11488697978334,67.48064705708735,47094000
2020-05-19,68.11600494384766,69.01255036140522,68.0842884983356,68.66513655434181,31586000
2020-05-20,69.83872985839844,69.98096987690036,68.76128572867,68.84751907073908,38262000
2020-05-21,69.71929168701172,70.20052108564059,69.10671959654051,69.92942638175046,30894000
2020-05-22,70.04093170166016,70.22727525632826,69.18402813173392,69.57803347006285,28544000
2020-05-26,70.44385528564453,71.62042645531723,70.34622550732381,71.46430955805518,44590000
2020-05-27,70.38983154296875,70.64110531286433,69.11712048333816,70.37595465466231,31684000
2020-05-28,70.28873443603516,71.5882086759432,69.339154421006,69.38474775293726,35170000
2020-05-29,71.0460205078125,71.20510940143461,70.17672981418404,70.39727026219002,37044000
2020-06-01,71.11293029785156,71.44548411572828,70.48896178135337,70.6584640274907,25162000
2020-06-02,71.4816665649414,71.51586345984298,70.4557597178944,71.11937761225468,23442000
2020-06-03,71.33000946044922,71.81371930747741,70.95186229426255,71.50099393024125,27732000
2020-06-04,70.09345245361328,71.43258345102366,69.68259827012282,71.20757368873142,26982000
2020-06-05,71.3681640625,71.67940719980339,69.76239993864283,70.1598764140095,42642000
2020-06-08,71.76564025878906,71.81321492577551,70.59799261823765,70.6872055170517,33878000
2020-06-09,71.96586608886719,72.74496087236912,71.48413757383796,71.62687671013373,33624000
2020-06-10,72.59131622314453,72.99126556620439,72.07886198518231,72.43321799548916,31762000
2020-06-11,69.47891998291016,71.94207934602183,69.30595418790874,71.41822106728198,47144000
2020-06-12,70.02507781982422,71.09508812261465,68.68099326977082,70.6663867539515,36676000
2020-06-15,70.41265106201172,70.6237764422194,68.75038845105502,68.86388403477007,30468000
2020-06-16,71.68783569335938,72.21812953766074,70.82151691176658,71.81321926135442,30648000
2020-06-17,71.98865509033203,72.46741153025238,71.12580754686152,72.00848353832393,30610000
2020-06-18,71.07575988769531,72.00997330472221,70.68521806962335,71.85534618092774,34862000
2020-06-19,70.60592651367188,71.59019503933153,70.32639981826522,71.36717413263463,52784000
2020-06-22,71.89547729492188,71.90985329738507,70.3358133685618,70.62425602292842,29442000
2020-06-23,72.55563354492188,73.11170737614935,71.61497701926105,71.96189927090062,37752000
2020-06-24,71.00537872314453,73.14093740058806,70.87156316474966,72.5209391776435,31592000
2020-06-25,71.42167663574219,71.48213751498585,70.35314875661604,70.93201535606394,23958000
2020-06-26,67.5282211303711,71.21948940285222,67.15453572534851,71.00192091816166,97640000
2020-06-29,69.2444839477539,69.285623059931,66.9884876343953,67.41917027733605,45074000
2020-06-30,70.27931213378906,70.57419791827895,68.73698854618216,69.23012100555543,40286000
2020-07-01,71.46629333496094,71.78745069882932,70.08752033557674,70.33483147032733,42182000
2020-07-02,72.85051727294922,73.77185199898827,71.91580477152797,71.95397188987388,57218000
2020-07-06,74.32345581054688,74.83640917181805,73.19991930923392,73.75351267291511,44712000
2020-07-07,73.84123229980469,75.39743275025508,73.83032740946122,74.1490043020227,42364000
2020-07-08,74.51923370361328,74.89440889434763,73.95919714065299,74.38046478643815,31766000
2020-07-09,75.26559448242188,75.78499090291139,74.1222372096251,74.83293050342496,41836000
2020-07-10,76.27415466308594,76.38963154936391,74.37648449858449,74.99747336522512,35918000
2020-07-13,74.94693756103516,78.12525214839029,74.6659286390458,76.81586355325133,42954000
2020-07-14,75.37464904785156,75.47079662526262,73.64350110242074,73.98348873693753,38108000
2020-07-15,75.17737579345703,76.14132413482672,74.23324833594536,75.4920824251821,31026000
2020-07-16,75.08024597167969,75.12931041610598,73.75945351224223,74.41513840582077,26484000
2020-07-17,75.1759033203125,75.50201403049498,74.24664320234244,75.17887531922496,34264000
2020-07-20,77.5047378540039,77.7609649381559,74.47460794232198,75.08420032253589,30166000
2020-07-21,77.11222839355469,78.65505117777408,76.94867771392333,78.55494094995885,27486000
2020-07-22,77.5548095703125,77.66037224765607,76.48330944923406,77.10182551895637,24482000
2020-07-23,75.17093658447266,77.82738133717842,74.76651793434812,77.60832312561183,33910000
2020-07-24,74.74769592285156,75.10552305492557,73.72575942026643,74.30066345548695,29902000
2020-07-27,75.79935455322266,76.20228339820963,74.9518737637797,74.99796620405289,27124000
2020-07-28,74.52169799804688,75.62986776248196,74.3665717756482,75.57981265274391,30910000
2020-07-29,75.50597381591797,75.99265563453109,74.4899812798863,74.58860929092415,22676000
2020-07-30,76.24244689941406,76.36733890949552,74.10142804829563,74.24019694838614,36042000
2020-07-31,73.74360656738281,74.58960537091131,72.0610240717086,74.19460930846472,91468000
2020-08-03,73.48638916015625,74.22830750360635,72.9392388448342,73.89477056396018,45482000
2020-08-04,73.01753234863281,73.99932787425692,72.55810525124386,73.68214077349012,37212000
2020-08-05,73.30448913574219,73.84519626003934,72.91444645952018,73.19199180453877,29134000
2020-08-06,74.58612823486328,74.65155001959869,72.94815610602834,73.15878990214848,33306000
2020-08-07,74.26002502441406,75.33647844212679,73.6603391959197,74.78883662265774,27718000
2020-08-10,74.1832046508789,74.6951597832656,73.22519259615039,73.88484774464752,20546000
2020-08-11,73.37635803222656,74.8582208141743,73.25989046753106,74.04343941326381,31098000
2020-08-12,74.69962310791016,74.9191804606546,73.59739725191154,73.7024683730162,22512000
2020-08-13,75.16597747802734,76.17305390042783,74.74768949217605,74.74768949217605,22388000
2020-08-14,74.57027435302734,75.32161534911621,74.29124675715514,75.01532552370992,21942000
2020-08-17,75.14566802978516,75.51936096663643,74.58861108119994,75.13229025369915,19990000
2020-08-18,77.10529327392578,77.18409283335072,75.4147856047771,75.6353260607761,28378000
2020-08-19,76.55169677734375,77.75354125629191,76.32322343836007,76.94223100784141,30472000
2020-08-20,78.11980438232422,78.31408086011864,76.04866890719974,76.32174495286563,26382000
2020-08-21,78.08609771728516,78.89442843243806,77.42892300821778,77.89924747722306,34838000
2020-08-24,78.56088256835938,79.73200128949749,78.0598247678244,78.92366302638288,25638000
2020-08-25,79.58680725097656,79.73697262205323,78.2005926493142,78.31061712349431,25150000
2020-08-26,81.48395538330078,81.9131558254161,79.3454247617791,79.60908564477356,52188000
2020-08-27,80.7103271484375,81.67526631440305,80.22909022649999,81.60687253223567,31350000
2020-08-28,81.25101470947266,81.34617159068387,80.5660938852416,80.75739831375627,22418000
2020-08-31,80.7603759765625,81.50229418365015,80.55222264754329,81.45620173894997,26422000
2020-09-01,82.02664184570312,82.23182317096844,80.7603739027677,80.89071834189023,22652000
2020-09-02,85.1147689819336,85.54644234376782,82.27990568952355,82.66746793542667,49522000
2020-09-03,80.75939178466797,84.25291200419659,79.67896815713972,84.22912088973366,63726000
2020-09-04,78.3656234741211,81.0309847491098,76.2226231580958,79.74290678318458,55850000
2020-09-08,75.51042175292969,77.09387671086743,75.15853867208989,75.57980619054558,54032000
2020-09-09,76.68154907226562,77.2509930776457,75.58823926894804,76.76431129264915,39242000
2020-09-10,75.63186645507812,77.99144475392224,75.33202727974195,76.82776716754222,33024000
2020-09-11,75.12187957763672,76.25879385001623,73.99487196751262,75.735933828383,30706000
2020-09-14,74.7784194946289,77.16575111984385,74.59405726973172,75.9093897485379,42660000
2020-09-15,76.08136749267578,76.86789598953742,75.43609590207801,75.7230488068471,23042000
2020-09-16,74.93998718261719,77.03540497341557,74.9152054033124,76.44613252697442,22128000
2020-09-17,73.69849395751953,74.27438863369424,72.48029972090434,73.63753395614539,40008000
2020-09-18,71.91679382324219,74.10291435499147,70.9518546797174,73.76094545210748,63056000
2020-09-21,70.87850952148438,71.3701446598767,69.51757609828891,70.95185663516155,56908000
2020-09-22,72.34945678710938,72.555137240123,70.84678253105847,71.87863322198784,33950000
2020-09-23,69.8501205444336,72.01542196505994,69.51757431347869,71.9663575191047,37726000
2020-09-24,70.5177001953125,71.26755132764286,69.49130194472214,69.51757350502828,34552000
2020-09-25,71.32058715820312,71.6615578347478,69.76537731139764,70.62624357149211,30326000
2020-09-28,72.2919692993164,73.00217110673873,71.6784141659313,72.95261510869759,30784000
2020-09-29,72.65673828125,72.95310628877834,72.0610151428717,72.55216627798126,31816000
2020-09-30,72.63591766357422,73.65686345741786,72.14824521381277,72.40496388039755,40924000
2020-10-01,73.74111938476562,74.09647363654604,73.19099712373635,73.5309847051695,32884000
2020-10-02,72.14031219482422,73.3015166577609,71.73143930114331,72.34004108666224,31222000
2020-10-05,73.48985290527344,73.58252935432779,72.36284527360293,72.48971861393626,21602000
2020-10-06,71.91332244873047,73.57359566004143,71.61546469303617,73.12656325055715,26096000
2020-10-07,72.31575012207031,72.80293096313312,71.03163513750249,72.32417456491505,36108000
2020-10-08,73.51959228515625,73.747566532025,72.62849172768487,72.62849172768487,26076000
2020-10-09,74.85870361328125,74.92808805462509,73.69650854901934,73.98693253652546,32966000
2020-10-12,77.54193115234375,78.72295673481648,75.7929361107387,76.22411798479965,55344000
2020-10-13,77.6648178100586,78.56137061464591,77.24652985318345,78.15745109713406,39072000
2020-10-14,77.48491668701172,78.4964473454377,76.61562602854337,78.03801846578263,33174000
2020-10-15,77.08992767333984,77.87942818375831,76.37923428577766,76.5462485174522,31210000
2020-10-16,77.69606018066406,78.19215712949148,77.19847345120955,77.40513702977627,34194000
2020-10-19,75.82514190673828,78.50042480212294,75.4767374385808,78.10393898976746,29734000
2020-10-20,76.87235260009766,78.00035081850514,75.35679216195857,75.48614593995441,41670000
2020-10-21,78.60250854492188,80.04720230384581,77.66829522867764,77.80260233594682,60322000
2020-10-22,79.62693786621094,79.96196457771984,78.18076166313445,78.55345638173165,30512000
2020-10-23,80.9313735961914,80.98787182595748,79.88712810599611,80.04275346677193,30548000
2020-10-26,78.51826477050781,80.76285741115254,77.70001980831707,80.04026846122382,35826000
2020-10-27,79.2413558959961,79.39598302527754,78.15647798175637,78.74823094631225,25902000
2020-10-28,74.87606048583984,77.00765664920016,74.7610827015147,76.81933175028874,45174000
2020-10-29,77.15980529785156,78.73879863480163,75.16102661851583,75.18431861733673,55406000
2020-10-30,80.09527587890625,83.32712413026837,79.37466827076221,82.63922363317832,99878000
2020-11-02,80.5021743774414,82.18326693567796,80.00259878301561,80.46351570683841,44228000
2020-11-03,81.5597915649414,82.22092895585259,79.89703764384542,80.82134439367809,31432000
2020-11-04,86.5252685546875,87.72364199998071,84.40159768740916,84.52946169743666,71342000
2020-11-05,87.3504409790039,88.80355922055054,86.28637474344528,87.74444631593936,39758000
2020-11-06,87.21316528320312,87.64781063793222,86.0707909999368,86.79735014914868,28622000
2020-11-09,87.29690551757812,90.04602658950621,87.10510953865425,89.00972180392803,53440000
2020-11-10,86.1223373413086,87.19581874690427,85.05182793444769,85.72833198232598,43022000
2020-11-11,86.59366607666016,87.37027284342858,86.38699493395451,86.65164652421126,31838000
2020-11-12,86.37509155273438,87.473354716202,86.1347226524478,86.33445155052767,26474000
2020-11-13,87.83414459228516,88.07550413337701,86.03609314698612,86.63180866553387,29744000
2020-11-16,87.921875,88.92845236010726,87.29245409409869,87.43172210004694,25468000
2020-11-17,87.30880737304688,88.07600646877577,87.20126337757758,87.61608025286607,21314000
2020-11-18,86.26704406738281,87.47434095308526,86.16445340083658,87.06001562220402,20108000
2020-11-19,87.15567779541016,87.39951783472266,85.74072646940947,85.89981538229301,20106000
2020-11-20,86.0559310913086,87.64087619997211,85.98753730379259,87.32567037760874,27694000
2020-11-23,85.61880493164062,86.53220683419836,84.7574470410167,86.24624457507814,22530000
2020-11-24,87.41983795166016,87.54770196946366,85.28030873158976,85.61583456207863,27984000
2020-11-25,87.43122100830078,87.74097434206601,86.6496534535001,87.61360945809936,19600000
2020-11-27,88.56565856933594,89.06077233033807,87.451537281443,87.451537281443,14790000
2020-11-30,86.94900512695312,88.23460252032878,86.62388510850603,88.00216651160646,32418000
2020-12-01,88.97900390625,90.28542045446022,87.3767108902,87.55661890732226,37350000
2020-12-02,90.44649505615234,90.83158444204322,88.47398769607074,88.97900820349736,29424000
2020-12-03,90.2913818359375,91.38121314706835,90.05150445368142,90.22695071056481,24728000
2020-12-04,90.38651275634766,90.67098516788612,89.88247546731743,90.21106654990662,20544000
2020-12-07,90.05299377441406,90.66060499552637,89.35964075802661,89.97963908979871,22288000
2020-12-08,89.77047729492188,90.0004404045314,88.7767937591403,89.6312168567799,19936000
2020-12-09,88.11170196533203,90.61500993483831,87.32567250408466,89.7224195621186,31728000
2020-12-10,87.60568237304688,87.96945350590143,85.91467559079892,87.35539924282726,28688000
2020-12-11,87.96003723144531,88.08443768580932,86.86673495252047,87.22654341563204,18628000
2020-12-14,86.84294891357422,88.70345045595626,86.687822672267,87.75784057609782,33050000
2020-12-15,87.28006744384766,87.42478033349926,86.31810030713507,87.21959899351037,21352000
2020-12-16,87.08727264404297,87.67803488029331,86.6843513067573,87.67803488029331,24676000
2020-12-17,86.26061248779297,87.55910377145933,85.7967310991824,87.42132553147147,34880000
2020-12-18,85.5523910522461,86.64966362908457,84.99632476660608,86.54112895212512,85256000
2020-12-21,85.9657211303711,86.08665047301542,83.95554588894409,84.70539704892414,33974000
2020-12-22,85.25503540039062,85.86908971681392,84.53938106745055,85.70652969038704,20370000
2020-12-23,85.6520004272461,86.43902043412434,85.30358842239465,85.43889376166366,22974000
2020-12-24,85.9458999633789,86.35477287610888,85.45970970994662,85.69016438918781,9312000
2020-12-28,87.91841888427734,88.56468878819395,86.32554835686929,86.47868571577018,27650000
2020-12-29,87.11552429199219,88.63752786002674,86.98418918004275,88.5760763070987,19726000
2020-12-30,86.04947662353516,87.61112952417417,85.64060373303981,87.4743419671934,21026000
2020-12-31,86.86178588867188,87.10264635469892,86.04155201970197,86.10003914197051,21070000
2021-01-04,85.54792785644531,87.34994209759138,84.60677228691033,87.22653987680384,37324000
2021-01-05,86.2378158569336,86.5738332163736,85.09048820170439,85.4963891255804,20360000
2021-01-06,85.38684844970703,86.43208444826773,84.05962045926168,84.26579245837004,46588000
2021-01-07,87.93724060058594,88.10970726571644,85.57914501224703,85.57914501224703,41936000
2021-01-08,89.10142517089844,89.1772527342026,87.2870085349712,88.07700817599742,35484000
2021-01-11,87.04267120361328,88.43482947963955,86.83699831013621,88.07006012945878,34796000
2021-01-12,86.10796356201172,87.61807170115141,85.06471635577631,86.50097826490368,29528000
2021-01-13,86.59466552734375,87.04764963594212,85.60691817574995,85.60691817574995,23432000
2021-01-14,85.78531646728516,87.60072359261585,85.54494757680975,86.6749271380058,29212000
2021-01-15,85.62178039550781,86.61299123657747,84.83327803981163,85.69116485188914,31444000
2021-01-19,88.43928527832031,89.39927102495157,85.8799786898442,86.38400845133536,41660000
2021-01-20,93.17727661132812,94.15113930596509,90.17589074243995,90.51587074805265,64152000
2021-01-21,93.37948608398438,95.75492235156246,93.1445696134799,93.85031725362155,58634000
2021-01-22,93.7962875366211,94.38258801925332,93.00034392716495,93.74177064385457,32744000
2021-01-25,93.88153076171875,95.2464344214254,92.14096797256826,94.79642238688461,50586000
2021-01-26,94.55902099609375,94.94559256063314,92.98200896097454,93.47067208076419,31462000
2021-01-27,90.14762878417969,93.1970881256996,89.07414752601007,92.92153170069953,82512000
2021-01-28,91.84558868408203,93.56979410024235,90.7453441830221,90.7453441830221,55278000
2021-01-29,90.56492614746094,91.56506030256809,89.28627113117517,90.89499945801929,44530000
2021-02-01,93.82157135009766,94.93519367796942,91.41887289099441,91.41887289099441,40252000
2021-02-02,95.11260986328125,96.61181293798191,94.48070854008223,94.81574275927689,66332000
2021-02-03,102.03919982910156,104.40522092105503,99.79261830171446,102.37274430388717,97882000
2021-02-04,101.77900695800781,102.55561366138531,100.86064423524446,102.1254300837505,48596000
2021-02-05,103.5235366821289,103.87591138224194,101.59910316453163,102.07289876311265,29866000
2021-02-08,103.30992889404297,104.82053612407776,102.26073770644324,104.07712806646019,28828000
2021-02-09,102.85743713378906,104.00327492261671,102.59030513019513,102.82819357536142,21892000
2021-02-10,103.40705871582031,104.02161204925905,101.7101080573944,103.24152671661228,25102000
2021-02-11,103.5195541381836,103.77974388846165,102.53379601057516,103.63106835249506,20480000
2021-02-12,103.83080291748047,104.05233401562371,102.76722828875226,103.07450872538962,18990000
2021-02-16,104.607421875,106.31428677278258,103.668247646045,103.668247646045,31004000
2021-02-17,104.99993896484375,105.18926208138022,103.49974516060348,103.77876516091223,20294000
2021-02-18,104.36507415771484,105.16696935540978,103.74655809437651,104.32493326756826,22546000
2021-02-19,103.52254486083984,104.99796454492676,103.25591195162085,104.46320894592502,37938000
2021-02-22,101.81021881103516,103.10226681729074,101.49997392533437,101.77751170242684,29466000
2021-02-23,102.10064697265625,102.71420966814658,98.6368619382917,99.81442376891242,34658000
2021-02-24,103.27473449707031,103.49825450138255,100.48547224750138,100.60986513415875,22608000
2021-02-25,99.91156005859375,103.23459480191558,99.44271782605095,101.89299077097074,41548000
2021-02-26,100.20694732666016,101.9222368684854,99.17113386865907,100.60541448673561,40042000
2021-03-01,102.57344818115234,102.89905971367365,100.82693407602981,101.49996692019756,26060000
2021-03-02,102.31673431396484,103.81643661615159,101.92967118650496,102.33457386845907,25564000
2021-03-03,99.68656921386719,102.88718520454555,98.82371397897086,101.69575393391699,33892000
2021-03-04,100.80266571044922,102.81779430199187,99.3901873806204,99.85803897102821,49216000
2021-03-05,103.93190002441406,104.38438487608283,100.49785050979133,102.15168816314645,53100000
2021-03-08,99.49275970458984,104.75806667686905,99.37827349373384,103.28711662246644,36868000
2021-03-09,101.121337890625,102.28898556679057,100.88543075632072,101.58671660958481,33920000
2021-03-10,100.91466522216797,102.16408434665642,100.07907232110979,102.16408434665642,27100000
2021-03-11,104.10388946533203,104.63567305247624,101.9187671112629,102.00649022859612,27702000
2021-03-12,101.59910583496094,102.96747311515301,100.72783372970525,102.90800288778321,33818000
2021-03-15,101.81916046142578,101.84641512971943,100.49837533892563,101.35031815559856,26168000
2021-03-16,103.27871704101562,104.75511989536767,102.05952443443275,102.39157914363233,31900000
2021-03-17,103.19593048095703,104.02755311828832,101.30767543125644,102.51447316939472,26382000
2021-03-18,100.1786880493164,102.52835156310981,100.0716356052012,101.5088880221178,31700000
2021-03-19,100.45721435546875,100.95678233428838,99.26627484580405,100.59450102043229,46072000
2021-03-22,100.64208984375,101.51683304401001,99.81492131192749,100.49043471724453,33536000
2021-03-23,101.1694107055664,102.29839969901126,100.50877242544003,101.10101692123436,28510000
2021-03-24,100.7332763671875,102.47135862894248,100.55832169065704,101.6863199422794,25218000
2021-03-25,100.72981262207031,101.38301712802823,98.9272915511988,100.5608094927387,35616000
2021-03-26,100.34671020507812,101.07326181314708,99.31187989492297,100.69660445230305,27978000
2021-03-29,101.39045715332031,101.55995940740273,99.39118661186053,100.2193458581718,26492000
2021-03-30,101.42414855957031,102.22702679811378,100.91268499326586,101.74678812299072,27312000
2021-03-31,102.21958923339844,103.3961603316529,101.4504087988673,101.81715946283474,42570000
2021-04-01,105.55303192138672,105.84890836816066,103.6523896883466,103.69302968898464,39880000
2021-04-05,109.97284698486328,110.4699421342313,106.31775738977792,106.4139049523274,48510000
2021-04-06,109.49210357666016,110.42087204378797,109.12188934950352,109.5743742451769,35240000
2021-04-07,110.96752166748047,111.23861633474729,109.68241587965444,109.68241587965444,24134000
2021-04-08,111.53252410888672,112.59113801496007,111.16478272927793,112.20505796533502,28664000
2021-04-09,112.5356216430664,112.69917231745536,110.87980246049328,111.28521181469488,26146000
2021-04-12,111.24457550048828,111.85267820844336,110.41195454530049,111.71539909018354,25024000
2021-04-13,111.73076629638672,112.17879703239622,111.16676710165994,111.56028094044785,25682000
2021-04-14,111.11026000976562,112.37504587455774,110.81835377243557,112.37504587455774,21002000
2021-04-15,113.25820922851562,113.79099102796425,111.5691914039024,112.10345542149517,29174000
2021-04-16,113.13430786132812,113.70375943501823,112.54800739975896,113.45595676086148,26282000
2021-04-19,113.48173522949219,114.19193706583053,112.51134359641581,112.51134359641581,30290000
2021-04-20,112.9489517211914,113.9396632750493,111.8640739438885,113.86482638561692,22288000
2021-04-21,112.91624450683594,112.99801605945058,111.2544738339239,112.60401072672376,23204000
2021-04-22,111.63609313964844,113.43811493653551,111.03145402181963,112.77003537095592,24146000
2021-04-23,113.98575592041016,114.29253725619483,112.06875636037209,112.35372791548767,29066000
2021-04-26,114.48136138916016,115.20494850642784,113.85640227460357,114.21323872115512,32038000
2021-04-27,113.54219055175781,114.90361539393929,113.3033038884258,114.86297539492868,44386000
2021-04-28,116.91529083251953,120.50049681684617,116.6268481486784,118.57358292629367,81106000
2021-04-29,118.58647155761719,119.1514613795989,117.64927859207835,118.41152443414508,41234000
2021-04-30,116.64071655273438,118.04575341768243,116.29676633533462,117.36033342946197,44856000
2021-05-03,116.12430572509766,118.03089969909728,115.74863902173213,117.20621161359489,28242000
2021-05-04,114.32772827148438,115.22774474351102,111.84226774409919,114.66077361466583,44818000
2021-05-05,114.72124481201172,115.7238519784705,114.39959590373067,115.40815462993878,26636000
2021-05-06,115.84031677246094,115.84031677246094,113.64428958784119,114.30294649647725,25190000
2021-05-07,116.56290435791016,117.52041727105686,116.2769421311953,117.15565548855925,28898000
2021-05-10,113.58036804199219,115.52562073206813,113.22303243787496,115.38387226504932,30914000
2021-05-11,112.50538635253906,113.01189659277263,110.71426940565203,111.16775253542369,34186000
2021-05-12,109.04556274414062,111.41109213197748,108.71697918414294,110.33116766435154,46376000
2021-05-13,110.47240447998047,110.98783065167676,109.36620857761949,110.32768404557532,33204000
2021-05-14,112.91773986816406,113.23195501720761,111.51121303818194,111.93446197829431,31996000
2021-05-17,113.44010162353516,113.48272295866457,111.78428241583579,112.18374021644,21598000
2021-05-18,112.12921905517578,114.36985643689593,112.11534216607272,114.10569642967033,22204000
2021-05-19,112.5767593383789,112.74972513246455,110.29400712295823,110.44219113551104,23684000
2021-05-20,114.33368682861328,114.58396240325392,113.17248227319268,113.54319564211424,32352000
2021-05-21,113.69831848144531,114.9254439817574,113.45894022703361,114.8520893009021,40632000
2021-05-24,117.01441192626953,117.23792438170847,114.58197841685045,114.72719042691061,31832000
2021-05-25,117.10509490966797,118.15230464998669,116.71505225437924,117.55757978154006,22440000
2021-05-26,117.96943664550781,118.3996202017259,117.28301841520451,117.28599041375585,21572000
2021-05-27,117.095703125,118.40261134045875,116.77752529481326,118.40261134045875,35224000
2021-05-28,116.8067398071289,117.75929178976516,116.60850070207313,117.67752023857234,21482000
2021-06-01,118.0125503540039,118.23706102476314,116.67937078079298,117.67851435164249,23354000
2021-06-02,117.48771667480469,118.63008342686042,116.5842214876714,118.40755407398083,21158000
2021-06-03,116.34732818603516,116.81517979607065,115.45226497101265,116.25564239868717,18696000
2021-06-04,118.62661743164062,118.89722057775712,117.08231235748671,117.42229995615384,24458000
2021-06-07,119.05927276611328,119.16880566389568,118.00363849834592,118.42192651561601,24120000
2021-06-08,118.86795806884766,119.9126949181085,118.68656785483122,119.54049938057632,24240000
2021-06-09,119.33880615234375,119.5836292835186,118.79165587166284,119.5117719476187,17942000
2021-06-10,120.68634796142578,120.7294684105752,119.1326278842615,119.2882456679508,25904000
2021-06-11,120.4420166015625,121.01295040637044,119.88495212398634,120.92770773649222,21958000
2021-06-14,121.36930084228516,121.36979239425413,119.83738291214934,120.54411364612498,22098000
2021-06-15,120.35230255126953,121.69637939981682,119.99199500315504,121.37373985248222,21562000
2021-06-16,119.71098327636719,120.8146987783104,118.4199335658022,120.50345568028659,26472000
2021-06-17,120.6734619140625,121.44561439859767,119.44089162710867,119.6366578615454,25842000
2021-06-18,119.05531311035156,120.53419632623287,118.96015621393956,120.30027053137374,46116000
2021-06-21,120.74185180664062,120.92770381044767,118.84467309980958,119.44138689425938,27414000
2021-06-22,121.25530242919922,121.32419532611587,119.99993923776582,120.67990683669676,22390000
2021-06-23,121.05358123779297,122.01356699210014,120.76365635931501,121.02037501573139,19148000
2021-06-24,121.4233169555664,121.97393077663716,121.22507783037003,121.62155608076279,21362000
2021-06-25,121.43174743652344,121.55515723452831,120.49654331371744,120.92771759173975,34594000
2021-06-28,121.45899200439453,121.7058040021767,120.33842757153094,121.60023377546963,28526000
2021-06-29,121.19781494140625,121.93974078212915,120.62142867598224,121.59231941946096,23108000
2021-06-30,121.01642608642578,121.18245721557813,120.28788557536772,120.92225985457858,24474000
2021-07-01,121.36830139160156,121.5095431679097,120.46332403287062,120.65512003494412,18110000
2021-07-02,124.15657806396484,124.30179007333106,121.97789880918043,122.06760325950343,25982000
2021-07-06,125.08087921142578,125.31678632682912,123.48750228216251,124.5441347516448,26404000
2021-07-07,125.36238861083984,126.16526690597024,125.04421080406834,126.04434512220173,24060000
2021-07-08,123.94496154785156,124.49161272907018,122.93194853039118,122.93591119562316,23790000
2021-07-09,124.415283203125,124.62938054281378,123.45677959980704,123.92612095804607,18632000
2021-07-12,125.85948944091797,125.95266501095732,124.50698036288892,125.06899821973363,17668000
2021-07-13,126.22225952148438,126.93196222420258,125.56112215124197,125.92192128117352,19240000
2021-07-14,127.10989379882812,128.18982590812473,126.79022621114098,126.83334666215922,23742000
2021-07-15,125.88870239257812,127.56880409528097,125.41787885934153,127.51825743542209,24218000
2021-07-16,125.85401916503906,126.68812227295803,125.0446978361771,126.54092894138478,20424000
2021-07-19,123.4830551147461,125.09575390814824,122.41948035880777,124.98126767561185,27968000
2021-07-20,125.10021209716797,125.92638235763302,123.25755022531956,124.42419961251387,26312000
2021-07-21,126.42794036865234,126.474524368803,124.91584338583961,125.02487717060785,20746000
2021-07-22,127.29276275634766,127.35373032326339,126.37837781235324,126.72034672526937,14302000
2021-07-23,131.84588623046875,132.22651378843682,128.6596466811027,129.2840991163657,41506000
2021-07-26,132.85694885253906,133.0571693287337,131.1386796548472,132.1566611755268,30572000
2021-07-27,130.74070739746094,133.21775146262686,128.9605026008915,133.07055810074505,54710000
2021-07-28,134.8978271484375,137.08146728842348,134.08850576613955,135.11391338631623,95130000
2021-07-29,134.5841064453125,135.45984024693942,134.35167044138507,134.95333000907334,31716000
2021-07-30,133.54232788085938,134.1152504752501,133.07497550053534,133.8481185095128,25576000
2021-08-02,133.6692352294922,134.14699347911008,132.61805515773415,133.92942502207725,21634000
2021-08-03,134.43792724609375,134.53902058511594,132.1477335764231,133.94726760946617,20762000
2021-08-04,133.9378662109375,134.45726275713403,133.30497408561808,134.15989647499984,19676000
2021-08-05,135.05393981933594,135.15158472085915,133.66079088435984,134.48795935776522,17870000
2021-08-06,134.54547119140625,135.27302867961484,134.02162798493478,134.8463161522818,20488000
2021-08-09,135.70960998535156,135.97823930808275,134.1499385485314,134.7476505132301,17760000
2021-08-10,135.6045684814453,136.56158228756237,135.16595290851137,136.13485470912244,19414000
2021-08-11,135.08120727539062,136.47235972924676,135.07376593544024,135.97577128495558,15352000
2021-08-12,135.98817443847656,136.09324556598622,134.23522443439262,134.7803782734539,16506000
2021-08-13,136.5169677734375,136.6448469030297,135.82858330220628,136.04367130953105,15948000
2021-08-16,137.09385681152344,137.14639993489493,134.10981879520125,136.31625185991177,22384000
2021-08-17,135.46034240722656,137.0502482689052,134.8859374907993,136.53927624045247,21716000
2021-08-18,134.25848388671875,135.89943526363484,134.13210212068796,135.3002411007768,19258000
2021-08-19,134.48745727539062,135.1540470600647,133.07003326839052,133.25390393778633,21782000
2021-08-20,136.22158813476562,136.34499035154397,134.06124017107493,134.80464815723616,31194000
2021-08-23,138.81065368652344,139.63632491734674,136.39804086783937,136.75685870008374,28454000
2021-08-24,140.01992797851562,140.83123074253442,139.10503630618481,139.3756318907388,19268000
2021-08-25,140.83023071289062,140.9397636176069,140.13342175774235,140.38022622324365,15848000
2021-08-26,140.19732666015625,141.16572923780748,140.11454932356156,140.50410040730594,20610000
2021-08-27,142.73831176757812,143.2423415908645,140.25334264721428,140.40747821898057,28780000
2021-08-30,143.31964111328125,144.6875166286591,142.89589312218945,143.13080955855443,24434000
2021-08-31,143.4257049560547,143.89553786032653,143.01287695186656,143.8712627569478,22448000
2021-09-01,143.9391632080078,144.96853350536102,143.61008051608152,143.72555741436526,21936000
2021-09-02,142.02760314941406,144.24047911372418,141.92649470207718,143.93964934296415,32342000
2021-09-03,142.4761505126953,142.88799546511845,141.14891473928407,141.82294596604638,19850000
2021-09-07,143.01239013671875,143.29438972638894,142.3567051696293,142.57031097305716,20124000
2021-09-08,142.4280548095703,143.13082285164162,141.74313388446112,142.8334717334425,18344000
2021-09-09,142.2793731689453,143.04211051634226,141.9190731671668,142.57624028484273,15314000
2021-09-10,139.63780212402344,143.4465279342337,139.5010145668301,142.9449634747417,36840000
2021-09-13,141.08151245117188,141.6935778474216,140.00852254788668,140.7018679540071,22094000
2021-09-14,141.29161071777344,142.10292843249584,140.50409923851902,141.73865068075114,19674000
2021-09-15,143.16006469726562,143.18087624925593,140.10515271027106,141.51663270038054,27408000
2021-09-16,142.3477783203125,143.03171616692714,141.14990398479992,142.68528546421356,26190000
2021-09-17,139.56248474121094,142.18918733159688,139.23538335972722,141.7733797216764,53384000
2021-09-20,137.50025939941406,137.77829631791283,135.12384006043985,136.94716512358414,46518000
2021-09-21,137.8109893798828,138.78088932420297,137.06262052986705,138.5211835537175,25332000
2021-09-22,139.05050659179688,139.64870264345097,137.33373489370697,138.07962340432297,25056000
2021-09-23,139.9748077392578,140.45108373468472,139.1674677468827,139.7483157407974,20952000
2021-09-24,140.9650115966797,141.07950537458137,139.00836284376217,139.30324860172112,22984000
2021-09-27,139.8320770263672,140.69096191409616,138.83640458295432,139.56692635866548,21882000
2021-09-28,134.63613891601562,137.87392316936433,134.17026871953288,137.4363058631819,45772000
2021-09-29,133.17262268066406,135.94553512593572,132.68842135183831,135.7760328990303,30848000
2021-09-30,132.50108337402344,134.3511790892162,132.3821429237052,133.081447432977,37996000
2021-10-01,135.34288024902344,135.70715804170354,132.8945886396275,133.26579353336834,35360000
2021-10-04,132.48471069335938,134.7654811569935,129.89814958771572,134.7654811569935,51202000
2021-10-05,134.82745361328125,136.01840082000018,132.86287924921712,132.86287924921712,32404000
2021-10-06,136.35592651367188,136.53929810569844,133.3674263289045,133.56566547907704,24364000
2021-10-07,138.00132751464844,138.81114805651399,137.43236744248404,137.67124657959297,25110000
2021-10-08,138.55690002441406,139.0975920679396,137.9938839590629,138.35022132641475,26526000
2021-10-11,137.69302368164062,139.47522436298866,137.63849923660558,138.06770719810476,17954000
2021-10-12,135.24972534179688,138.28084658816041,134.56677058487705,138.25407591116456,36332000
2021-10-13,136.3727569580078,136.7870823219551,135.31909643090742,136.19483027400855,19654000
2021-10-14,139.9103546142578,140.0952083551367,137.6047949923992,138.2480926655134,31894000
2021-10-15,140.12548828125,140.47241812017668,139.51788463580564,140.3698274367065,30274000
2021-10-18,141.52308654785156,141.54093366501112,139.82960687486855,139.8365491009501,20396000
2021-10-19,141.97804260253906,142.39980927751645,141.346647938062,142.1272172677941,20164000
2021-10-20,140.52296447753906,142.28435409702513,140.13391241428846,142.07817450186778,23288000
2021-10-21,140.63893127441406,140.90656241415812,139.26511158996246,140.52295525974566,26292000
2021-10-22,136.35739135742188,139.34737337961698,134.86016945665278,137.926969706927,50588000
2021-10-25,136.2389373779297,136.7870707005219,134.23370805453146,136.3410289296942,34412000
2021-10-26,138.08407592773438,138.85175904468622,137.08890257767035,138.03947326185792,49236000
2021-10-27,144.93235778808594,147.34347311686153,138.17973449966777,138.17973449966777,85782000
2021-10-28,144.56707763671875,145.8645780331488,143.35581813063857,145.84128603540435,36206000
2021-10-29,146.74481201171875,146.9390884983664,143.37816460086918,143.8028958035192,43320000
2021-11-01,142.23574829101562,146.74477665621114,141.96663496333343,146.74477665621114,46924000
2021-11-02,144.15423583984375,145.32039357899643,143.06687765221287,143.30873631409102,33482000
2021-11-03,145.30950927734375,145.3798843880956,143.3201457071093,144.61813015361963,27494000
2021-11-04,146.96434020996094,148.41745854274853,145.02205961897133,145.83138101023934,38412000
2021-11-05,147.54371643066406,149.00624241473633,146.89447456017774,147.85841557801552,38354000
2021-11-08,147.7211151123047,149.29119236496442,147.12588357863783,148.50812750855306,23052000
2021-11-09,147.609619140625,148.5175685400609,145.9508203469495,147.92135382889896,19530000
2021-11-10,144.6112060546875,146.76858990508995,143.2671365563009,146.20359249121142,29970000
2021-11-11,144.48532104492188,146.23878525750848,144.32077969235291,145.20197357813035,16518000
2021-11-12,147.37123107910156,147.5417315550425,144.1329471350042,145.32685883285086,22360000
2021-11-15,147.14718627929688,148.23504350133263,146.2778957051442,147.59174578945033,23508000
2021-11-16,146.57627868652344,147.45497691847146,146.01772444610071,146.84737335766715,18904000
2021-11-17,146.74578857421875,147.25378110564418,145.945889773805,146.72645923682148,19594000
2021-11-18,148.5215301513672,149.25701287000476,146.58470958501508,146.9385664922546,35608000
2021-11-19,147.61752319335938,149.6396012782101,147.59026853190187,148.65729911523493,33682000
2021-11-22,145.01609802246094,148.512589853607,144.86296070061218,148.0199641044775,30594000
2021-11-23,144.5006561279297,145.37094493190813,142.84831586173624,144.86839742509054,27218000
2021-11-24,144.83570861816406,144.96407174008007,143.1040693827115,144.19489123717437,18040000
2021-11-26,140.93331909179688,143.28694554808493,140.59581194677827,143.0797828608647,30470000
2021-11-29,144.2513885498047,145.0116454494308,142.6287680714975,142.73433830106399,32596000
2021-11-30,140.6503143310547,144.7167492078786,140.35691078730716,143.7339630400776,42068000
2021-12-01,139.811767578125,144.66771130937158,139.67349778643103,142.73435417388086,34020000
2021-12-02,141.70944213867188,142.60004356233455,138.98211518195825,140.0085210717419,29194000
2021-12-03,140.75340270996094,143.13082014038355,139.06784841754663,142.4181454494306,41230000
2021-12-06,141.8967742919922,142.5881383480877,138.91818113605103,141.7832787246902,30618000
2021-12-07,145.97512817382812,146.23433489507894,143.9510682210104,144.31682829453172,32240000
2021-12-08,146.88401794433594,147.0887152685384,145.11918035220566,146.2992073386308,24270000
2021-12-09,146.34085083007812,147.78950718555691,145.8219535305744,146.29376772137593,23270000
2021-12-10,146.70065307617188,147.66807257838894,145.41455669964134,147.3930152629516,24458000
2021-12-13,144.5447998046875,146.66945372410888,144.23851000057718,146.48260348264037,27070000
2021-12-14,142.64215087890625,143.21011265403155,139.9738104375734,142.7026193273764,38446000
2021-12-15,145.15390014648438,145.43143797020528,140.43276245717442,142.1485511948514,36370000
2021-12-16,143.17544555664062,146.37903341060957,142.34479835563232,145.8769849184342,33650000
2021-12-17,140.47935485839844,142.57031110994896,140.05808724892535,141.2475371685675,50416000
2021-12-20,140.3623809814453,140.52841967849685,138.09647759296158,138.7695105661895,27192000
2021-12-21,142.2114715576172,142.6044862116724,139.26757475967167,140.8049373737219,28756000
2021-12-22,145.12811279296875,145.2123723601168,141.81004635956177,141.81004635956177,26322000
2021-12-23,145.6251983642578,146.94053073802044,145.16477304721343,145.21235527070144,26384000
2021-12-27,146.60650634765625,147.0401610488901,145.87598451208166,145.96172629853862,15976000
2021-12-28,145.39772033691406,146.9955515001699,144.77078743444807,146.93310171719043,18200000
2021-12-29,145.3660125732422,146.12132376201117,144.3673755989165,145.35560679623677,17788000
2021-12-30,144.91551208496094,146.00535087821257,144.71132895620318,145.4046743627597,15688000
2021-12-31,143.578857421875,145.40912459334086,143.578857421875,144.76632590571236,18136000
2022-01-03,143.71713256835938,144.56907529374837,142.44986625187568,143.78006634339744,28646000
2022-01-04,143.13031005859375,145.19747465174785,142.4533145996278,144.11804191094802,28400000
2022-01-05,136.56405639648438,143.22945569243274,136.47783061916755,143.15065613098375,54618000
2022-01-06,136.53680419921875,138.71003866950787,135.3582591822802,135.79439434447366,37348000
2022-01-07,135.81271362304688,137.23163499485634,134.57320114440378,136.93128920152486,29760000
2022-01-10,137.45069885253906,137.59938954533916,131.9940937569273,133.89077354018556,44408000
2022-01-11,138.50779724121094,138.98358922014876,135.49106011440765,136.79400536234317,28730000
2022-01-12,140.18740844726562,141.35456438559447,139.45788494003665,139.90937157216942,26108000
2022-01-13,137.36892700195312,141.59445882785775,137.1924825382084,140.29596006685344,31436000
2022-01-14,138.2545623779297,139.50497974939202,135.79438276109653,135.87416542111617,29662000
2022-01-18,134.8026885986328,135.92622520287958,134.24811208025204,134.97813484766374,34872000
2022-01-19,133.92889404296875,136.74690778653292,133.82878383966874,135.32352491411075,28648000
2022-01-20,132.13583374023438,136.41638959519287,131.79584612438092,135.05247646638676,29908000
2022-01-21,129.205810546875,133.6801282847316,128.943140301046,131.42810942176132,55652000
2022-01-24,129.65432739257812,130.04982252537027,123.40573418952586,124.87074048240562,76622000
2022-01-25,125.8193359375,128.26168373746512,125.38866078931534,127.60847923176541,46960000
2022-01-26,128.0971221923828,131.8310108586025,126.0244974232128,129.96654697196033,49130000
2022-01-27,127.87115478515625,131.4865877278821,127.79928232197474,130.14994443376057,31950000
2022-01-28,132.17892456054688,132.18438456774498,127.35569637367115,128.51937364185733,34362000
2022-01-31,134.1142578125,134.2822778063018,131.04745809126456,132.98279614031355,39986000
2022-02-01,136.4342041015625,136.58189655421876,133.1874959638718,136.38513965543686,68644000
2022-02-02,146.69918823242188,150.21451067811546,144.24347030048295,149.92062310914736,123200000
2022-02-03,141.83233642578125,148.35946558582248,141.41156796467584,144.42485698358425,71518000
2022-02-04,142.03355407714844,143.6016501301799,139.27997087416557,142.18372697506842,57998000
2022-02-07,137.9775390625,142.98215841687698,137.6791745678362,142.98215841687698,54974000
2022-02-08,138.1737823486328,138.76949792204235,135.80975027534387,137.80455878303823,54284000
2022-02-09,140.34750366210938,141.27181794404441,138.95485380934457,139.72453341095786,40144000
2022-02-10,137.40162658691406,140.24095165966446,136.744459438641,138.475614665895,39330000
2022-02-11,133.10226440429688,137.93341878729322,132.22751362039665,137.38182183921865,39958000
2022-02-14,134.3348388671875,135.10203810058192,132.08528518005716,132.08528518005716,34302000
2022-02-15,135.40782165527344,136.8946378100411,134.62773623845976,136.36135685706915,26680000
2022-02-16,136.52737426757812,136.87230757588372,133.73809706927898,135.44546098409901,25022000
2022-02-17,131.37408447265625,135.90837156390384,131.31411513265346,135.04552392763165,38950000
2022-02-18,129.25686645507812,132.89164396954067,129.05218420049687,132.293931857016,45620000
2022-02-22,128.67254638671875,131.01873151195204,127.09650976671601,128.6968214918031,44990000
2022-02-23,126.46659088134766,130.89036178652327,126.40662154377361,130.49140310139634,32786000
2022-02-24,131.52476501464844,131.8310548816662,123.85527491184983,123.85527491184983,54456000
2022-02-25,133.27767944335938,134.0825389091861,130.593473502944,132.37815465015106,36406000
2022-02-28,133.86996459960938,134.55834913060832,131.42711758243306,131.88060076108007,38864000
2022-03-01,132.88319396972656,135.0579106140199,132.04761612674722,133.69301448970344,26496000
2022-03-02,133.38870239257812,134.07362324299785,131.90188646501582,133.44470905944584,23520000
2022-03-03,132.72259521484375,135.24026321678946,131.85626913556123,134.8145339533658,24604000
2022-03-04,130.74710083007812,132.67501249501674,129.19189132762278,131.75913799419806,30430000
2022-03-07,125.2677230834961,130.57714191731998,125.18495329978524,130.3323188037654,45112000
2022-03-08,125.98734283447266,130.09640705754634,124.56991120175218,125.1403534553541,40428000
2022-03-09,132.24732971191406,132.56006261647792,128.75876292905036,130.0964043089668,37026000
2022-03-10,131.26553344726562,132.10062719921083,129.76186860445603,130.1122619277312,27102000
2022-03-11,128.72903442382812,132.61953964393146,128.49213662745805,132.31523116771578,31526000
2022-03-14,124.84397888183594,129.26279649048794,124.17392551133625,129.10519737260148,38812000
2022-03-15,128.0624542236328,128.71319344700177,124.61551767245045,125.85998364963604,30920000
2022-03-16,132.10906982421875,132.16109871004574,127.60302044405091,129.58395977320907,35576000
2022-03-17,132.6626434326172,132.90202164574634,131.02317416057818,131.9787056808196,28264000
2022-03-18,134.9290771484375,135.04653539310593,131.09606040496163,132.25181262828625,44566000
2022-03-21,134.9052734375,135.84543842143734,132.9139283478914,134.96672499602926,26832000
2022-03-22,138.63865661621094,139.81027445788428,134.90526665885673,134.90526665885673,35496000
2022-03-23,137.06015014648438,138.3616132811459,136.6235310367747,137.48339904374487,25154000
2022-03-24,140.32769775390625,140.37428175630868,136.53978312219112,137.97653660408002,26396000
2022-03-25,140.42779541015625,140.78661319393285,138.50930604145182,140.6686558555551,24126000
2022-03-28,140.21218872070312,140.7543779854555,138.58262624126357,139.66205900281543,35050000
2022-03-29,141.25296020507812,142.52964906026023,140.79006955797232,141.39372554579415,34318000
2022-03-30,140.6909637451172,141.46608819585558,140.3554379628545,141.20787975036384,19884000
2022-03-31,137.84518432617188,140.8589569957828,137.80256299655076,140.80443254820148,37524000
2022-04-01,138.9186553955078,139.23633402944955,137.09185200361182,138.27387545627863,25942000
2022-04-04,141.7148895263672,142.4488900673313,139.07728210128434,139.12486433293225,25942000
2022-04-05,139.3553009033203,141.73370131663094,139.14863735319742,141.61327865957014,21418000
2022-04-06,135.34783935546875,138.13561937873442,134.3258953417317,137.53048114777272,32468000
2022-04-07,134.69415283203125,135.95893878121728,133.0477410449295,134.81457550647184,26234000
2022-04-08,132.1160125732422,134.4775643861143,131.79683653197742,134.39182259689332,25142000
2022-04-11,127.69123077392578,130.9314957081175,127.53759432830005,130.66486281779106,36884000
2022-04-12,126.59198760986328,130.44334266181815,125.67462307577014,130.44334266181815,32710000
2022-04-13,128.75234985351562,129.18848508298612,126.61827284064782,126.87499913365073,27928000
2022-04-14,125.61614990234375,129.3326989063027,125.48827832283405,129.3326989063027,31598000
2022-04-18,126.55430603027344,127.08559046617161,125.07294248805825,125.88375359295895,20808000
2022-04-19,128.86631774902344,129.18745998099084,125.88326290264443,126.56918205499946,26490000
2022-04-20,126.91461944580078,130.24410511069215,126.3793722886123,129.7415575029072,31696000
2022-04-21,123.71747589111328,128.9550302257485,123.43200519213937,128.11399236207833,36446000
2022-04-22,118.58397674560547,124.299795171918,117.87972655770695,123.90132807733043,56884000
2022-04-25,121.99227142333984,122.19398166489279,117.46938074819151,118.05419147063641,46128000
2022-04-26,117.6071548461914,121.43322887611035,117.46937661496328,121.21962308439458,73054000
2022-04-27,113.2899398803711,116.2115281359682,111.74563485499026,113.46339722510035,91820000
2022-04-28,117.48077392578125,118.59786733984906,113.11201138291597,115.39179910794181,48884000
2022-04-29,113.10655975341797,116.88356939125211,112.81415439821426,115.70848796251151,42676000
2022-05-02,115.55831909179688,115.71938932068893,111.61032511577044,112.4082500446914,35534000
2022-05-03,116.30272674560547,117.4009899974836,115.01464880494734,115.4071644067974,24968000
2022-05-04,121.18641662597656,121.7746984397327,114.10421172565688,116.0028802952593,49916000
2022-05-05,115.48149871826172,119.97515308141593,113.99468267182898,119.1474930563822,45840000
2022-05-06,114.72916412353516,116.53812813658617,113.01338323041298,114.17210723502704,39710000
2022-05-09,111.52210235595703,114.06555074428341,111.01609125808115,112.25460544901141,40802000
2022-05-10,113.38954162597656,115.22824075207245,111.90817806145773,114.4922665247754,39900000
2022-05-11,112.60400390625,115.34172863167639,112.24122348597561,112.24122348597561,37534000
2022-05-12,111.85218048095703,113.29042361789074,108.85921908657511,110.3985706744424,53836000
2022-05-13,115.03050231933594,116.83896736441086,112.60650078179894,113.52633818857002,35038000
2022-05-16,113.4391098022461,115.14894677053942,112.88849600182488,113.94512093552153,25990000
2022-05-17,115.44928741455078,115.87253633398905,113.86037975364924,115.81355766184248,23054000
2022-05-18,110.91598510742188,114.38572183997256,110.57500685562273,113.9892360282762,35126000
2022-05-19,109.41381072998047,112.01672963021842,109.03318313781098,110.4521046016662,34144000
2022-05-20,107.95076751708984,111.19748304933411,104.86661954709218,110.96702082393216,48962000
2022-05-23,110.50809478759766,111.1617983492407,107.78523742789535,108.6243014393132,37184000
2022-05-24,105.0385971069336,105.52280600519344,100.98900326705386,104.8423393279953,76780000
2022-05-25,104.87505340576172,105.56394457254443,102.94367769195411,104.0627524475445,40258000
2022-05-26,106.84508514404297,107.69454740943145,104.3001467738534,104.74817746889774,37948000
2022-05-27,111.32930755615234,111.33079733654694,108.17923875397253,108.5207160824911,37914000
2022-05-31,112.76211547851562,114.71777381462744,111.0934100457265,111.75553808376368,50012000
2022-06-01,112.89097595214844,116.0722700821291,112.25462032822502,113.84551695037166,36606000
2022-06-02,116.58868408203125,116.86324988341372,111.95378769453289,112.9980255582533,37992000
2022-06-03,113.53427124023438,115.29912428517936,112.5207591526129,115.04239803816901,26136000
2022-06-06,115.79373931884766,118.2980302082557,115.14300770312117,115.6787539707655,33542000
2022-06-07,116.11984252929688,116.65658702589174,114.0407818998257,114.46551304706918,31590000
2022-06-08,116.16395568847656,117.52836028330441,115.57517473426661,115.73525430628604,26108000
2022-06-09,113.82618713378906,117.25924660830835,113.76720845942926,115.30507039819871,25798000
2022-06-10,110.18446350097656,112.28335238911357,109.39595372206405,111.45668305650874,41452000
2022-06-13,105.4573745727539,107.8352832741632,105.18627992820018,105.84790876250072,47252000
2022-06-14,105.77755737304688,106.97593088273761,104.87010701985535,105.59864757225515,33706000
2022-06-15,108.79974365234375,110.44415871481102,106.72315615329451,107.59095701448112,39698000
2022-06-16,105.1015396118164,107.69355345483342,104.21391025532901,106.27860230897124,51684000
2022-06-17,106.20179748535156,107.74412127524249,104.12272916591733,105.1015528730424,51376000
2022-06-21,110.56360626220703,111.50079919576064,107.64548168742688,107.97208392269314,47416000
2022-06-22,110.50759887695312,112.3502530375987,109.41230779604143,109.58478201623927,30774000
2022-06-23,111.25548553466797,111.75159007631633,109.52929854675298,111.24507975665345,28362000
2022-06-24,116.93807983398438,117.0411696178319,111.95972504269348,112.00185482451673,41164000
2022-06-27,114.8154067993164,117.53726596134602,114.16714811318771,117.233464181198,36420000
2022-06-28,111.02304077148438,116.27844224563663,110.8649425315994,114.784683854193,35792000
2022-06-29,110.71971130371094,112.16588721301933,109.89799535294098,110.57152731476076,24716000
2022-06-30,108.00530242919922,109.91338628953312,105.81175541755432,109.03319059420119,43170000
2022-07-01,107.78177642822266,108.28976888662308,105.79241280402681,106.98434306481707,35476000
2022-07-05,112.26750183105469,112.38049828174634,104.80219643466671,106.15916719622534,39342000
2022-07-06,113.56498718261719,114.57354585155757,110.49619829116553,112.30615296257244,37432000
2022-07-07,117.73897552490234,118.14190442135235,113.82419547258564,114.06852703009027,40936000
2022-07-08,118.30447387695312,118.63305746114801,115.87402164356276,116.21946167906191,38238000
2022-07-11,114.65978240966797,116.96088070050413,114.31682284364507,116.96088070050413,31196000
2022-07-12,113.01834869384766,115.94588857717979,112.69075577017246,115.19355693473877,29960000
2022-07-13,110.3747787475586,113.19229389367698,110.22411430080437,110.71922052622219,43722000
2022-07-14,109.39744567871094,110.11657102778943,107.42047675216378,109.241827899975,37004000
2022-07-15,110.7950439453125,112.14607058469424,109.9252617490399,111.01609105740265,46770000
2022-07-18,108.07170104980469,112.68083230186653,107.41750592240679,111.6499722698316,43164600
2022-07-19,112.80968475341797,113.01783808815178,108.59703937527189,109.87570205635436,36530900
2022-07-20,112.8989028930664,114.38571897797333,111.49138548098223,112.1753157376498,35600400
2022-07-21,113.33503723144531,113.54319815061008,110.13343063915318,113.27556700444859,32676200
2022-07-22,106.95162963867188,111.35259974077154,105.56393322929357,110.02438111222146,48901200
2022-07-25,106.56505584716797,108.9043135147735,105.3656919047465,107.45714691741362,34690900
2022-07-26,104.0969467163086,106.25778639316266,103.1552995551691,105.66306147231995,47991000
2022-07-27,112.06627655029297,112.90881167432437,107.06066717650027,108.29968052085549,59858500
2022-07-28,113.21611022949219,113.33505069761782,110.4803660275173,111.38237157661146,32816600
2022-07-29,115.2976303100586,115.68420188473884,112.06628125487264,112.08610970412361,37223400
2022-08-01,113.8504638671875,115.69411641077537,113.33503005804593,114.28659900379381,26034300
2022-08-02,114.11808776855469,115.32736606008014,112.72048458212805,112.9980223744773,20236000
2022-08-03,117.04216003417969,117.57741471400418,114.46501375387983,114.69298797756183,28499000
2022-08-04,117.15118408203125,117.73599471034319,115.86260726776825,116.44742545841699,21602900
2022-08-05,116.4375228881836,117.07189713527843,114.98044193983411,115.20842372972953,19159500
2022-08-08,116.2690200805664,119.09396911037126,115.85270583222336,117.34943613172396,19138300
2022-08-09,115.60490417480469,116.28884199524232,114.69299212244628,116.11042376218631,19086500
2022-08-10,118.64791870117188,119.85719697468683,117.36926354294056,117.73600666493809,30930400
2022-08-11,117.79547882080078,120.42218875210386,117.51794102802992,120.21403540752571,24293700
2022-08-12,120.61051940917969,120.61051940917969,118.41003042457679,119.20300201694565,19096300
2022-08-15,121.00699615478516,121.22506370449337,119.54991531113217,120.06534151398492,19494800
2022-08-16,120.63034057617188,121.35392772306473,119.57965964182924,120.45192234559127,19041200
2022-08-17,118.49925231933594,120.22395696701935,118.3307407385834,119.06424216404282,22847000
2022-08-18,119.11378479003906,119.75807324012199,117.67653233875487,118.38029100928513,17987700
2022-08-19,116.17980194091797,118.10275306426914,115.73376016351709,118.0135401713866,21809500
2022-08-22,113.23591613769531,114.61369850167412,112.84934454275668,114.18747756849332,21456600
2022-08-23,112.8592529296875,113.99914676758455,112.43303201855512,112.48259557937843,15870400
2022-08-24,112.69075012207031,113.77116618601146,111.8779576273456,112.5024176637424,17734600
2022-08-25,115.6247329711914,115.69411741968042,113.10705681377382,113.23591148601406,16956800
2022-08-26,109.37018585205078,114.10817938697578,109.2215102957735,113.71169359144874,37245700
2022-08-29,108.4582748413086,109.97482602837435,107.8437290366526,109.02326464751619,21191200
2022-08-30,107.98250579833984,109.52879220958579,106.8525261036081,109.2016908341797,27513300
2022-08-31,107.26883697509766,109.87571872929853,107.17962406819578,109.67747958870974,28627000
2022-09-01,108.77546691894531,109.47922565257869,106.41638802751207,107.32830011371269,28360900
2022-09-02,106.90206909179688,109.76666731895013,106.31725842726799,109.61798420619859,24160700
2022-09-06,105.87122344970703,107.08050183935515,104.85027753257934,106.3569221880662,25068300
2022-09-07,108.48800659179688,109.01335460790509,105.96042387910643,106.11901365650074,23167000
2022-09-08,107.42741394042969,108.63669221562516,106.21814322757177,107.09040592922442,24238300
2022-09-09,109.67748260498047,110.01449066571722,108.06180407162871,108.1113676393082,23197700
2022-09-12,109.88561248779297,110.63893469392616,108.96378628731095,110.01446714894143,22966800
2022-09-13,103.4030990600586,107.34812094062124,103.17511727352941,106.85251559475012,38172900
2022-09-14,104.0771255493164,104.35466334080722,102.74890681508529,103.65090463743046,26395100
2022-09-15,102.00550079345703,104.34475118044541,101.45041763715635,103.11565198138281,34188300
2022-09-16,101.89646911621094,102.22356291951621,100.05281649828837,101.17288193424302,42797200
2022-09-19,102.1640853881836,102.42180228471612,100.65744846869414,100.85568758151153,23036800
2022-09-20,100.25104522705078,101.4702376623831,99.63649189737326,101.18278566442122,26517100
2022-09-21,98.40740966796875,101.97576713173589,98.39749544224667,100.77640293887092,31487300
2022-09-22,99.25983428955078,100.35016449651606,97.92170141907806,97.95143652872501,34298600
2022-09-23,97.87213897705078,98.78405853652902,96.61330475951237,98.75431586420589,31625400
2022-09-26,97.30714416503906,99.0021134075617,96.940401077741,97.23775972454996,27072700
2022-09-27,96.64305114746094,99.12107809995993,96.01859107787291,98.55608825728369,30072800
2022-09-28,99.17062377929688,99.8149046208851,96.25646218875616,96.79171682144752,32466300
2022-09-29,96.56375122070312,97.77302956785141,95.11658440664736,97.77302956785141,31047200
2022-09-30,94.8093032836914,98.03073800147999,94.72009038986029,96.19699975151396,32941500
2022-10-03,97.77303314208984,98.4173216774245,95.67166351429726,95.90955955223941,27982000
2022-10-04,100.74665832519531,100.94489744691543,99.49773068381286,99.5572084701991,28850800
2022-10-05,100.53850555419922,101.03411092367425,97.93162403320214,98.95256988434666,22176900
2022-10-06,100.52859497070312,102.0253253581869,99.7058882126134,99.79510111476603,22324000
2022-10-07,97.81266784667969,99.64640604800172,97.43601051980215,98.97238249935859,27502800
2022-10-10,96.9998779296875,98.22897705771258,96.15735036259238,98.12985750199623,18225100
2022-10-11,96.32586669921875,98.37767277088885,95.46351057314297,96.57366940141243,26507100
2022-10-12,96.70252227783203,97.88206553818982,95.88972973231223,96.44481291724789,21876400
2022-10-13,98.18932342529297,98.90299629495368,93.55045733483536,94.31369376135358,34574500
2022-10-14,95.7113037109375,99.80500878199092,95.52297881847961,99.11115674778205,25410700
2022-10-17,99.09133911132812,100.04290051639435,97.96135947016587,97.99109458245891,28419200
2022-10-18,99.88430786132812,102.56058152852803,99.09134376768007,102.22356592791553,24060700
2022-10-19,98.75432586669922,100.13210822606936,98.05056713051532,99.13099079757089,23811100
2022-10-20,99.09133911132812,101.42068284311566,98.51643506587006,99.12107422362116,25323200
2022-10-21,100.24113464355469,100.41955287075776,96.86111011341654,96.98996478104308,32458700
2022-10-24,101.61891174316406,101.8468935183707,99.1012433660337,100.90524643291671,27176400
2022-10-25,103.56169128417969,103.89869927280016,101.81715843544772,101.99557665364006,40611400
2022-10-26,94.09563446044922,97.44592398970775,93.85774600381856,95.58245054848182,88114100
2022-10-27,91.40945434570312,94.59123986812598,90.993147655817,93.68923447770169,60710900
2022-10-28,95.44369506835938,95.7014120106333,91.32025424133163,91.45902315740095,43697300
2022-10-31,93.6793212890625,95.18595815992897,93.1539808509468,94.58131905431053,31675000
2022-11-01,89.67483520507812,95.18596439796062,89.57571564537245,94.61106036439496,47161400
2022-11-02,86.20560455322266,90.3786011169974,86.11639164873716,90.14071264226654,57038300
2022-11-03,82.69670104980469,85.75953818830197,82.6074881629696,85.56129909230341,61288000
2022-11-04,85.81901550292969,85.87848571894034,82.97423836047841,84.64938669325439,51124900
2022-11-07,87.71224212646484,88.11864218694443,86.08665700922309,86.51287795839856,34078900
2022-11-08,88.11863708496094,89.52615453336252,86.8201458615817,88.11863708496094,30429000
2022-11-09,86.55252075195312,88.6538902246859,86.51287141522182,87.67258615584599,31769100
2022-11-10,93.11434173583984,93.56038355540274,90.80481883714413,91.43919312210994,51620100
2022-11-11,95.56262969970703,96.07805594966968,93.09450954770053,93.85774604143894,33090500
2022-11-14,94.8588638305664,95.93928745861939,93.67932820432442,94.25422468031444,30179500
2022-11-15,97.57478332519531,99.25983848330503,95.85998549384487,97.39636509743826,41640800
2022-11-16,97.98118591308594,98.7642433513322,96.78182175445707,97.03953867950554,29105200
2022-11-17,97.49549102783203,98.4074031127186,95.93929043602027,96.11770867544051,26052600
2022-11-18,96.57366943359375,98.03075053295224,95.52298839589072,97.90188828787205,28342300
2022-11-21,94.7597427368164,97.53513576068444,94.52185428293382,96.43489126326328,21647400
2022-11-22,96.19701385498047,96.36551788073132,93.22338137182606,95.10667589461974,23438500
2022-11-23,97.59461212158203,97.8919783793907,96.23665063568495,96.23665063568495,18868100
2022-11-25,96.60340118408203,97.77303020059202,96.5439309575548,97.37654437828832,9701400
2022-11-28,95.20580291748047,96.72235427216631,94.76966773383909,96.18709951833512,26237500
2022-11-29,94.35335540771484,95.27518172427101,93.28284596351969,94.88861012981242,20061700
2022-11-30,100.10237121582031,100.15193477810236,93.59011691093076,93.98660272217356,43647500
2022-12-01,100.10237121582031,101.35129887441687,99.36887738054075,100.1321063282544,28687100
2022-12-02,99.55720520019531,99.88429898405619,98.03073981360708,98.17942293118247,21480700
2022-12-05,98.60564422607422,100.48893851504042,98.1298597604134,98.52634555474117,24405100
2022-12-06,96.12761688232422,98.9030023011365,95.57253374869178,98.42722540069438,24910700
2022-12-07,94.10554504394531,96.02848863434032,93.88747748283083,95.56262596381266,31045400
2022-12-08,92.8863525390625,94.73991924555087,92.62863564307744,94.54167257081721,32213300
2022-12-09,92.01408386230469,93.43151535436729,91.93478519757772,92.94581670466732,28225400
2022-12-12,92.48986053466797,92.73766318967445,90.80480550555872,91.89513567511982,29420000
2022-12-13,94.78947448730469,98.65519764693319,94.19474959251662,96.90075807295776,40593700
2022-12-14,94.23440551757812,96.01858788905928,92.77732450792483,94.36326019238705,28733600
2022-12-15,90.0614013671875,92.81696579796765,89.21887381683445,92.31144624282094,40107000
2022-12-16,89.4666748046875,90.52726989079738,88.73317348357445,89.96228012646478,58011800
2022-12-19,87.66266632080078,89.76402791543508,87.43468455943786,89.46666927813943,29493000
2022-12-20,88.23757934570312,88.39617669869548,86.6714720777627,87.33558147815765,23453800
2022-12-21,88.79265594482422,89.42703018514993,87.54372835066033,88.29705059692365,24745600
2022-12-22,86.9886474609375,87.76179054640475,85.56130172632905,87.3851332274773,27658300
2022-12-23,88.44573211669922,88.76291923113465,86.30471342250716,86.34436275710375,23003000
2022-12-27,86.62191009521484,88.15828984043061,86.24525271849105,88.01952093519877,20097300
2022-12-28,85.26394653320312,87.26619651001516,85.18465541951453,86.21551552084601,19523200
2022-12-29,87.6725845336914,88.06907033133078,85.84876045182291,85.85867467640674,23333500
2022-12-30,87.45452880859375,87.52391325940049,85.80911531469404,86.21551535680346,23986300
2023-01-03,88.33670806884766,90.24974519044535,87.74197554671677,88.80257078642089,28131200
2023-01-04,87.30584716796875,89.85325856571626,86.50296129515269,89.55589230728985,34854800
2023-01-05,85.4423599243164,86.80032131544093,85.14500124959856,86.70120175720164,27194400
2023-01-06,86.57234191894531,86.91927172588105,84.11414353236154,86.02718055238785,41381500
2023-01-09,87.24635314941406,89.25851700743456,87.08776338680192,87.58336868376195,29003900
2023-01-10,87.6428451538086,87.89064781997227,85.07561316227476,85.2242962744404,30467800
2023-01-11,90.7155990600586,90.7948977302534,88.22766567198052,88.3961696743914,26862000
2023-01-12,90.32904052734375,91.06254198896006,88.96117229966266,90.6759703689124,30258100
2023-01-13,91.31034088134766,91.37972533429402,89.33782596038705,90.05149894060011,26329200
2023-01-17,90.48761749267578,91.43917877077745,89.25851845375324,91.25084633493321,32602400
2023-01-18,90.31912994384766,91.9843643742161,89.84334543702602,91.33016162262862,29116700
2023-01-19,92.23217010498047,92.78724574591155,89.83343416594599,89.92264707243187,37000400
2023-01-20,97.1584701538086,97.43601550407813,94.18483803338714,94.26413670489272,63191100
2023-01-23,98.91290283203125,99.16070547238738,96.64302973888877,97.08907146659523,40005100
2023-01-24,96.84129333496094,98.73450961634089,96.34568792882023,97.23777917234118,33078500
2023-01-25,94.3830795288086,95.31481996198589,92.93591288382635,94.73000174467127,42330000
2023-01-26,96.6628646850586,96.71242824527482,94.54167438000948,95.65183309275027,30114000
2023-01-27,98.49661254882812,99.43825971343786,96.45471331121503,96.45471331121503,33879800
2023-01-30,96.08796691894531,97.42609984090785,95.5527122376928,96.62322160019781,27226200
2023-01-31,97.97126770019531,98.01091703799966,95.96902529627194,96.01858885911187,29870700
2023-02-01,99.54730224609375,100.30062458138316,96.7223529416814,97.8424184378622,35531100
2023-02-02,106.79304504394531,106.9020788324088,104.68176884997912,104.87010131411388,69883800
2023-02-03,103.85906219482422,106.86242958684039,101.67840154834732,102.0253238017862,65309300
2023-02-06,101.99559020996094,103.44275703327085,100.98455098504732,101.49998482270392,31999600
2023-02-07,106.69391632080078,107.229170992123,102.21364740273903,102.31276695764967,49010200
2023-02-08,98.49661254882812,102.23347365780366,97.17830046850436,101.15305759656383,94743500
2023-02-09,94.1749267578125,99.15080093480049,92.80705120953134,99.12106582502693,119455000
2023-02-10,93.73880767822266,95.89964758522038,93.42162051583485,94.61107048420452,54980700
2023-02-13,93.7784423828125,94.36325304999363,93.01520592965052,93.90729704786835,50076100
2023-02-14,93.84783172607422,94.01633573432831,91.44910358703162,93.6000290448755,54726100
2023-02-15,96.08796691894531,96.26638514602948,93.32248818030943,93.6594961857254,50169000
2023-02-16,94.6705322265625,96.82145754317696,93.90729578367531,94.53176333918978,42462600
2023-02-17,93.52073669433594,94.72010084493942,92.39075699666527,94.01634209023845,34284100
2023-02-21,90.98323822021484,92.28172191944829,90.91385376824827,92.18260235411577,33629300
2023-02-22,90.84446716308594,91.30042320267887,89.81360707091751,90.89402316340856,30884000
2023-02-23,90.09114837646484,91.13192273411576,88.97108290274596,91.11209428334512,41206400
2023-02-24,88.34661102294922,89.09993330697509,87.80144965033324,88.6538914964404,36585100
2023-02-27,89.08010864257812,89.36756065406263,88.55476061737971,89.08010864257812,27502300
2023-02-28,89.2684326171875,90.42815487570596,88.534938821612,88.54485304599933,30142000
2023-03-01,89.56580352783203,90.22991291205538,88.88186569379845,89.18914616715412,31111200
2023-03-02,91.19139099121094,91.46892879729705,88.80256940162761,88.87196141548718,32204400
2023-03-03,92.8268814086914,92.90618007780824,91.63742405895086,91.66716673162266,35160100
2023-03-06,94.29386138916016,95.12648222322294,93.17379613676579,93.19361702128163,32639300
2023-03-07,93.03504180908203,94.8291308506661,92.70794044588578,94.14520057401873,27835500
2023-03-08,93.4216079711914,95.11657735157019,93.17380529752776,93.2927533033278,34103300
2023-03-09,91.50856018066406,94.69034522585847,91.0922535532188,93.2233578065742,28813500
2023-03-10,89.83343505859375,91.97445408746843,89.60546080194823,91.35990064866066,35941000
2023-03-13,90.30921936035156,91.75638626521682,88.63407063707139,89.29818007846065,37335600
2023-03-14,93.1440658569336,93.5306374048924,91.62751477458181,91.74645521251553,36050200
2023-03-15,95.2652587890625,96.07805124185921,91.82575652926289,92.40066053699009,50622100
2023-03-16,99.4382553100586,100.30061132579071,94.66062012558537,95.35446457801073,65492000
2023-03-17,100.72683715820312,101.93610789707766,99.22019261289883,99.37878995970463,61028500
2023-03-20,100.3303451538086,100.85568559854943,98.9922122627572,99.2400149300755,32960400
2023-03-21,103.99781799316406,104.17623620992997,100.33034166916575,100.36007677823723,42110300
2023-03-22,102.4614486694336,105.65314064298035,102.42179933554432,103.35353221376229,43427400
2023-03-23,104.6718521118164,105.36570416377398,103.541872478814,104.13659740739351,40797800
2023-03-24,104.51325225830078,104.56280825287806,102.92730918508741,104.06720293308314,30393300
2023-03-27,101.55944061279297,103.83922809504408,101.03410018695052,103.70045921132483,31120900
2023-03-28,100.14201354980469,101.54953089706174,98.86335086819658,101.53962423516843,32057900
2023-03-29,100.49886322021484,101.58919359656976,99.76536933973438,101.38104023436605,28779600
2023-03-30,100.00325012207031,100.27088125455408,98.90300560483199,100.0230785716146,33086200
2023-03-31,102.81828308105469,102.97687285114189,100.15192403778421,100.40964092180509,36863400
2023-04-03,103.4427490234375,103.61125302709605,101.03410672538214,101.49006273887221,25035400
2023-04-04,103.79959106445312,104.6520329153803,103.12556745121624,103.41301947651381,24420100
2023-04-05,103.55178833007812,105.16745913119128,102.74891004200208,104.85027199347772,28290500
2023-04-06,107.46707153320312,108.2104796222192,103.41302305102441,104.33484938389788,48711500
2023-04-10,105.50447845458984,106.64436480832546,104.19608051990066,106.03973318637243,27067400
2023-04-11,104.42404174804688,105.79191730174914,103.75993241934815,105.6134990800635,26311800
2023-04-12,103.72029876708984,105.81175418548557,103.4229324985419,105.64325016239964,24370300
2023-04-13,106.48577117919922,106.54524140425345,104.90974215422128,104.90974215422128,24843600
2023-04-14,107.9131088256836,107.98249327038609,105.90094480463668,105.95050836328302,26578000
2023-04-17,105.0385971069336,105.22692955632782,103.60133708165166,103.7401135343835,37571200
2023-04-18,103.58152770996094,105.6035986320666,103.15530676712977,105.55403506755718,26596400
2023-04-19,103.26432800292969,104.05729956463124,102.16408355317898,102.66960311282216,20905700
2023-04-20,104.36457824707031,105.31613963654112,102.95706083112417,102.99671016764434,27820800
2023-04-21,104.48352813720703,105.0683388461455,103.85906052869694,104.54299836188882,25800100
2023-04-24,105.0385971069336,105.69279222417367,103.77975530677848,104.56281265248298,23542800
2023-04-25,102.93722534179688,105.75226754350551,102.92731111776044,104.89982577246494,46664100
2023-04-26,102.79845428466797,105.41524976209612,101.72794498144636,103.99781824829445,53347600
2023-04-27,106.64434814453125,107.41749878896674,102.62994962694194,103.53194736861123,50089200
2023-04-28,106.39655303955078,106.40646726401752,104.16632896179492,106.09919436658583,36139800
2023-05-01,106.25778198242188,107.040839327923,105.88112464606859,105.90094553226093,26681700
2023-05-02,104.39430236816406,106.25777561439764,102.79845266234385,106.1983053970473,30997200
2023-05-03,104.48352813720703,106.54524073699993,104.03747876508014,104.60246858657061,21795400
2023-05-04,103.76985931396484,104.67185719426804,103.05618634008118,104.56282340312815,23419500
2023-05-05,104.6421127319336,104.94938562732777,103.19494602522195,103.89870471094449,26639300
2023-05-08,106.82276153564453,107.01109396694962,104.23570886329561,104.25552974758932,26511400
2023-05-09,106.4064712524414,109.18186434483572,106.24788146671654,107.43733132783537,36360100
2023-05-10,110.76780700683594,111.94735027992186,106.98138204967745,107.02103138919628,63153400
2023-05-11,115.5454330444336,116.88356600068316,113.40442182690181,114.38571831983981,78900000
2023-05-12,116.47716522216797,116.99259143107231,115.08946880418954,115.65445857036839,41102300
2023-05-15,115.48597717285156,117.43866373909671,114.99037175247821,115.08949132408517,36266800
2023-05-16,118.4595947265625,119.68869389632489,115.40666390786913,115.46613413085095,45035600
2023-05-17,119.77789306640625,120.60059973288946,117.84503529559602,118.55870818399895,33323600
2023-05-18,121.75041198730469,122.22618888797108,119.7679905890739,119.88693103307176,35234200
2023-05-19,121.68102264404297,124.8628079526781,121.07638353692812,122.464079972312,41353400
2023-05-22,123.95089721679688,125.31876521794419,121.66119542840033,121.85944209965614,35253000
2023-05-23,121.48279571533203,123.53460181084787,121.13587344069667,123.06873907767378,34046300
2023-05-24,119.83736419677734,120.83848902979123,118.8065042554534,120.05543174083351,34182600
2023-05-25,122.39470672607422,124.21853087598284,120.88806215130478,123.42555925112126,42317000
2023-05-26,123.5147705078125,124.15905899914881,121.37375168657263,122.08742462698592,35635900
2023-05-30,122.58302307128906,124.55553777083063,120.92770304942592,124.53570932230704,35076700
2023-05-31,121.79006958007812,122.96960524960811,121.42331887409836,121.67112156567815,37325800
2023-06-01,122.6325912475586,123.32643572526102,121.54226097016722,121.74050008884288,30772700
2023-06-02,123.57422637939453,125.04122142678463,122.67222864615749,122.90020285421588,26980100
2023-06-05,124.9024658203125,126.30998323761919,122.75153279545627,122.92004436641427,32305500
2023-06-06,126.1910400390625,127.16242235359813,124.25818207275529,124.90247058230369,26638300
2023-06-07,121.4233169555664,127.90582861001033,121.04665959275812,125.85403022098032,52539000
2023-06-08,121.06646728515625,122.1468908180321,120.1743761943269,121.15568017540772,29389200
2023-06-09,121.15568542480469,122.67223656375475,120.83849830791537,121.17550631108766,23778300
2023-06-12,122.55329132080078,122.95969134096524,120.59069835405128,121.7107637315462,28306400
2023-06-13,122.74162292480469,124.05993497214953,122.09733445666087,123.88151674346875,22278300
2023-06-14,122.58302307128906,122.95968796986351,120.38253415008784,122.01803328576474,30592300
2023-06-15,123.99054718017578,124.35729787447553,121.32419544608322,122.05768927234496,35246300
2023-06-16,122.44424438476562,125.00156955141776,122.19644173440794,124.82315134066675,45535600
2023-06-20,122.0180435180664,123.47512455090713,121.06648209224629,121.8495395031722,26097500
2023-06-21,119.49044799804688,121.58190309406054,119.0443986639801,121.3241862052,30306300
2023-06-22,122.06759643554688,122.1568017665919,117.78556661162784,118.94528128923695,26952200
2023-06-23,121.26470947265625,121.71075881058304,119.99596102780514,120.31314813901791,34913600
2023-06-26,117.29988098144531,120.92771609419343,117.23049652880282,119.69861683495303,33969900
2023-06-27,117.28996276855469,118.03337078609204,115.07955960231514,116.05094940599243,39535900
2023-06-28,119.12371063232422,119.33186398652833,115.82297695350607,116.06086542083392,27091400
2023-06-29,118.05319213867188,119.00475349739705,117.26022812090297,118.19196103083988,24090900
2023-06-30,118.64791870117188,120.01579431786013,118.63801203897671,119.1137889438215,29532200
2023-07-03,118.8461685180664,119.13362053840451,117.77565911039436,118.19196580370979,14467900
2023-07-05,120.67991638183594,121.53235828529019,118.18206846259355,118.19197512583165,27584800
2023-07-06,119.05431365966797,119.24264610609485,117.35934432883768,118.74704077325545,24745200
2023-07-07,118.42985534667969,119.98605581142945,118.35055667733691,119.04440112824291,21709500
2023-07-10,115.42648315429688,117.27013566390707,115.11921025680768,117.26022900177597,35315200
2023-07-11,116.11042785644531,116.67541768732227,114.33615968802944,115.2679002226587,23078800
2023-07-12,117.88469696044922,119.27239354834892,117.36927068843174,117.75584228302935,30404400
2023-07-13,123.44538116455078,123.73283317428397,119.3913254796749,119.86710994186647,44297900
2023-07-14,124.31764221191406,125.6656893475704,122.40460528869126,123.70309642753425,33283100
2023-07-17,123.5544204711914,125.98288376353565,123.10837110000271,124.83308323552517,25716200
2023-07-18,122.6722412109375,123.58415326124799,121.87926960750545,123.50485458843724,26193600
2023-07-19,120.95743560791016,124.07975069881186,120.72946139106028,123.50484670115512,37224000
2023-07-20,118.1523208618164,122.9993409263446,117.18093854128094,120.35280998310415,37906800
2023-07-21,118.9651107788086,119.92658641540363,117.68645556733492,119.55984327813516,72937900
2023-07-24,120.46183776855469,121.9189187390688,119.91667640915657,120.59070000224004,29686100
2023-07-25,121.13585662841797,122.067597090128,119.95631349602652,120.29332906056865,52509600
2023-07-26,128.13380432128906,129.8287660545172,127.19215723342076,128.92677586226864,61682100
2023-07-27,128.26268005371094,132.0689412751873,127.65804082026027,130.51273295519817,44952100
2023-07-28,131.4147186279297,132.56452668916148,129.4223905323537,129.63053631303129,36591200
2023-07-31,131.55349731445312,132.35637563474472,130.62175675151056,131.56340397747383,28055500
2023-08-01,130.3937530517578,131.46426227856932,129.53138957410042,129.63051668062243,23166800
2023-08-02,127.25162506103516,128.94658676241383,126.43882508751874,128.3122125664853,26273300
2023-08-03,127.32099151611328,128.25273184862286,126.30004586445004,126.84521468928784,20089500
2023-08-04,126.98401641845703,130.35412709457032,126.78577728304035,128.143731241555,26147200
2023-08-07,130.3739471435547,130.45324581754625,127.8860136363558,128.02478253467217,22746300
2023-08-08,130.2450714111328,130.35410518598817,128.4014190247344,129.47192832567612,23535200
2023-08-09,128.5203857421875,130.87945697389134,127.86618303626592,130.50280718461022,24912900
2023-08-10,128.55010986328125,130.88936757032903,128.31221386564667,130.16578804061726,20857800
2023-08-11,128.42127990722656,128.7880230949698,127.04349738134943,127.52919616013523,19591100
2023-08-14,130.17572021484375,130.2153619932151,127.82655538590826,128.2527687832776,24695600
2023-08-15,128.63934326171875,130.26492845526437,128.14373783533682,129.94774884721215,19770700
2023-08-16,127.5688247680664,129.13493962042415,126.7461255654186,127.5688247680664,25216100
2023-08-17,128.7781219482422,130.82993582900713,128.15365422371747,128.65918147678167,33446300
2023-08-18,126.33970642089844,128.11397436209768,125.2691971219061,127.38047304852682,30504800
2023-08-21,127.24170684814453,127.59854328866702,125.44761798387218,126.06217131195805,25248700
2023-08-22,127.94548797607422,129.13493787485558,127.19217323593709,127.38049057746434,22054900
2023-08-23,131.20657348632812,132.23744122531156,128.72854639699096,129.03581933612043,27819700
2023-08-24,128.63934326171875,133.07005698354735,128.43119745245764,132.77269070278274,28500700
2023-08-25,128.7384490966797,129.61070421801392,126.13156014533209,128.40142596774677,26762900
2023-08-28,129.85850524902344,131.3750563736932,128.99615680059247,130.15587147682967,20543300
2023-08-29,133.38723754882812,135.36965904379704,131.07771469222826,131.07771469222826,43075600
2023-08-30,134.68569946289062,135.08217764800216,132.89161071955,133.59536176682397,28315800
2023-08-31,134.97317504882812,136.78709265772878,134.59651009871462,134.81457768828804,30053800
2023-09-01,134.46766662597656,136.25184916877205,133.66478826288787,136.25184916877205,21543700
2023-09-05,134.57666015625,135.22094096171622,133.39711718576547,134.2495588608883,19403100
2023-09-06,133.27816772460938,135.32996555228638,132.49510297601068,134.82445365263763,18684500
2023-09-07,134.0711669921875,134.38836170715467,131.78147247047056,132.4158467757284,18844300
2023-09-08,135.18133544921875,135.4588732667458,133.66478411606147,133.72425434486345,23558300
2023-09-11,135.716552734375,136.27162824714438,134.5964799231039,135.3398878687072,20763400
2023-09-12,134.15048217773438,135.66703367417148,134.00180658972224,135.06239440845826,18405500
2023-09-13,135.5084228515625,135.69674018178068,132.9709107286248,133.90265121619703,20749500
2023-09-14,136.88619995117188,137.48091727999335,135.04254749494362,136.3905946148167,24751000
2023-09-15,136.19235229492188,137.30251863025583,135.28044021121335,136.76725635034862,38919600
2023-09-18,136.99525451660156,137.9369017736187,135.40931114975817,135.40931114975817,21861300
2023-09-19,136.8267364501953,137.1934947424291,135.4192188852002,136.21219057489975,20353700
2023-09-20,132.5645294189453,136.86638038785247,132.44557384571905,136.86638038785247,29927500
2023-09-21,129.29351806640625,131.06777845392287,128.92677497016894,130.28472870460357,31503900
2023-09-22,129.10519409179688,130.86954793351885,128.4609131845869,129.61070610554586,26397300
2023-09-25,129.9576416015625,130.0171118264149,127.82654454608127,128.6888930557924,20094600
2023-09-26,127.4399642944336,129.2142247554818,126.10182382754034,128.62941408463055,25718700
2023-09-27,129.39263916015625,129.7494756200031,127.43996798020761,127.43996798020761,22746500
2023-09-28,131.14707946777344,132.12838346203904,128.64922437989011,128.6987879376221,22513100
2023-09-29,129.70982360839844,132.87178793711044,129.21421829354512,132.10855151732764,30859800
2023-10-02,132.99073791503906,133.2385405902459,130.01710581255713,130.05676271040824,22288000
2023-10-03,131.26602172851562,133.0799390690274,130.68121106331455,132.76275951955418,22989400
2023-10-04,134.0513458251953,134.37844718411898,131.36515806688755,131.6228674142173,26752300
2023-10-05,133.88282775878906,134.2991344106199,132.27705624495698,133.88282775878906,19832600
2023-10-06,136.37075805664062,136.94566202758472,132.83212890565903,132.83212890565903,27597600
2023-10-09,137.203369140625,137.71880288642004,134.41806978059012,135.73638169070284,19278100
2023-10-10,136.8465576171875,138.4919711389079,136.12297798401696,137.28269277954,27786600
2023-10-11,139.31468200683594,139.86975763903897,137.36199550625815,137.36199550625815,25884300
2023-10-12,137.74856567382812,139.97878996715525,137.04479935307614,139.8102859466206,24765500
2023-10-13,136.1527099609375,138.7695057500951,135.4192085570894,138.15495992166953,23420500
2023-10-16,137.8773956298828,138.40273601931523,136.77715129783755,136.95556193967968,28501900
2023-10-17,138.49197387695312,138.67038456071032,135.97428998075208,137.41155773728624,23515800
2023-10-18,136.74745178222656,139.4831882085486,136.172547689983,138.22434622855528,23375000
2023-10-19,136.53927612304688,138.4324922204464,136.17253299803895,137.28268416001447,26066000
2023-10-20,134.40817260742188,136.65820993362706,133.89273882524216,136.1229628278564,26335700
2023-10-23,135.30026245117188,136.4500705092504,132.77267210572043,133.8530881539799,26317900
2023-10-24,137.58995056152344,138.135119454478,136.21216833642438,136.61856834068817,44814300
2023-10-25,124.5059814453125,127.18224741384032,123.97072673913938,127.03357185296261,84366200
2023-10-26,121.20523834228516,123.23722322101568,120.20411345783874,122.18653477861498,57061100
2023-10-27,121.09620666503906,122.22618623249376,119.15343464446192,121.79996533864069,44566500
2023-10-30,123.3660888671875,124.29782939084916,121.6711193945083,122.12707543139821,28940100
2023-10-31,122.98943328857422,124.26809608033074,121.61165093298484,123.96081560140948,26292300
2023-11-01,125.33859252929688,125.37824186558063,122.63259149838505,122.97951373794584,30082400
2023-11-02,126.36946105957031,127.8463630140724,125.81438543905156,127.29128739355363,27124600
2023-11-03,127.96529388427734,128.39150718035043,126.7361873014037,126.89478462654999,26393100
2023-11-06,129.10519409179688,129.19439942516289,127.53907936577991,127.91574427289191,19052700
2023-11-07,129.8188934326172,130.75063410322832,128.73847717613327,129.56118404221164,29757300
2023-11-08,130.6811981201172,131.0479563163596,129.63051733424692,129.8188497627846,26425800
2023-11-09,129.09530639648438,131.38500103733298,128.92680236714457,130.8001902664459,23747800
2023-11-10,131.4246063232422,131.6327671985536,128.27256395904828,128.9565016747776,26913300
2023-11-13,130.92904663085938,131.4246520902461,130.0964330890125,130.62177366598814,18324800
2023-11-14,132.445556640625,134.50727652084166,132.14820555787506,133.01055394719708,32395200
2023-11-15,133.43679809570312,133.84319816897428,132.39603881613726,133.68460080506208,23861500
2023-11-16,135.7264862060547,136.0139458049548,133.13944056401175,134.0017891113594,28013200
2023-11-17,134.1207275390625,134.86413562027792,132.4753140227168,134.80466539372887,37240600
2023-11-20,135.05245971679688,135.45885973926121,132.44557070034907,132.5149627101394,27815500
2023-11-21,135.76612854003906,135.97427431377318,134.76501119450535,135.09209741037324,22635300
2023-11-22,137.2727813720703,138.19460010408307,136.26174217835015,136.26174217835015,17813900
2023-11-24,135.48861694335938,136.91596302351493,134.79477235569422,136.8168358861295,12514300
2023-11-27,135.21107482910156,137.20340318020305,134.8046747532318,134.83440986857084,23436500
2023-11-28,135.99411010742188,136.0436736692128,134.2297562053289,134.8839589217478,18730000
2023-11-29,133.8035430908203,137.07452642949448,133.65485240517793,136.36086861217828,23967200
2023-11-30,131.3651580810547,134.35861874891418,130.1261446568203,133.8630133792204,38988300
2023-12-01,130.7010498046875,130.94885249162763,129.52150659490437,130.7010498046875,31442300
2023-12-04,128.13380432128906,128.88711896664887,126.7758430151211,128.73844341976016,36669900
2023-12-05,129.8386993408203,130.97858563372688,127.1227764879299,127.81662097598935,27384800
2023-12-06,128.87722778320312,130.68122350903377,128.73845888121613,130.28474525326413,23576200
2023-12-07,135.7264862060547,137.34216463354636,133.5160903794074,133.8530984180632,56767100
2023-12-08,133.8035430908203,135.20113873793494,132.85197412660608,133.0204781372603,32260100
2023-12-11,132.11846923828125,132.16803279885028,130.20543982265264,131.21647898449544,31138000
2023-12-12,131.35525512695312,131.83103206038206,130.10631988027265,130.65148882726206,29032800
2023-12-13,131.4048309326172,132.32664977230945,130.4136200728995,132.20770930904013,30104800
2023-12-14,130.78033447265625,132.5446882047304,128.55011052905618,132.20768021650815,38722400
2023-12-15,131.43453979492188,132.33653000234125,130.0270073455555,130.46314245666346,50847100
2023-12-18,134.60641479492188,135.94454015229283,131.26602448315583,131.46427872099582,32258000
2023-12-19,135.44895935058594,136.26175952392094,134.8839770194559,135.63729183585517,25476800
2023-12-20,137.12408447265625,140.45455302635412,136.85646847368653,137.74855205293554,49107200
2023-12-21,139.18582153320312,139.45345268951988,137.95671467148622,138.26400273042307,27488300
2023-12-22,140.2464141845703,140.74201955858857,139.4732710110759,139.53274123600997,26532200
2023-12-26,140.27613830566406,141.42593118854055,139.94903696948103,140.3455151877592,16780300
2023-12-27,139.13626098632812,140.8312381802104,138.66048401730106,140.3455394229746,19628600
2023-12-28,138.9974822998047,139.8994877320987,138.5217053642322,139.5426512492503,16045700
2023-12-29,138.46221923828125,139.12632856419143,137.56021390956434,138.40274901874815,18733000
2024-01-02,136.95558166503906,138.2243301608941,135.28043314911363,137.3322465738531,23711200
2024-01-03,137.69900512695312,138.40277146312937,135.87518085036012,136.04368487458785,24212100
2024-01-04,135.1912384033203,137.93689651353586,135.15159662676552,137.20339508752366,27137700
2024-01-05,134.53700256347656,135.95444150265752,133.96209863444332,135.54804155071932,22513900
2024-01-08,137.61968994140625,137.78819394542484,135.06236452075504,135.09209963177744,21404000
2024-01-09,139.71115112304688,140.24641339378692,136.9357580192586,137.2826878289855,24759600
2024-01-10,141.02944946289062,141.74312233778207,139.67149571815168,139.76070104634456,21320200
2024-01-11,140.8312225341797,143.9436236258308,139.40387666099627,142.2288332953947,24008700
2024-01-12,141.3961944580078,141.94136334539857,140.57350292074238,141.41602290609686,18785500
2024-01-16,141.2376251220703,143.08127772087843,140.20675747291105,140.75192640999762,22670500
2024-01-17,140.22659301757812,140.59333617350276,137.6791740029759,140.10765256153263,20968600
2024-01-18,142.21890258789062,142.94249726620274,140.7420083705122,140.80147859071877,25746400
2024-01-19,145.09341430664062,145.16279118468964,143.11099308151773,143.4678295070268,34271900
2024-01-22,144.70684814453125,147.0857476531187,144.55815747232313,145.80709257030463,32200400
2024-01-23,145.74761962890625,145.88638852663772,144.22116175386006,144.60773333501743,21636100
2024-01-24,147.39305114746094,148.53295270577948,146.7983337091306,147.2344537807019,25233500
2024-01-25,150.53515625,151.7047926793007,148.22563362553456,148.7509891835985,29149100
2024-01-26,150.8523712158203,151.19928591444616,149.68273462913356,149.7719550941985,26115500
2024-01-29,152.16073608398438,152.42836718497855,150.0990161895496,150.72348371697814,27784300
2024-01-30,150.1287841796875,152.26978786685433,149.86115304703833,151.4570029311418,36331800
2024-01-31,138.86862182617188,142.7343374146145,138.64063248081334,142.35767251765228,71910000
2024-02-01,139.9193115234375,141.80260587734793,139.5525532652903,140.87086536289783,40466500
2024-02-02,141.12860107421875,141.3664819906908,135.3002766258251,138.0360130379911,62499600
2024-02-05,142.41714477539062,144.19142038150497,141.52506120365902,141.56471810110367,38505400
2024-02-06,142.83348083496094,144.08240098500607,141.93147538647906,143.3786346695141,29128200
2024-02-07,144.26080322265625,144.34010189614554,142.66495333978824,143.48766006197988,25208900
2024-02-08,144.6275634765625,145.0438701746272,143.82468519281807,144.54826480197747,22563800
2024-02-09,147.69039916992188,148.12653431225093,144.89517764390865,145.3907830102507,26829500
2024-02-12,146.2333221435547,148.02741119835667,146.07472479210762,147.11549911454978,21564100
2024-02-13,143.86431884765625,145.3808699923918,142.42706637302987,143.6462512860247,27837700
2024-02-14,144.65728759765625,145.23219160120888,142.82354180831294,144.79605648646725,22704200
2024-02-15,141.5151824951172,142.25859065996383,139.22548776733797,141.88192568321128,37590700
2024-02-16,139.28492736816406,141.9314580380152,138.90826247425002,141.7332189292563,31468900
2024-02-20,139.87966918945312,140.831238252674,138.2640058017007,138.43250982988707,25144700
2024-02-21,141.29710388183594,141.4358727901422,139.44352938378043,140.2067659418033,23223300
2024-02-22,142.8235321044922,143.72553738281633,141.5448770819428,143.65614538078825,27191900
2024-02-23,142.69468688964844,143.40834461824574,142.1693313486327,142.40722734128093,19493800
2024-02-26,136.36083984375,141.1880302839568,136.18241408355723,140.89066410008382,53641800
2024-02-27,137.65936279296875,138.02610595453126,135.88508696473966,136.80692088729302,33099200
2024-02-28,135.18133544921875,136.79699878882042,134.21985975111554,136.6879649944579,37328600
2024-02-29,137.24302673339844,137.63950492469195,135.2011201866837,136.07339035713764,42133000
2024-03-01,135.93463134765625,137.6494215802847,135.71656378920932,137.21328646339086,31151100
2024-03-04,132.17794799804688,134.46764221027212,130.75060222297805,134.46764221027212,55999400
2024-03-05,131.50392150878906,132.06891886657937,129.5215001124862,130.72087171210643,40194800
2024-03-06,130.2450714111328,132.40591846062833,129.69991766152992,131.94995491359472,35318600
2024-03-07,133.19888305664062,133.75395856347797,130.45322550531313,131.6228467340528,37738200
2024-03-08,134.21983337402344,136.87627056964266,132.82222277313073,133.03038365770627,39370400
2024-03-11,136.45997619628906,137.8774153719074,134.93351836260592,134.93351836260592,32437800
2024-03-12,137.2826690673828,138.1549392414249,135.8255882651414,135.8255882651414,27563400
2024-03-13,138.56134033203125,139.84991729704038,137.7683838532644,137.7782905156126,23347200
2024-03-14,141.84226989746094,142.3279535040784,139.22547402056372,139.9490536613269,42753400
2024-03-15,139.93911743164062,141.9215388042357,138.7992311922684,141.24752279739727,49475400
2024-03-18,146.38198852539062,150.81270155253688,145.87647651462308,147.3038223387608,69273700
2024-03-19,145.73773193359375,147.4822576070713,144.79608463895917,146.8578050483476,24070400
2024-03-20,147.4326934814453,147.55163393242162,145.45027196690233,146.6991920761811,21311500
2024-03-21,146.3026885986328,149.0483310331233,145.6088290884326,148.15624755525624,24755600
2024-03-22,149.44483947753906,150.24771771386577,147.67056387842288,147.8093327695821,29211800
2024-03-25,148.75099182128906,149.0582647076252,146.52076782406607,148.622129594887,19229300
2024-03-26,149.34573364257812,150.921755229205,148.6617957512971,148.8996917949052,22149100
2024-03-27,149.54396057128906,150.3071970814459,147.59127418957752,149.85123348293416,22879200
2024-03-28,149.60342407226562,150.09902942352818,148.85010938322958,149.52414052577765,24485400
2024-04-01,154.12335205078125,154.3711547175217,149.28623915611158,149.36553782442945,31730800
2024-04-02,153.20152282714844,153.34029171966787,150.81270141872292,152.15084190883346,24586000
2024-04-03,153.55838012695312,153.7169774898391,151.38762598706683,152.24998969483624,24705000
2024-04-04,149.2069549560547,153.40969403638587,149.1276562800474,152.1508521323684,34724700
2024-04-05,151.15965270996094,152.07156486544667,148.2851473312489,148.71136073150413,23459200
2024-04-08,153.48898315429688,153.9052898339039,151.26866573838439,151.4371697426533,20702000
2024-04-09,155.22360229492188,157.16636680492698,153.825991572372,154.71807515609422,31079500
2024-04-10,154.76763916015625,155.23350940234246,153.3204648733208,154.8370311694787,22838600
2024-04-11,158.0089111328125,158.27652714867145,155.08484241109738,155.53088422887154,27166400
2024-04-12,156.3436737060547,158.8117940185791,155.75886296974886,156.57166307757163,25353700
2024-04-15,153.4989013671875,157.8404094057048,153.23127022277416,157.4637444709509,27136500
2024-04-16,153.0429229736328,154.28193632388786,152.08144740386092,152.8347772006078,20779500
2024-04-17,154.103515625,155.69936532118263,153.2213387820589,154.25219116747795,21763100
2024-04-18,154.63876342773438,155.56059716944145,153.26098127050776,153.97465412709587,19883000
2024-04-19,152.73565673828125,154.98570931530094,150.96139619825826,154.82711196963538,32615600
2024-04-22,154.9064178466797,156.2544650981797,152.70592872842704,152.95373142080075,26446200
2024-04-23,156.86900329589844,157.57276956282405,154.90641030278562,155.58044145804854,21151600
2024-04-24,157.73138427734375,158.1675194626567,155.78860439495244,156.10579912051713,22779100
2024-04-25,154.62889099121094,155.11458974754143,149.54397454371866,149.99993818483273,57109700
2024-04-26,170.43869018554688,173.17444161155032,168.15890237210272,172.83741845240817,64665300
2024-04-29,164.6896514892578,168.05977693862212,163.75792613748897,167.57407825152322,45610000
2024-04-30,161.3492889404297,166.62253752967678,161.1708782605576,164.1544172520467,33562900
2024-05-01,162.4197998046875,165.65114151829926,161.656563265471,162.8559349699541,33493200
2024-05-02,165.15548706054688,165.26452081947113,162.4494866568269,163.34157004826415,24294500
2024-05-03,165.77008056640625,166.4837534702782,161.61690537224646,166.08726012108556,34662400
2024-05-06,166.62252807617188,166.6621698501134,164.5707146259979,165.98815382038057,21871300
2024-05-07,169.74484252929688,170.2503545716541,166.90997915272567,167.01901294123516,28039700
2024-05-08,167.89129638671875,168.65451784133106,167.25692205611742,167.51463142881647,19569100
2024-05-09,168.4661865234375,169.18976613945827,166.70181746537216,167.90118913341487,15346700
2024-05-10,167.1676483154297,168.3571130403579,164.72927890360586,166.5531026323098,29799900
2024-05-13,167.6533966064453,167.79216551552707,162.55857362347706,162.81628299043555,31327600
2024-05-14,168.84280395507812,169.74480919884456,167.31634634035044,168.2778217980491,25127100
2024-05-15,170.99375915527344,171.13252805375882,169.01133767709646,169.13029325056647,26948400
2024-05-16,172.64907836914062,173.58081887894542,171.17218405543662,171.7669014209654,27867900
2024-05-17,174.5125732421875,174.7207341676862,172.16340845627886,172.64909207464802,24479300
2024-05-20,175.364990234375,177.1987360270171,174.53237690001112,174.64141067889267,22554400
2024-05-21,176.28683471679688,176.584185836624,174.2647563539197,175.34517242175946,16989400
2024-05-22,174.82974243164062,175.5929637561036,173.6700277652412,175.08745176039344,17880000
2024-05-23,172.02464294433594,176.68333083049927,171.42991039517594,175.5137093084088,21024900
2024-05-24,173.4519805908203,174.22512379260593,172.12374664509454,173.44205880318444,16579400
2024-05-28,174.8495330810547,175.71189653501514,172.83737689626787,172.91667555437184,20572200
2024-05-29,174.3539276123047,175.28566793812178,173.18430643711983,173.88805744939614,23388700
2024-05-30,170.59727478027344,173.67994067307137,170.28008009531703,173.66011222409284,22931500
2024-05-31,170.98385620117188,171.53893180715215,167.95075369372532,170.34948191938355,37638900
2024-06-03,171.64796447753906,172.9960117081414,169.65563630662328,171.0234968625416,27459100
2024-06-04,172.2625274658203,172.32201282172161,170.37923289523386,171.7570153757393,26879600
2024-06-05,173.86827087402344,175.09736245061762,172.4012681621193,173.66010997413338,22068500
2024-06-06,175.17665100097656,175.59295765203206,174.20526881518043,174.3539443603167,23251000
2024-06-07,172.9266357421875,176.30665293703487,172.76803839075907,175.493867979147,19661400
2024-06-10,173.67086791992188,175.70518493273318,171.43808427850212,173.63118065101344,23726700
2024-06-11,175.2685546875,175.48687252833415,172.440371072749,174.8716214180017,21540600
2024-06-12,176.4296112060547,179.0295742492246,174.76247320161096,176.88609812176736,27864700
2024-06-13,173.8197479248047,175.38766020073976,173.54189158649058,174.76247586851568,20913300
2024-06-14,175.437255859375,175.7051941501706,172.81745685502335,172.886928506799,18063600
2024-06-17,175.88381958007812,176.99524483970762,173.47240531751984,174.1174408030097,19618500
2024-06-18,173.75025939941406,176.03266350713454,172.7678442779151,175.78457643329608,21869900
2024-06-20,174.95101928710938,175.93343447480135,173.65104535533175,174.02812743639052,20160100
2024-06-21,178.2555389404297,179.466205138687,175.2586426839211,175.645657934706,57759000
2024-06-24,177.84866333007812,179.5058831721026,177.30286873730756,178.78147315371626,18298000
2024-06-25,182.62185668945312,182.87986179667686,178.04713041446374,178.24559704633074,23130200
2024-06-26,182.47300720214844,183.0981763241254,181.0837105201297,181.23257184786374,19839000
2024-06-27,183.99130249023438,184.6264047984624,182.61193895476885,182.77070317530075,18848900
2024-06-28,180.75625610351562,183.71346525578238,180.56772262567728,182.90966546961494,29156600
2024-07-01,181.58982849121094,182.4730179096056,179.91275737108273,181.6295157623823,16006100
2024-07-02,183.8225860595703,184.15006278268618,180.1707368089104,180.65699287814883,17372500
2024-07-03,184.39817810058594,184.666101253454,182.59209683114494,183.43559898745033,10242100
2024-07-05,189.14158630371094,189.3995914027585,184.37831157968466,184.43785005315465,20967500
2024-07-08,187.58358764648438,188.71486404073931,186.34315233953677,188.4469257746695,21035900
2024-07-09,187.53399658203125,189.89579062187278,187.2759914489027,188.8538217724112,15121400
2024-07-10,189.71713256835938,190.28277834321375,187.5835898719109,187.70266681734014,15952500
2024-07-11,184.1500701904297,189.39958571826102,183.6638141016308,188.39731944685417,25625800
2024-07-12,183.6539306640625,185.67831479276816,183.07836675932379,183.66384869720036,22898400
2024-07-15,185.1027069091797,186.79962897877238,183.50502571552826,183.50502571552826,16474000
2024-07-16,182.5126953125,187.23626771226316,181.9669007256916,185.92637584595624,18290700
2024-07-17,179.63491821289062,182.1455585458433,178.52347766743955,181.56999463563582,20734100
2024-07-18,176.33035278320312,181.10354516735464,175.11968677674923,180.53789942934162,25315700
2024-07-19,176.3006134033203,178.9104792954856,175.77466998349036,177.511279614787,18881900
2024-07-22,180.27992248535156,181.30204007198228,178.85093844213043,179.2081844529357,24100300
2024-07-23,180.39898681640625,182.20506795075516,180.15089974687697,180.65700705961783,36352700
2024-07-24,171.30908203125,174.84183935353695,170.50528237716065,172.27166103830413,49585200
2024-07-25,166.00001525878906,172.09303295252627,165.91070754972583,171.1999255778285,44852000
2024-07-26,165.72215270996094,166.80380863547714,162.8046465209646,165.87099888612107,41336900
2024-07-29,168.23281860351562,169.12592608314606,166.70460877031735,167.5381777702437,20293800
2024-07-30,168.98699951171875,169.91980941464726,167.15116408802947,168.93739420618675,18959700
2024-07-31,170.2274169921875,172.91668748879763,168.70912533779483,171.9144211788754,25729100
2024-08-01,169.45339965820312,172.718234225876,167.58779504728142,168.94730744825696,24531400
2024-08-02,165.384765625,167.22060083165107,163.40998712477472,165.16644779514462,29130100
2024-08-05,158.03147888183594,163.17183620146415,153.7445266292353,154.3101724717456,53630700
2024-08-06,157.0788116455078,159.34137978517677,155.2132070680051,158.11086239581772,49004600
2024-08-07,157.7238311767578,161.73291139086032,157.25742629410797,160.0161531809976,25138600
2024-08-08,160.79019165039062,162.4374934400702,158.9841256428161,159.28181801513983,25578800
2024-08-09,162.4176788330078,162.53675580876956,157.84295159570942,158.78567965190865,28602300
2024-08-12,161.04820251464844,163.638232240746,160.60164879815585,163.09245277727376,15895300
2024-08-13,162.90390014648438,163.46953080218395,161.72300324977175,162.15963892338314,18551700
2024-08-14,159.1428985595703,161.97109738750262,156.50326348113867,161.1573644799167,40591100
2024-08-15,160.0657958984375,160.40319071181239,158.388724722145,159.27191417011724,31524300
2024-08-16,161.71307373046875,163.79699592189854,159.89707465805918,160.23446942114322,24208600
2024-08-19,165.39466857910156,165.41451978237865,163.0031058422678,164.01530522095823,22416200
2024-08-20,165.90078735351562,167.34962258490438,165.54355648931903,165.62293103111787,18341500
2024-08-21,164.58096313476562,165.57331138365288,163.40998432722168,163.88630724691845,22902000
2024-08-22,162.54666137695312,166.3076549289941,162.06040523845343,165.9801781592332,22493300
2024-08-23,164.35272216796875,164.9084347985432,162.57642535652303,163.4596147462646,13955700
2024-08-26,164.88861083984375,166.26797448558267,163.20162161831215,165.1069286953162,14190400
2024-08-27,163.41989135742188,165.16643384878998,163.20158868803244,164.57101888272692,11821900
2024-08-28,161.60394287109375,164.33290096897073,160.29403571593602,163.77717314609376,16407400
2024-08-29,160.5421142578125,164.70005625165825,159.02382249929119,163.05275436266322,19699800
2024-08-30,162.12989807128906,162.40775443186422,160.4528267322231,161.37570354226852,22123800
2024-09-03,156.1559295654297,160.61157889702227,155.28265821334085,160.48256877218185,38945300
2024-09-04,155.2528839111328,157.78337502963737,154.76664294942685,155.4612837104589,19353800
2024-09-05,156.03688049316406,158.22996215508203,154.78651171708566,155.10407049895832,18688700
2024-09-06,149.76522827148438,156.62235978730988,149.39806418549696,156.09641631309816,37912100
2024-09-09,147.76795959472656,152.4282366790671,146.28739297802653,151.54387525137955,39260500
2024-09-10,147.71826171875,150.31172831197244,147.40028159964342,149.4969156283568,31118800
2024-09-11,150.20240783691406,150.54025030429756,146.5854677760219,148.97025775559644,29607700
2024-09-12,153.71006774902344,153.83924907315188,151.682982309114,152.82570635319718,29621500
2024-09-13,156.4625244140625,157.37669455144265,154.22677778049754,154.44537016884462,29591200
2024-09-16,157.0587158203125,157.2475146303272,155.60797314926953,156.31346693580858,18379800
2024-09-17,158.31072998046875,159.53293380012653,157.3766823666018,158.0126274199818,20715600
2024-09-18,158.79762268066406,159.48325404924594,157.59529635899653,158.84730896980255,23677300
2024-09-19,161.1128692626953,162.7524107202581,160.31793409819053,162.67293084972206,26587700
2024-09-20,162.55368041992188,162.69279293629415,161.03337393309369,162.46425419413836,40896400
2024-09-23,160.82469177246094,164.44163188871738,160.64582418208624,163.3088543567614,24150900
2024-09-24,161.26190185546875,162.18601827960998,159.67204679818846,161.9972194853163,23332100
2024-09-25,160.4669952392578,161.77862539142924,160.27819642927898,160.44711769027916,18869200
2024-09-26,161.69912719726562,163.0405812277503,161.2519809078131,162.6033661315293,20319300
2024-09-27,162.91140747070312,164.65032158098356,161.5997772832552,161.7786297424913,21101300
2024-09-30,164.7993621826172,165.09744958161895,162.22575806160205,162.2853907035285,20413900
2024-10-01,165.93214416503906,168.08839566011457,163.53740758234116,166.62770671794624,28338100
2024-10-02,164.80931091308594,166.45879878634457,163.68646438360673,165.3657609999376,17760200
2024-10-03,164.80931091308594,165.584368557219,162.88159799640147,163.36849940346053,15073100
2024-10-04,166.00169372558594,167.16428010496523,164.4317010051406,166.99535885279488,19047400
2024-10-07,161.94752502441406,167.41268277986842,161.7189863091265,166.65750280293437,22463100
2024-10-08,163.3386688232422,163.68644249996592,161.83822486594266,162.90145376713176,23072700
2024-10-09,160.83465576171875,163.79577392063888,158.72809031254272,162.41457984860077,31181800
2024-10-10,161.05323791503906,162.03697180217182,159.38387269706766,159.85089649743236,14144100
2024-10-11,162.20590209960938,162.86170956550862,160.21857182956228,161.10293319324816,15344300
2024-10-14,163.91500854492188,165.17695235890986,162.36487818674945,162.60336327926677,19016100
2024-10-15,164.4118194580078,166.61774183416674,163.58707567908868,164.73971556910084,20247200
2024-10-16,164.11373901367188,164.74968410008972,162.70273632699872,163.48772512033995,16406000
2024-10-17,161.89784240722656,165.31605267037628,161.72892116495908,164.6801076327293,21453400
2024-10-18,162.38473510742188,163.66657146894778,162.04689264086656,162.15619639911972,19757700
2024-10-21,163.03065490722656,163.45792366085925,161.58982825285435,161.9177395848208,20946500
2024-10-22,164.09385681152344,164.71987068710104,161.9475365199372,161.9475365199372,16568100
2024-10-23,161.74880981445312,164.76956032222017,160.90418838301372,163.71626254064074,18280500
2024-10-24,161.68919372558594,162.29533007096418,159.9900196550578,161.79849749810091,22412500
2024-10-25,164.22303771972656,164.54100267206263,162.38475119304076,162.63316747166715,19828900
2024-10-28,165.66384887695312,167.68098784367282,162.91139226813863,167.68098784367282,32138600
2024-10-29,168.60507202148438,169.3006496598447,166.0314832783505,166.66742827978365,42169000
2024-10-30,173.3548126220703,180.86691803166593,172.95733750175077,179.5353953312524,68890800
2024-10-31,170.02603149414062,175.69986574053596,169.91672772946706,172.03323918990733,44769000
2024-11-01,170.2048797607422,171.22836871150324,167.81015851321018,168.99262234877236,31796500
2024-11-04,168.1678924560547,169.64844379948434,166.9456734265419,168.8535086611848,21492700
2024-11-05,168.6647186279297,169.44970738138483,167.77041094544956,168.3566697123956,18242100
2024-11-06,175.39183044433594,175.81911434381482,172.4009037964916,172.69900637438644,33695500
2024-11-07,179.60494995117188,179.93286122281984,176.0675049534539,176.28611246788589,25352900
2024-11-08,177.22019958496094,179.75403378817845,176.95190572784412,179.50561748102942,22006200
2024-11-11,179.20751953125,179.40624953288767,177.33942415917616,177.44872793439595,17450400
2024-11-12,180.46946716308594,181.33396618962504,178.25359803223796,178.6808819487348,25134900
2024-11-13,177.74681091308594,179.81363605883408,177.40895326922643,179.31680352847516,23184000
2024-11-14,174.4676971435547,177.68717710271721,173.215684740498,177.15058952846138,31007500
2024-11-15,171.39730834960938,173.03684979342893,170.135349355116,172.62944344024277,32504600
2024-11-18,174.18948364257812,174.32859614097288,171.80467846165004,172.3213885251699,20135300
2024-11-19,176.99163818359375,177.7368870735365,172.4605273586821,172.61951742744716,23434900
2024-11-20,174.86517333984375,176.5544009125721,172.67911323618793,176.21655843045156,18997100
2024-11-21,166.56809997558594,173.02692368437366,162.662987910428,172.79836977486937,59734400
2024-11-22,163.71627807617188,165.40552109934802,162.86172537063538,164.7993847016753,38604600
2024-11-25,166.5879364013672,167.56173904858872,164.56086640923021,165.0378213787698,33135300
2024-11-26,168.0486297607422,168.74420743105776,166.51839224272408,166.56807852805025,20486700
2024-11-27,168.15794372558594,168.40636000516253,166.95561742322607,167.9294049937709,19266500
2024-11-29,167.87973022460938,168.3566852687276,166.10107621213314,167.43258392311557,14257200
2024-12-02,170.40365600585938,170.98991485352522,167.50215534937632,167.70088536324786,23789100
2024-12-03,170.2545928955078,171.58610063371935,169.76770664793386,170.40365177380562,22248700
2024-12-04,173.265380859375,173.80196851105399,169.976351762093,170.06577798333072,31615100
2024-12-05,171.54635620117188,174.94468929994056,171.23832242107443,174.24912670582898,21356200
2024-12-06,173.6032257080078,173.9708769207123,170.77127428081718,170.94019551806315,21462400
2024-12-09,174.45875549316406,175.3441303590525,172.7476915668061,173.05609352730906,25389600
2024-12-10,184.2078399658203,185.39165905883286,180.10925267461994,181.89990276575224,54813000
2024-12-11,194.3846893310547,194.59360484337623,183.88951960925283,184.34712093414166,67894100
2024-12-12,190.9625701904297,194.16582489848338,190.71386920648584,193.98676747620544,34817500
2024-12-13,188.83370971679688,191.72857792999457,188.65463709667358,190.01751377084074,25143500
2024-12-16,195.63815307617188,197.96599073113543,191.61913652261555,191.86783751599637,44934900
2024-12-17,194.40457153320312,200.37339478634232,193.96685539925252,196.22506444695088,43504000
2024-12-18,187.42105102539062,195.97637074387896,186.76449197962535,194.20562099415744,34166100
2024-12-19,187.5304718017578,192.0269895380088,187.40115762090377,190.63427019379503,32265200
2024-12-20,190.41543579101562,191.88774144921763,184.2575966505468,184.81468445746083,63462900
2024-12-23,193.6186981201172,194.08625719212253,189.16196548395996,191.6191324608379,25675000
2024-12-24,195.09100341796875,195.09100341796875,192.7731083908338,193.82759815006608,10403300
2024-12-26,194.5836639404297,195.7276824419866,193.37000187433253,194.1359900072514,12046600
2024-12-27,191.75839233398438,194.3051030426647,189.65935551931798,193.9370152813754,18891400
2024-12-30,190.24632263183594,191.54951344453465,188.13732782747584,188.81380244155494,14264700
2024-12-31,188.31639099121094,190.96257314438756,187.53048736926948,190.08714080992223,17466900
2025-01-02,188.44570922851562,191.00236272405684,186.52574484771176,189.65937128935172,20370800
2025-01-03,190.79344177246094,192.20607673113864,188.9928490622425,190.37562593745199,18596200
2025-01-06,195.8470458984375,197.19003728298551,192.8427489428689,192.9720631324044,29563600
2025-01-07,194.4742431640625,199.95560784483914,193.5888681942183,196.08582081760926,26487200
2025-01-08,192.94223022460938,195.2700679108895,191.3803958585084,191.56941104474132,24864800
2025-01-10,191.04214477539062,195.49887742154428,189.32113818407666,193.29041142782185,26665200
2025-01-13,190.01748657226562,190.1866014129224,186.38645842630518,189.08238366148746,21823700
2025-01-14,188.67453002929688,190.9824674128502,187.33153855930155,190.2463221687232,17174900
2025-01-15,194.53390502929688,195.33969375687735,190.8630762218721,192.08668076451275,21776000
2025-01-16,191.9076385498047,194.4642768734046,191.8081520804567,193.13124318936406,17815400
2025-01-17,194.98155212402344,196.20515659372487,192.74324348994662,195.50879694346804,27735100
2025-01-21,197.02093505859375,201.23889429991502,196.8418624454126,198.03563938794179,29971300
2025-01-22,197.33924865722656,199.43828553458843,196.5036170079127,198.02566579041408,26200600
2025-01-23,196.9512939453125,199.25924653814067,194.18574000771966,197.11046623023265,26951400
2025-01-24,199.1697235107422,199.85612554750062,196.97119990354366,197.07068637933736,23877500
2025-01-27,190.81333923339844,195.85700244066396,189.73894916830926,191.41022766272687,41728900
2025-01-28,194.2852020263672,194.4642594397363,189.6891977496922,191.7484490804529,24157900
2025-01-29,194.3946533203125,195.76747251851242,192.4249304706921,194.54386784853932,18218300
2025-01-30,199.82627868652344,200.35352360288593,196.64290885768258,196.97119600589963,24354700
2025-01-31,202.9599151611328,204.41232049224394,200.75144907949408,200.95040684244714,32001100
2025-02-03,200.18438720703125,202.6912973186069,199.06026910715457,199.6471997728737,27838300
2025-02-04,205.30764770507812,205.97416454187623,201.75619025433605,202.33317837712485,43856400
2025-02-05,190.33583068847656,191.74845039513906,187.05297480534406,190.0771871408914,70373900
2025-02-06,190.6044464111328,191.10184839531686,187.73940612479137,188.5153520057582,29297400
2025-02-07,184.37696838378906,190.18662005870158,182.2878891065967,190.05730586169955,49315000
2025-02-10,185.50108337402344,187.22208986080463,184.89425239135454,186.37651565839897,23105600
2025-02-11,184.35708618164062,185.9686638183211,183.32248151205218,184.0685845185901,21239500
2025-02-12,182.6559600830078,184.14816605879201,180.88521020610418,182.26798713648407,22072600
2025-02-13,185.1728057861328,185.3120777313061,182.18839394998832,183.36227049888035,21402500
2025-02-14,184.26751708984375,185.43143579936174,183.3622571021092,184.09840225302517,20448400
2025-02-18,182.8151092529297,184.99373213088467,180.79565863535095,184.6356021347893,29916700
2025-02-19,184.30734252929688,184.49635771924724,182.63606390508187,183.11358075743158,19549400
2025-02-20,183.60101318359375,184.34711614040583,181.77057757262898,183.83977159439488,20441500
2025-02-21,178.7264862060547,184.37696551099646,178.14949807767616,184.18795032658747,35199200
2025-02-24,178.318603515625,182.16848984705686,177.96047349552646,181.04437173412518,29854200
2025-02-25,174.5084991455078,177.81125539535978,173.7822965453186,177.11488051844918,41913400
2025-02-26,171.8324737548828,175.16507289862997,170.68845533929954,174.16032642215686,35431300
2025-02-27,167.62448120117188,173.65299127143683,167.06739336596,173.0859608604194,39991000
2025-02-28,169.39520263671875,169.7234897370402,165.90344649975822,167.80351036476668,48130600
2025-03-03,166.1422119140625,172.46916601222185,165.0678217638651,171.03664581195866,40770500
2025-03-04,170.03189086914062,172.38957139478455,164.93849945595062,165.37621562667857,45388000
2025-03-05,172.12098693847656,172.87703249017144,168.18155654289944,169.6339770163835,30954900
2025-03-06,171.4544677734375,173.9016770030345,169.61407438427003,169.64391728856972,28302000
2025-03-07,172.95660400390625,174.06083692312112,169.38526170085638,170.37010783184354,27385800
2025-03-10,165.1981658935547,167.77768707285077,163.02700292073365,167.57848498247546,43604000
2025-03-11,163.3755645751953,166.0745946593306,160.71638098509786,164.24205105519363,39587400
2025-03-12,166.4331512451172,166.96100335852913,162.86764957538162,165.90529913170525,28372400
2025-03-13,162.1007537841797,165.45711431897539,161.4533926135524,165.36746730396223,31756200
2025-03-14,164.8197021484375,165.8156517325666,161.79200690237369,162.60869285591215,31995900
2025-03-17,163.6245574951172,165.6264259709924,163.00707358955603,164.36156568984055,31184300
2025-03-18,160.01922607421875,163.5847275921019,156.08522805432327,163.01702900544848,42074800
2025-03-19,163.2261962890625,165.19817244671944,160.34790225399752,161.10481855769754,34275600
2025-03-20,162.14060974121094,164.22214090970084,160.30806599087495,160.91559589904986,28138500
2025-03-21,163.3258056640625,163.5747931026154,160.23835534721192,160.55706656311347,36625800
2025-03-24,167.00083923339844,167.63826163368083,164.47113366947016,166.3933245024789,30879100
2025-03-25,169.86917114257812,169.93889491315255,167.63825363596857,168.29556886017417,24174400
2025-03-26,164.3914337158203,168.92300730211159,164.17232359449744,168.31547745607713,28901600
2025-03-27,161.58287048339844,164.74998295425303,161.3438371056606,163.96318944763343,24508300
2025-03-28,153.7049102783203,161.1645785777556,153.0077485673884,159.8399637284922,48669300
2025-03-31,154.013671875,154.91002058949647,150.0497960442676,152.48986994216352,54603500
2025-04-01,156.43382263183594,157.45964958057314,152.99778409802235,152.99778409802235,30672900
2025-04-02,156.40391540527344,157.7683766642482,154.07339703462338,154.52157130636616,25041700
2025-04-03,150.1095428466797,152.16119683607278,149.78087761580798,150.49796262916686,46883400
2025-04-04,145.01028442382812,150.4581305746649,144.7911742710094,147.41051168463707,62259500
2025-04-07,146.15562438964844,152.23092388429916,139.96081578919706,140.97668877946376,76794100
2025-04-08,144.11390686035156,151.62337549950988,142.45067281990836,150.60750263275938,52200200
2025-04-09,158.0671844482422,158.90377855359424,143.3271257672898,143.83505464618503,70406200
2025-04-10,152.2010498046875,157.08119755588638,149.32274040564454,155.90596893520956,48022000
2025-04-11,156.5035400390625,157.03139218045564,152.2010451058409,152.28070771093053,33636200
2025-04-14,158.42572021484375,161.06498074344722,156.92182649738766,159.35194610703772,30333000
2025-04-15,155.6768798828125,159.0033479067655,154.5813444386225,158.4854650554691,27551500
2025-04-16,152.70895385742188,155.25858239966342,150.89631829246227,152.47988970477897,28187400
2025-04-17,150.54776000976562,154.0534920051937,147.89853016558348,153.66507223082013,33046600
2025-04-21,147.07186889648438,148.34668311054725,145.50823599827558,148.27697454416065,26049100
2025-04-22,150.85650634765625,151.57359136677536,147.93836574543795,148.28695422864388,26971800
2025-04-23,154.7207794189453,156.89194229421238,153.1870084950911,154.97972084901838,31128800
2025-04-24,158.63485717773438,158.94359913409957,155.15898746904153,155.51752994672043,45894000
2025-04-25,161.3040008544922,165.4272315126956,160.3877138664607,164.40140465983956,56034000
2025-04-28,159.95947265625,162.48917806099573,157.9576193461597,161.7720931027873,29745800
2025-04-29,159.51129150390625,160.088944095257,156.88198516909392,159.6706470871033,26809000
2025-04-30,158.1568145751953,158.62491214751483,154.7705764946502,157.34012853089786,34981100
2025-05-01,160.64669799804688,161.29405925789504,158.26637869922348,159.80013463025725,30203200
2025-05-02,163.36561584472656,164.3018109241553,161.21436100650547,162.7481319399907,25715000
2025-05-05,163.54489135742188,164.72010459701127,162.06092097475153,162.3397856484502,21341800
2025-05-06,162.56886291503906,164.13251121588542,160.5371322432176,161.51315867988768,21277200
2025-05-07,150.76686096191406,164.33169015930102,147.24119073545722,163.41541831659652,127490100
2025-05-08,153.6551055908203,155.29841637896206,152.28069025725696,154.37219053033292,57498700
2025-05-09,152.13131713867188,154.4220044950508,151.58354176260508,153.5455638933439,32435300
2025-05-12,157.8181915283203,158.45559870977985,155.61713606908535,156.85211913184455,44138800
2025-05-13,158.88385009765625,159.9196462677562,155.52750456311006,158.14684186881533,42382100
2025-05-14,164.70018005371094,166.3235827604559,158.96351584378579,159.31210428165852,48755900
2025-05-15,163.2958984375,165.53678497348048,161.71232706903228,165.16827329805872,33146700
2025-05-16,165.51686096191406,168.66406524073284,164.94916241420358,167.05061660833445,42846900
2025-05-19,165.8654327392578,165.9650337738735,163.5548376666196,163.8436563518303,30426100
2025-05-20,163.3157958984375,167.81749192511523,162.24016860726758,165.75586915112706,46607700
2025-05-21,167.8772735595703,172.43872486137178,162.89752522096424,163.02700354080346,73416000
2025-05-22,170.17791748046875,176.05402972868134,170.01857708088951,171.15395911169207,74864400
2025-05-23,167.78762817382812,169.2715985296926,167.2099755896054,168.3752347830085,35211400
2025-05-27,172.19969177246094,172.46860243837372,169.3114438097941,169.47079940418584,37995700
2025-05-28,171.661865234375,174.5600820753336,171.2136909757797,172.4586279146467,34784000
2025-05-29,171.16390991210938,173.71353862116436,169.93889608019336,173.29524158580244,29317300
2025-05-30,171.04440307617188,171.51250064033223,166.76181642373982,170.65598330984582,52639900
2025-06-02,168.34535217285156,169.1819461523069,166.71199550949316,167.1601697701311,38612300
2025-06-03,165.5069122314453,167.79759955842107,164.61056358901342,166.81161909114326,45084900
2025-06-04,167.36935424804688,167.53866387757995,165.6861967820594,166.06466254041968,26900800
2025-06-05,167.5286865234375,170.23765541573877,166.9111874462575,169.6500488073603,36379100
2025-06-06,172.97653198242188,173.79321800916722,170.1380845314093,170.1380845314093,35731800
2025-06-09,175.58909606933594,175.96802000177186,173.87398751199405,174.04350210929846,28935900
2025-06-10,178.09193420410156,180.5947884106406,174.41242888747234,175.69875246858433,61766100
2025-06-11,176.8455047607422,179.8569029175766,176.24720547354727,179.2586188457646,31646800
2025-06-12,175.2001953125,176.2172980493167,174.25290075490625,175.6788256293735,20941900
2025-06-13,174.17311096191406,176.62611964590695,171.89959814035095,171.949458947436,27663100
2025-06-16,176.2671661376953,176.43668073159893,174.15318632141427,174.23296058008373,27389200
2025-06-17,175.44947814941406,176.85547082344988,174.08338020939252,175.20018931566514,24973000
2025-06-18,172.8269805908203,176.0577543370001,172.70731159680278,175.50931582595604,28707500
2025-06-20,166.1659698486328,173.8440631360939,164.98933381824614,173.45517315134433,75659900
2025-06-23,164.72007751464844,166.86395520731054,161.53914984557392,165.7970070061314,57671000
2025-06-24,166.29562377929688,167.74149618325788,165.6574448802541,166.4451910152502,40524300
2025-06-25,170.1944580078125,171.86968681108624,167.0733722889804,167.15314653822034,35479000
2025-06-26,173.0463409423828,173.19592338119924,169.4565906415466,171.9394978428303,31796700
2025-06-27,178.02212524414062,178.17169244521818,171.24146651329573,173.04631507807895,108140200
2025-06-30,175.72869873046875,180.71447592478233,174.08339834249907,180.265759020371,63378900
2025-07-01,175.33978271484375,175.58907153758963,173.03635642713306,175.24007631497474,35904500
2025-07-02,178.13182067871094,178.35119606008848,174.5719841997796,175.04063318866915,29128900
2025-07-03,179.019287109375,179.15888824066795,176.5463462627362,177.99221838299502,21689700
2025-07-07,176.28709411621094,178.78996387462078,175.18025102838192,178.5506411042797,34175600
2025-07-08,173.864013671875,177.44379785510552,172.3184197808512,177.3440914457585,40442500
2025-07-09,176.11758422851562,178.92956979741228,172.27854501653255,174.75148618121452,43025600
2025-07-10,177.11471557617188,177.92240891673904,173.8839422139032,175.1303863111691,29252400
2025-07-11,179.6774139404297,180.91387676081473,175.97796112386152,176.28707682895777,34282900
2025-07-14,181.04351806640625,183.14751640721383,179.16886118965368,180.49507959550706,32536600
2025-07-15,181.48228454589844,183.69597077242528,181.08342846821492,182.2899779932072,33448300
2025-07-16,182.44952392578125,183.80565587223137,181.5121954195811,182.71876014286474,33104200
2025-07-17,183.0577850341797,183.53641535247564,179.96659729454643,181.62187886390834,31992600
2025-07-18,184.5335693359375,185.88970124039062,183.1874187229756,184.87259850820493,34014500
2025-07-21,189.55923461914062,189.74868135121883,185.62045888710102,185.720180506412,45803100
2025-07-22,190.79571533203125,191.1048310792618,186.92676263021804,190.95526385169356,44660200
2025-07-23,189.6888427734375,191.9823029377756,188.64182669674165,190.95523422678895,58681900
2025-07-24,191.6233367919922,197.38689334762466,190.45666688872916,196.46951227536783,74881700
2025-07-25,192.63046264648438,193.77720042486192,190.71592620592727,191.43387927305906,39785900
2025-07-28,192.0321807861328,193.49800038051387,190.29712498462092,193.0991291078416,38139500
2025-07-29,195.1931610107422,195.36267559548023,191.53360267868564,191.88259792418754,41389200
2025-07-30,195.970947265625,197.0379108346005,194.13618500265545,195.04360005779435,32445400
