Date,Close,High,Low,Open,Volume
,MSFT,MSFT,MSFT,MSFT,MSFT
2005-08-01,17.887771606445312,17.977485930904333,17.777353368823796,17.811858574472062,61346800
2005-08-02,18.501970291137695,18.56408070451142,17.85326357679504,17.873966170393604,137510100
2005-08-03,18.805631637573242,18.929852534225958,18.44677156197423,18.467475483512935,139422400
2005-08-04,18.853933334350586,18.978154190567867,18.667602050024662,18.74351508799952,91461400
2005-08-05,19.157588958740234,19.281809846008734,18.805630216909375,18.833235443542222,82212400
2005-08-08,18.72281265258789,19.212794811239974,18.688307441485243,19.18518958932631,77207200
2005-08-09,18.87464141845703,18.985059689198902,18.64000226405815,18.784925750798248,64761800
2005-08-10,18.598594665527344,18.97815728470564,18.529582921234145,18.916046846470714,62818800
2005-08-11,18.81943130493164,18.840133906938696,18.557186938332837,18.6192973769331,48646800
2005-08-12,18.667604446411133,18.729714882492978,18.564087491704555,18.688308363868245,52006500
2005-08-15,18.77835464477539,18.896022238621214,18.473804312628534,18.674530607898316,45976600
2005-08-16,18.50841522216797,18.785279810493936,18.48072942343262,18.709142873825854,46894600
2005-08-17,18.653766632080078,18.792198241477454,18.45303901619163,18.56378483178724,52413100
2005-08-18,18.563779830932617,18.743742062844422,18.549936277663885,18.612230947179274,40861900
2005-08-19,18.494565963745117,18.626077097748745,18.480723728740067,18.58454775234542,36043500
2005-08-22,18.62607192993164,18.80603413700752,18.52916971081145,18.54301326216968,41691700
2005-08-23,18.598390579223633,18.736822165211702,18.508408794147055,18.577625247238107,48296700
2005-08-24,18.55686378479004,18.799120761027915,18.536099768668766,18.57762912110562,63645000
2005-08-25,18.70913314819336,18.750662484805293,18.58454381816375,18.61915137864139,39306300
2005-08-26,18.667600631713867,18.743738841412338,18.598385517653817,18.729895290522855,36774600
2005-08-29,18.792194366455078,18.84756726283478,18.55685922679286,18.55685922679286,52307700
2005-08-30,18.812965393066406,18.847572968707993,18.660688891776886,18.72990536325445,55163200
2005-08-31,18.95139503479004,18.992925705451906,18.716061168677378,18.806041648056258,65210200
2005-09-01,18.826805114746094,18.958314931539675,18.792196225962954,18.951393153783048,75974500
2005-09-02,18.70220947265625,18.875249897858044,18.66760059549969,18.833719245270167,52047500
2005-09-06,18.688369750976562,18.889097319031997,18.67452619727744,18.729899091879982,46089000
2005-09-07,18.584545135498047,18.764507367164498,18.563779805623263,18.646839804928508,44656100
2005-09-08,18.418428421020508,18.605311129045106,18.356133744947627,18.549938230335215,52552300
2005-09-09,18.39766502380371,18.563783737403988,18.363057453543135,18.425352136167515,41515800
2005-09-12,18.418428421020508,18.515330663714302,18.356133744947627,18.425350198383498,40550500
2005-09-13,18.32844352722168,18.522249299936284,18.25230662952872,18.369974184356547,63422900
2005-09-14,18.210777282714844,18.439190632616395,18.203855506027658,18.356131952757966,54969600
2005-09-15,18.183088302612305,18.293834069768888,18.14847942525482,18.25230473713359,60357200
2005-09-16,18.044666290283203,18.27307973749459,17.975449814117287,18.231550379872832,187384300
2005-09-19,17.996212005615234,18.183096062520164,17.899309748047155,18.058506691250212,61832300
2005-09-20,17.885465621948242,18.14848659277357,17.781641589259145,18.044662560084472,61043400
2005-09-21,17.643207550048828,17.926993837547208,17.601678203637732,17.85777738006597,68281800
2005-09-22,17.53938102722168,17.719343262977926,17.407869908747127,17.643205038567302,71314900
2005-09-23,17.490934371948242,17.677818432161605,17.387110334116688,17.518620165945997,66396800
2005-09-26,17.490934371948242,17.643209539421573,17.449403700660206,17.580914852683787,56203700
2005-09-27,17.53938102722168,17.615519251632303,17.51169392009275,17.560146357568378,48797900
2005-09-28,17.767791748046875,17.906224622795495,17.567064211680748,17.573985987437553,71019400
2005-09-29,17.954673767089844,17.99620309689,17.650122268103654,17.7262604728986,66807100
2005-09-30,17.809329986572266,17.961606488968588,17.726271276350996,17.933919372098565,57644500
2005-10-03,17.650135040283203,17.80933201987828,17.608605680431126,17.795488459862742,55341300
2005-10-04,17.290205001831055,17.57399129255891,17.13100807194843,17.55322727921413,151666300
2005-10-05,17.07562828063965,17.338649131719446,17.07562828063965,17.331728676859157,73684700
2005-10-06,17.117164611816406,17.26944108489698,16.97873301469987,17.06871348681591,81724600
2005-10-07,17.020263671875,17.193304171735303,16.971812543145194,17.144853043005497,50768700
2005-10-10,16.930282592773438,17.082559084051947,16.854145667328485,17.075637305339807,48880900
2005-10-11,16.895671844482422,16.992574087854564,16.784926046287392,16.96488829840283,76567300
2005-10-12,16.819528579711914,17.09639431253827,16.7987645738855,16.951039670785068,71294400
2005-10-13,17.020263671875,17.117165929334615,16.79877204328489,16.826457836761534,70192000
2005-10-14,17.07562828063965,17.117157610769386,16.95796074511073,17.103314060661607,53846700
2005-10-17,16.97872543334961,17.089471189670235,16.916430780395064,17.082549414876002,46924400
2005-10-18,17.00641632080078,17.186378558928094,16.92335763870753,16.951043426007296,69328200
2005-10-19,17.3663330078125,17.3663330078125,16.957957596804594,16.999486919224264,66574500
2005-10-20,17.158689498901367,17.39402326674232,17.124080621135274,17.338650382510266,58830600
2005-10-21,17.151777267456055,17.304052453779317,17.006422540343205,17.241757759330156,69431200
2005-10-24,17.373262405395508,17.373262405395508,17.082554380501303,17.22790773285144,51868000
2005-10-25,17.324819564819336,17.394034725561603,17.18638660294567,17.269446644108783,41310500
2005-10-26,17.380184173583984,17.532459302664897,17.25559483152054,17.283280618538008,58178100
2005-10-27,17.200231552124023,17.49093973937832,17.200231552124023,17.45633083601788,61566100
2005-10-28,17.670888900756836,17.719340009141362,17.373259154744826,17.373259154744826,106559300
2005-10-31,17.788564682006836,17.85777982878497,17.650131748061963,17.72626999375107,75122100
2005-11-01,17.96851921081543,18.065422757939807,17.72626364348906,17.72626364348906,71370400
2005-11-02,18.314599990844727,18.342287095625498,17.947755093856262,17.947755093856262,75067100
2005-11-03,18.300764083862305,18.439195695030218,18.169252931087655,18.411509900874346,73421600
2005-11-04,18.45302963256836,18.487637187270714,18.307676318586164,18.363049198226086,57464000
2005-11-07,18.695287704467773,18.74373881231206,18.48071794678865,18.494560177462965,77104800
2005-11-08,18.722976684570312,18.812958460390696,18.529172220084376,18.646839782176794,60091700
2005-11-09,18.66067886352539,18.792189956639245,18.646836632824204,18.674522414420256,59562100
2005-11-10,18.75066566467285,18.792195008327617,18.43919228677701,18.646841645438915,73314800
2005-11-11,18.882179260253906,18.958316180203234,18.77835390726029,18.79219746368533,51945600
2005-11-14,18.944475173950195,18.99292630438935,18.82680757708612,18.937553395288273,67152200
2005-11-15,19.090242385864258,19.118010646703294,18.916694727810945,18.972229925425463,65081000
2005-11-16,19.256851196289062,19.354037477337204,19.048594501453397,19.076361442868393,86277000
2005-11-17,19.416522979736328,19.437349187671995,19.27074349637967,19.333220796122333,91351000
2005-11-18,19.48594093322754,19.610895523635495,19.367928411627165,19.52065127726544,75431200
2005-11-21,19.548419952392578,19.60395518368659,19.32627902721654,19.485942651678773,65794400
2005-11-22,19.37487030029297,19.492882820796098,19.340161280642022,19.478998683310028,104253300
2005-11-23,19.381807327270508,19.499819817075196,19.256852770528617,19.381807327270508,70541300
2005-11-25,19.27074432373047,19.395698928580472,19.0694282772356,19.298511278105806,44082500
2005-11-28,19.2637939453125,19.33321328740567,19.111072451958584,19.291562211775297,57517200
2005-11-29,19.215200424194336,19.291561831397562,19.15966521642757,19.291561831397562,62220400
2005-11-30,19.215200424194336,19.277677698439923,19.180490091800234,19.215200424194336,55904700
2005-12-01,19.360979080200195,19.506759822346154,19.249908669071726,19.249908669071726,61006100
2005-12-02,19.444286346435547,19.506763630399913,19.291564832335983,19.312389710948104,42319600
2005-12-05,19.333219528198242,19.451232050632104,19.23603188826996,19.38875475498687,47517300
2005-12-06,19.22214698791504,19.381810582091646,19.21520491981204,19.367926445885654,65980000
2005-12-07,19.2637939453125,19.2637939453125,19.12495526112616,19.208258736450727,55583200
2005-12-08,19.22214698791504,19.30544915702279,19.159669699052174,19.236029800056926,63931600
2005-12-09,19.23602294921875,19.319326412722386,19.187429813868143,19.23602294921875,48467000
2005-12-12,19.055543899536133,19.263800674499603,18.972240395112173,19.229091653360452,63757200
2005-12-13,18.833398818969727,19.041656886554783,18.743154583194396,18.944470582786874,104285500
2005-12-14,18.805633544921875,18.909761925950654,18.639027870462986,18.743156251491765,65076200
2005-12-15,18.687625885009766,18.81952257477046,18.61126443450654,18.798696363524705,79018100
2005-12-16,18.673728942871094,18.798683476557077,18.6112516760281,18.65984481155851,88542500
2005-12-19,18.62514877319336,18.65291705514935,18.500194152520514,18.61820670270436,68680100
2005-12-20,18.645971298217773,18.659854112386476,18.51407463313285,18.576551931117063,62960600
2005-12-21,18.555723190307617,18.680677769215674,18.54183905397025,18.652910820605058,75800900
2005-12-22,18.458534240722656,18.59043086891116,18.340521746883244,18.54183639868934,91276900
2005-12-23,18.49324607849121,18.514072283197308,18.3544086859763,18.40994390779509,30689200
2005-12-27,18.368295669555664,18.639031095958465,18.36135492380829,18.521018557286585,37819000
2005-12-28,18.3196964263916,18.507128276926522,18.29192948042198,18.402999912428452,35444400
2005-12-29,18.236385345458984,18.396048847872866,18.22944328134577,18.333571594917288,34495500
2005-12-30,18.153091430664062,18.264161866661553,18.11838241593886,18.153091430664062,49044600
2006-01-03,18.632091522216797,18.743162005956556,18.11839020390426,18.222518616902207,79973000
2006-01-04,18.722320556640625,18.798681948589504,18.58348322699047,18.58348322699047,57975600
2006-01-05,18.736207962036133,18.83339424218639,18.68067275565545,18.715381763119467,48245500
2006-01-06,18.680679321289062,18.743156615933984,18.389119054300856,18.666795183798143,100963000
2006-01-09,18.645971298217773,18.7917507774714,18.576551931117063,18.694564457968983,55625000
2006-01-10,18.743148803710938,18.757032935414895,18.4585307240982,18.500181795146393,64921900
2006-01-11,18.94447898864746,19.013897051246573,18.673743513065176,18.750104970801804,70120700
2006-01-12,18.840347290039062,18.92365081019742,18.7223347421857,18.91670873984551,45994800
2006-01-13,18.875049591064453,18.91670067134602,18.750095026155787,18.76397916093763,41418000
2006-01-17,18.736207962036133,18.875046640019725,18.673730689349895,18.673730689349895,58566600
2006-01-18,18.62514877319336,18.72927718239921,18.534904504965503,18.562671462856937,52376200
2006-01-19,18.757036209106445,18.90975771231364,18.63902371715328,18.652907851280453,60367600
2006-01-20,18.333580017089844,18.750094786779915,18.229451655683313,18.750094786779915,79165900
2006-01-23,18.291933059692383,18.416887651166128,18.257222715358424,18.33358414882888,47925600
2006-01-24,18.243330001831055,18.361342460397804,18.20167761123324,18.28498106836534,63040700
2006-01-25,18.326642990112305,18.444655518580078,18.208630461644532,18.33358505932386,59072100
2006-01-26,18.39606285095215,18.54878440550443,18.264166180528058,18.43771394327289,69509300
2006-01-27,19.291568756103516,19.40263921150577,18.875053886312912,18.90282083813134,134520700
2006-01-30,19.437345504760742,19.56230008057017,19.284623981029263,19.31239092895131,103999200
2006-01-31,19.541471481323242,19.701135053480805,19.347098897501485,19.374865842020053,94841300
2006-02-01,19.465116500854492,19.48594138369441,19.27074254194153,19.409579949109986,68448800
2006-02-02,19.215200424194336,19.430399188782584,19.124954884033468,19.41651505582494,55073400
2006-02-03,19.118013381958008,19.22908379307812,18.979174706025994,19.076360984740155,75022700
2006-02-06,18.861160278320312,19.11801140501512,18.805625078503002,19.09718520855978,60170500
2006-02-07,18.701496124267578,18.847275522430554,18.61125060001697,18.708438189522514,72159500
2006-02-08,18.680679321289062,18.79869184183344,18.541840594508308,18.750098684679443,51795200
2006-02-09,18.50712776184082,18.763978956247165,18.500185694525626,18.71538448504081,52861700
2006-02-10,18.5279541015625,18.66679147670692,18.402999537087744,18.479360954058752,52127000
2006-02-13,18.3196964263916,18.534896546960137,18.284987412913576,18.486302074401312,46707000
2006-02-14,18.500186920166016,18.521013123491336,18.29193018316898,18.33358126575558,58432900
2006-02-15,18.72308349609375,18.757911458552908,18.458397624158785,18.528052220526174,62808900
2006-02-16,18.674318313598633,18.737007292754853,18.507148145365516,18.702180672579352,48868500
2006-02-17,18.59771156311035,18.67433044297212,18.50019457188888,18.57681478030191,41513200
2006-02-21,18.486257553100586,18.61163421574536,18.34694837876095,18.61163421574536,50216100
2006-02-22,18.61163330078125,18.70915024944528,18.437497505692743,18.47929105307048,43043100
2006-02-23,18.569843292236328,18.730047923934002,18.48625884463356,18.618601108096417,47359100
2006-02-24,18.548946380615234,18.625566564150656,18.472327525630643,18.5210853411347,44753800
2006-02-27,18.84149742126465,18.98777221821336,18.5768115281184,18.632534943967666,51301500
2006-02-28,18.71611213684082,19.015624529138325,18.71611213684082,18.771835527099707,65036100
2006-03-01,18.90418815612793,18.945981718243928,18.77184586174739,18.792741314254236,53061200
2006-03-02,18.785764694213867,18.876316030431365,18.73700689558154,18.82059264220151,41850300
2006-03-03,18.757911682128906,18.918116325697735,18.625568080308554,18.674325899781593,45218800
2006-03-06,18.743976593017578,18.911146794343352,18.68825319257565,18.75094218414165,53054100
2006-03-07,18.84845733642578,18.8763197002327,18.67432154828443,18.737010538299366,51613900
2006-03-08,18.98080062866211,19.154936414246166,18.785768070529745,18.799699252228617,57547400
2006-03-09,18.806659698486328,19.09920779138257,18.806659698486328,18.994726614323252,45360700
2006-03-10,18.92506980895996,18.95989642099929,18.723071739191614,18.848449668213334,41297200
2006-03-13,18.883289337158203,19.008667344051837,18.764876922708762,18.932047155716635,40342600
2006-03-14,18.966875076293945,19.07135631294408,18.79970483194353,18.83453279652758,39821800
2006-03-15,19.057422637939453,19.120111633081418,18.813632248893008,18.945975830698348,57152000
2006-03-16,18.99473762512207,19.141011092086327,18.95990966021319,19.04349544744349,73793700
2006-03-17,19.154935836791992,19.26638262992201,18.994731237736413,19.050454634301424,120615000
2006-03-20,19.426586151123047,19.496240725102272,19.27334715120915,19.294243921968064,67094100
2006-03-21,19.32210922241211,19.6564496571029,19.280317000213458,19.32210922241211,73199600
2006-03-22,18.911144256591797,19.154934599016652,18.667353914166945,18.862386453816924,145696100
2006-03-23,18.702184677124023,18.876320472388585,18.569841100728766,18.862389289915257,73682900
2006-03-24,18.813634872436523,18.952942736638885,18.541983407973632,18.604671083306595,69157600
2006-03-27,18.813634872436523,19.015631740522775,18.80666927994377,18.813634872436523,59908600
2006-03-28,18.737003326416016,18.952931248606337,18.674314360530097,18.813623468843275,58520500
2006-03-29,18.820594787597656,18.945972757544503,18.75094021223268,18.771836983407333,53150300
2006-03-30,18.966875076293945,19.07832190586089,18.80667042486034,18.82756720361077,54612000
2006-03-31,18.95294189453125,19.182802450926403,18.95294189453125,19.015630895629773,62190500
2006-04-03,19.19672966003418,19.315142053722102,19.113145222460755,19.273349834935388,57605300
2006-04-04,19.252460479736328,19.363907325144694,19.13404804042104,19.224599432659833,45470000
2006-04-05,19.32210922241211,19.461418401142,19.25245463304716,19.41962485039256,41539300
2006-04-06,19.19672966003418,19.3081764624992,19.064387412451143,19.266384243712487,51885500
2006-04-07,18.98080062866211,19.308175427281913,18.966869446963237,19.231556585039346,47249400
2006-04-10,19.0086727142334,19.113153973311682,18.94598369307617,18.966879147761052,39432000
2006-04-11,18.897216796875,19.02956037942848,18.806666763686245,19.008664933296863,42953400
2006-04-12,18.945981979370117,18.945981979370117,18.78577597948636,18.876327370101247,32183000
2006-04-13,18.855426788330078,18.945978160693787,18.80666897023465,18.862392380708123,28160000
2006-04-17,18.695226669311523,18.841500158962962,18.61860646317912,18.82757029938989,35796200
2006-04-18,18.959903717041016,19.154936273742795,18.68128672786033,18.764872488889836,56272700
2006-04-19,18.82756805419922,18.93901488880109,18.77880890157872,18.883291471500154,45111100
2006-04-20,18.82756805419922,18.93901488880109,18.59770879176398,18.841497912111155,45648300
2006-04-21,18.911144256591797,19.07831443548443,18.806663060852713,18.841489683248913,58528000
2006-04-24,18.883289337158203,18.980804974275067,18.792737963934616,18.855426967381433,42318400
2006-04-25,18.883289337158203,18.952942604498297,18.820600333711386,18.869358152269818,49222500
2006-04-26,18.876317977905273,18.966867994914466,18.80666340329408,18.862386797272933,39190000
2006-04-27,18.98080062866211,19.245486438187605,18.76487262653205,18.785768070529745,96509600
2006-04-28,16.82152557373047,17.065316068997845,16.717044312487683,16.87724900163004,591052200
2006-05-01,16.919038772583008,17.413583918154092,16.779729569817366,16.939934223012138,174800900
2006-05-02,16.724000930786133,17.413578479133758,16.64738076034175,17.058341318733355,190533500
2006-05-03,16.138900756835938,16.730962550303435,16.124969578507223,16.71006578281036,211527100
2006-05-04,16.326969146728516,16.48717372626332,16.118005438658837,16.264280167162653,171257400
2006-05-05,16.577730178833008,16.68221273774677,16.382698903102618,16.48021454096781,131604300
2006-05-08,16.528966903686523,17.41357693061382,16.375727904975296,16.612552657515682,80693500
2006-05-09,16.452354431152344,16.71704031829626,16.361803052106346,16.54290448164734,75345900
2006-05-10,16.556833267211914,16.570764450976483,16.431455270432394,16.48717867693987,76563300
2006-05-11,16.173734664916992,16.570765454957506,16.12497684733769,16.515040716523,92916700
2006-05-12,16.138900756835938,16.27820988302251,16.055315015413935,16.118003989342863,83115900
2006-05-15,16.1878604888916,16.24380120705209,16.103950078516835,16.15289804019077,67314800
2006-05-16,16.08995819091797,16.782224804036716,16.020031987488203,16.19484682919692,82095100
2006-05-17,15.894168853759766,16.138909956883115,15.894168853759766,16.006050272262147,98598300
2006-05-18,15.964098930358887,16.18086906435805,15.915150964655725,15.971091687421058,95476400
2006-05-19,15.775290489196777,16.013038773789706,15.747320808867153,15.93612115258472,100071200
2006-05-22,15.999051094055176,16.09694829624262,15.69837073612076,15.71934766008643,87322300
2006-05-23,15.936120986938477,16.348682770198792,15.922135480053354,16.159883762175035,79986300
2006-05-24,16.432592391967773,16.460563402187617,16.068977261496833,16.075970014051794,107356700
2006-05-25,16.60042381286621,16.726290762367977,16.460572684100196,16.481549619862538,83052700
2006-05-26,16.586435317993164,16.698316734384928,16.474553901601404,16.621399094197894,46861600
2006-05-30,16.1878604888916,16.61440929844777,16.18086773240505,16.46756407969404,52497500
2006-05-31,15.838229179382324,16.327711417611912,15.838229179382324,16.26477794887577,120202000
2006-06-01,15.957100868225098,15.971086377699839,15.817249774672447,15.90116016405772,80230800
2006-06-02,15.915139198303223,16.075968490633024,15.852205765003553,15.992058135387499,73935600
2006-06-05,15.7333345413208,15.894163863203236,15.72634178814357,15.887171110026005,63914100
2006-06-06,15.474604606628418,15.775286258488645,15.369715999492081,15.768293506848757,126601300
2006-06-07,15.411667823791504,15.656407388125551,15.390689575249759,15.488585400983377,73827500
2006-06-08,15.460620880126953,15.530545731067646,15.362723688094116,15.404680199135777,104126900
2006-06-09,15.327766418457031,15.51656678045857,15.306788155879698,15.488595763688792,52573800
2006-06-12,15.180925369262695,15.453637521879168,15.173933946903677,15.35574027033886,74309700
2006-06-13,15.041067123413086,15.404682265496024,15.006103359521715,15.194903683341458,113175300
2006-06-14,15.29979419708252,15.341750718933808,15.069038661825969,15.097009676393496,86081500
2006-06-15,15.432658195495605,15.474613395432389,15.243857795182448,15.390702995558824,121577300
2006-06-16,15.453632354736328,15.579499254822865,15.236862323326964,15.362727889682095,147506500
2006-06-19,15.76830005645752,15.803263829179711,15.467619613435991,15.481603788793313,129640900
2006-06-20,15.775290489196777,15.91514289203898,15.73333530183666,15.761306315897645,90598500
2006-06-21,16.138898849487305,16.187846769677837,15.754306904792443,15.810247575543166,91660300
2006-06-22,15.999051094055176,16.2018369172645,15.929126235861371,16.124917972773904,76590600
2006-06-23,15.7333345413208,15.99206107395318,15.7333345413208,15.978075567598717,60532600
2006-06-26,15.957100868225098,16.006048817655103,15.824241195678226,15.83822670515297,53644100
2006-06-27,15.985063552856445,16.194840750677244,15.971078050673485,16.006040472399988,84759100
2006-06-28,16.194854736328125,16.25778821676902,16.02003980926609,16.055002261185678,71906500
2006-06-29,16.411623001098633,16.523504434962447,16.236808093969934,16.30673432356779,121395500
2006-06-30,16.29273796081543,16.537478934557672,16.29273796081543,16.460561333581715,73048800
2006-07-03,16.572446823120117,16.5864309962266,16.397631988841347,16.4535726824613,25711400
2006-07-05,16.32770347595215,16.44657759977527,16.292739713809375,16.418606590061053,53093500
2006-07-06,16.418607711791992,16.509512165842704,16.37665252808541,16.39763078680432,44775200
2006-07-07,16.29273796081543,16.46755275152689,16.29273796081543,16.355671392170034,63168800
2006-07-10,16.432592391967773,16.544473765384804,16.348680695039413,16.383644457814217,50565100
2006-07-11,16.152894973754883,16.34169536185448,15.90116112295542,16.34169536185448,88676300
2006-07-12,15.831230163574219,15.999052235933195,15.817245991176092,15.936120125813444,77379300
2006-07-13,15.565509796142578,15.810250780437453,15.558517044164889,15.6424287341661,73099500
2006-07-14,15.586492538452148,15.768298807278471,15.544536014509351,15.579499784461682,67499400
2006-07-17,15.71934700012207,15.810251445927346,15.56551045133076,15.586488708146852,37053500
2006-07-18,15.901155471801758,15.915140977149532,15.719347903474292,15.79626684915585,65047300
2006-07-19,16.3626651763916,16.4046203553652,15.88716870225387,15.95709488969726,82188200
2006-07-20,15.97807502746582,16.397630867797705,15.929127090611164,16.390638114856863,76605200
2006-07-21,16.691320419311523,16.887112173729005,16.08296422902406,16.838164235124633,175483800
2006-07-24,16.782230377197266,16.859149359886942,16.635386501588073,16.789223133235588,59586700
2006-07-25,16.93606185913086,16.98501113651519,16.712299068871086,16.782225274260124,60075800
2006-07-26,17.04094696044922,17.15282832358156,16.85214666001425,16.866132163838554,54942100
2006-07-27,16.691320419311523,17.20177939865895,16.621394221134725,17.18779389227733,85386800
2006-07-28,16.95703125,16.978009500761623,16.82417166263787,16.838157163145617,51705800
2006-07-31,16.824180603027344,17.075914411015503,16.78921816690963,16.831173356997176,40254400
2006-08-01,16.775224685668945,16.922069781776727,16.6773288440843,16.796202937607433,49168700
2006-08-02,16.992000579833984,17.061926777087756,16.80320158109946,16.866135025254728,46462000
2006-08-03,16.929065704345703,17.117866020848655,16.887110523033215,16.91508153306232,43155300
2006-08-04,16.985010147094727,17.12486121599468,16.887112931760264,17.061927768183725,45690400
2006-08-07,16.93606185913086,17.117869459649782,16.915084931126152,16.978018382603143,36862400
2006-08-08,17.019969940185547,17.14583681627882,16.92207407377129,17.054932368553168,58171300
2006-08-09,17.089900970458984,17.22975205726601,17.019974760189708,17.124863408727858,44405700
2006-08-10,17.103891372680664,17.201788636192518,17.019980956792807,17.04095922763078,31753400
2006-08-11,17.082901000976562,17.09688650386985,16.922071718896664,17.082901000976562,30255500
2006-08-14,17.152828216552734,17.20177614590133,17.026961350381463,17.145835464684215,47831900
2006-08-15,17.279163360595703,17.30021753567368,17.152832955556356,17.230033828580392,48994500
2006-08-16,17.335311889648438,17.35636606695034,17.173888944690113,17.272146680456704,52373600
2006-08-17,17.335311889648438,17.370403077580285,17.272146680456704,17.335311889648438,45674800
2006-08-18,18.100311279296875,18.107328445857444,17.53182440559544,17.580952603377366,128414800
2006-08-21,18.3319091796875,18.338926343409053,17.938881079158065,18.00906476415564,88398300
2006-08-22,17.981006622314453,18.423161919376334,17.981006622314453,18.254721742464973,89312400
2006-08-23,18.01609230041504,18.21260644921879,17.9108173894514,18.00205528864839,44648500
2006-08-24,18.06521224975586,18.14943294323592,17.896772201438246,18.121358932528395,35933300
2006-08-25,18.14242172241211,18.247696627534662,18.030128311795647,18.04416398414042,33115900
2006-08-28,18.21260643005371,18.24769762079029,18.030129293208635,18.135404204061494,34190900
2006-08-29,18.135404586791992,18.23366099384252,17.988018637573056,18.191551296341316,42711200
2006-08-30,18.107330322265625,18.170495537000296,17.99503690465802,18.142422851919957,30283100
2006-08-31,18.037147521972656,18.233660328907387,18.02311051043643,18.156459442744357,26380500
2006-09-01,18.135404586791992,18.22664248781846,17.995037143597113,18.17049577826914,31594600
2006-09-05,17.97397804260254,18.219618992968396,17.938885522091145,18.03012473677799,44222400
2006-09-06,17.97397804260254,18.051178910442047,17.903794340222532,17.903794340222532,50160400
2006-09-07,17.847646713256836,18.037142298186218,17.819572698314982,17.882737893291445,51266900
2006-09-08,17.966962814331055,18.100311739301667,17.868705077627062,17.91783461530057,36866800
2006-09-11,18.184524536132812,18.2125985474859,17.840625928912726,17.847644431750997,55608200
2006-09-12,18.198570251464844,18.23366144380796,18.051184298608753,18.177514732873064,52248800
2006-09-13,18.233659744262695,18.317880472136483,18.121366332859687,18.121366332859687,37706700
2006-09-14,18.47930335998535,18.598615285171803,18.233661003584643,18.240679509612452,74324500
2006-09-15,18.84425926208496,18.907424483123986,18.591598377928864,18.65476359896789,126057700
2006-09-18,18.802139282226562,18.977597836161596,18.71791858733503,18.767046768254037,49135000
2006-09-19,18.85127067565918,18.90741736894085,18.753012958434184,18.76704996641529,43039100
2006-09-20,19.075849533081055,19.11094069982965,18.94250068988042,18.956537692036736,71676400
2006-09-21,18.87934112548828,19.12498338160438,18.844249948318524,19.11796487844191,58495100
2006-09-22,18.71090316772461,18.844252065508385,18.584572773891846,18.830215057606356,47712500
2006-09-25,18.91443634033203,19.08287642433942,18.80214295099377,18.816178620678958,67903900
2006-09-26,19.089902877807617,19.174122285560063,18.86531466696661,18.886370188226397,54766500
2006-09-27,19.258333206176758,19.27938737805116,19.033746448565335,19.07585613095681,66233900
2006-09-28,19.230266571044922,19.314487306787075,19.132010161548394,19.279394775793186,44179700
2006-09-29,19.19516944885254,19.244297638423944,19.096911731066964,19.19516944885254,34283500
2006-10-02,19.202194213867188,19.293432118728035,19.05480825845418,19.174120188591107,52908100
2006-10-03,19.209205627441406,19.286406491158818,19.096910906443632,19.209205627441406,39386200
2006-10-04,19.609256744384766,19.623292417330656,19.209211284600165,19.223246957546056,82191200
2006-10-05,19.59521484375,19.728563743288415,19.496958464428417,19.59521484375,81967200
2006-10-06,19.560117721557617,19.65135556912592,19.405713356783373,19.482915539170495,36452200
2006-10-09,19.45485496520996,19.60224092984327,19.38467257491564,19.51100168063139,33366300
2006-10-10,19.433795928955078,19.475905620341194,19.258337319762813,19.433795928955078,34598500
2006-10-11,19.328519821166992,19.41975770323241,19.244299105024183,19.272371784643205,37219600
2006-10-12,19.805768966674805,19.854898505784202,19.328522634542537,19.3565953182477,120174900
2006-10-13,19.911039352416992,20.135626110539157,19.868928331287083,19.88998384185204,129751900
2006-10-16,19.967185974121094,20.072460849302914,19.882965270790034,19.988240145971858,49744800
2006-10-17,19.960163116455078,20.009291291580123,19.77066757927931,19.819795754404353,40122600
2006-10-18,20.016307830810547,20.14263817654017,19.833830813494675,20.002270828253426,40630800
2006-10-19,19.85489273071289,19.967186110157577,19.735580847722577,19.89700241334398,44730800
2006-10-20,19.953153610229492,19.995263302372624,19.770676492751953,19.988244797241606,48887800
2006-10-23,19.967185974121094,20.13562604214054,19.777690395608214,19.861909760296605,48525000
2006-10-24,19.847875595092773,19.953150478247434,19.74259937329535,19.953150478247434,61409600
2006-10-25,19.86893081665039,19.974205705358436,19.74961891914318,19.847876642094484,40717100
2006-10-26,19.897001266479492,19.939110946683375,19.679433023676392,19.88296426019733,69964200
2006-10-27,19.889982223510742,20.205808163074636,19.826817035597962,19.995257090484518,89060100
2006-10-30,20.023340225219727,20.24090856124526,19.875954273391148,19.897009791836137,47296800
2006-10-31,20.1496639251709,20.24792164629722,20.044389038418167,20.114572742467594,61861700
2006-11-01,20.219850540161133,20.34618095790863,20.14264965937111,20.19879636296522,75895900
2006-11-02,20.191770553588867,20.254935739613476,20.05842167879886,20.149659537144114,58674400
2006-11-03,20.16370391845703,20.304071347333878,20.079484532045335,20.24792464351174,41124500
2006-11-06,20.24090003967285,20.388284590808247,20.18475335276757,20.191771855961054,60446200
2006-11-07,20.318103790283203,20.402323157761735,20.21282757297097,20.254938595352947,56511200
2006-11-08,20.339157104492188,20.51461567441771,20.114570349170343,20.198791051737363,77403300
2006-11-09,20.535675048828125,20.633931438109244,20.353197941132546,20.430400154792228,89407500
2006-11-10,20.521638870239258,20.556731395434056,20.45847366353158,20.472510673609502,37855100
2006-11-13,20.598844528198242,20.676045419237802,20.465495587467107,20.486551106101448,47271800
2006-11-14,20.584754943847656,20.718559750348756,20.47207763623182,20.619967441989765,63012500
2006-11-15,20.50729751586914,20.67631353812933,20.500255013705807,20.51433867481253,63943200
2006-11-16,20.75377082824707,20.873490635047006,20.514331214647196,20.52137371424948,64328500
2006-11-17,20.704477310180664,20.803070973945367,20.61996999063335,20.641096148910368,49356700
2006-11-20,21.049545288085938,21.127011426479843,20.774894569371845,20.788979566028775,85703800
2006-11-21,21.070680618286133,21.127019282644397,20.979130792411347,21.063638117338886,66446600
2006-11-22,21.070680618286133,21.127019282644397,21.000256952033375,21.105891779802654,43907200
2006-11-24,20.958003997802734,21.01434266406485,20.873495326799684,20.887580329170152,20456700
2006-11-27,20.760812759399414,20.94391371438699,20.655177954696423,20.90870256055913,72722100
2006-11-28,20.69743537902832,20.71856288110614,20.51433439067955,20.662224218784953,52602300
2006-11-29,20.824195861816406,20.972085676831444,20.72560354728608,20.732646047355324,58775100
2006-11-30,20.676307678222656,20.824196152079526,20.655180177720432,20.71856133600754,53297400
2006-12-01,20.50729751586914,20.634058525149328,20.352365154715674,20.58476235322593,72257000
2006-12-04,20.655181884765625,20.788986712565528,20.542504559214024,20.584758220490954,55123400
2006-12-05,20.51433563232422,20.704479132874166,20.443913307575123,20.676310471618475,45606000
2006-12-06,20.415740966796875,20.51433328473886,20.331233649480772,20.49320712701963,48564100
2006-12-07,20.317140579223633,20.47207149491356,20.288970589160524,20.394605365459068,46831100
2006-12-08,20.704477310180664,20.704477310180664,20.28193668278522,20.29602168378298,108854900
2006-12-11,20.803070068359375,20.9509585427392,20.500249276187848,20.556587934506766,107712000
2006-12-12,20.725597381591797,20.86644331141754,20.577707610572748,20.817147168817574,68529400
2006-12-13,20.810115814208984,20.845328322935313,20.64814230372746,20.845328322935313,46002500
2006-12-14,21.176307678222656,21.183350176586593,20.788979670740613,20.80306466746849,85866500
2006-12-15,21.260818481445312,21.288987134551697,21.148141182581064,21.225605986038136,102783700
2006-12-18,21.049545288085938,21.310112353362307,20.972080492911243,21.26081620828226,56986800
2006-12-19,21.119970321655273,21.24673261349305,20.796023436486994,20.922784385105473,53822100
2006-12-20,21.190401077270508,21.29603590817697,21.10589240661349,21.11997740892628,31202100
2006-12-21,21.112924575805664,21.22560185272801,21.04954343963446,21.218559355017973,32270500
2006-12-22,20.873493194580078,21.02842551838943,20.859409536868007,21.007298016991896,37971700
2006-12-26,21.119970321655273,21.127012820448403,20.704472295395576,20.796023436486994,37098300
2006-12-27,21.141103744506836,21.218568566508353,21.063637579285643,21.119976242204782,31248400
2006-12-28,21.112924575805664,21.14813706435583,20.993204801173288,21.028417289723453,26690600
2006-12-29,21.028417587280273,21.23264465088472,21.007290093851214,21.028417587280273,41739800
2007-01-03,21.028417587280273,21.303068285762468,20.70446940413028,21.063628733109592,76935100
2007-01-04,20.99321174621582,21.105889060414437,20.73264596083884,20.915746932216482,45774500
2007-01-05,20.873493194580078,20.950959356484756,20.739689715387883,20.866450694114235,44607200
2007-01-08,21.07771873474121,21.19743853950141,20.796025471546457,20.88053277889517,50220200
2007-01-09,21.098846435546875,21.253778749068,20.936872965247094,21.127016435539637,44636600
2007-01-10,20.887584686279297,21.049558217667766,20.725611154890828,20.98617703699923,55017400
2007-01-11,21.619976043701172,21.655187192906006,20.880529821426496,20.95799596154022,99464300
2007-01-12,21.97913932800293,22.105901644651308,21.57772622076277,21.5847687209343,103972500
2007-01-16,21.943923950195312,22.148152386234525,21.852374152011073,22.01434759514743,62379600
2007-01-17,21.90167236328125,22.141111972738056,21.838291211176838,22.014349668529228,58519600
2007-01-18,21.83124351501465,22.091810560887684,21.69039624537207,21.936878295637026,56364300
2007-01-19,21.908708572387695,21.908708572387695,21.61293039523,21.641099041844562,75826900
2007-01-22,21.634057998657227,21.915752543053056,21.486169571746636,21.8734975554622,56143900
2007-01-23,21.64814567565918,21.803076619689886,21.493214731628473,21.570679532034177,49171200
2007-01-24,21.894630432128906,22.04251889539839,21.58476716304401,21.676318315446565,58527800
2007-01-25,21.443927764892578,22.169287990434903,21.443927764892578,21.88759463375731,97378700
2007-01-26,21.549549102783203,21.993215693646167,21.549549102783203,21.986173196239577,96103700
2007-01-29,21.500255584716797,21.67631401168337,21.366450804120827,21.584762877458,57605900
2007-01-30,21.46504020690918,21.577717477558124,21.225600670975417,21.52842133955159,61900400
2007-01-31,21.732664108276367,21.901680126053915,21.373504566791617,21.415758235431028,73968400
2007-02-01,21.52137565612793,21.788985141715518,21.387572256552954,21.718561522180952,55355800
2007-02-02,21.260818481445312,21.718570175983736,21.2185634869567,21.704485177820867,60401700
2007-02-05,20.85236930847168,21.14110514293382,20.711521970247325,21.105892636767848,99102100
2007-02-06,20.78194236755371,20.950958340882043,20.577713893603086,20.83828102532982,79281100
2007-02-07,20.683351516723633,20.915748664407285,20.5988428524661,20.873493660668693,65145500
2007-02-08,20.605878829956055,20.986164340680133,20.563625182813208,20.591793833168698,48749000
2007-02-09,20.408693313598633,20.704471535964668,20.3734821641438,20.669260386509837,69823100
2007-02-12,20.380535125732422,20.486169971547476,20.303068945298744,20.345322614980777,52774400
2007-02-13,20.500659942626953,20.634928688125093,20.465325352823875,20.521860696508803,50348100
2007-02-14,20.776268005371094,20.981204631934908,20.59959905745488,20.613732896778682,55588600
2007-02-15,20.818668365478516,20.952937144525905,20.64906633567624,20.903470054318213,63858100
2007-02-16,20.309860229492188,20.451195914023895,20.246259306240617,20.429995156981043,109340300
2007-02-20,20.373458862304688,20.394659616964095,20.119055197899154,20.232123193662318,53978200
2007-02-21,20.74093246459961,20.76919879224877,20.309859847965022,20.31692676684655,68604900
2007-02-22,20.769195556640625,20.875197975472616,20.606660491317466,20.71266156227271,57754400
2007-02-23,20.42293357849121,20.691471179747687,20.415866657628953,20.649069654574138,63787100
2007-02-26,20.543067932128906,20.557201773436994,20.3663989594097,20.465333152811723,63481900
2007-02-27,19.695045471191406,20.472387391309265,19.63851148885781,20.28865161175596,87143300
2007-02-28,19.90705108642578,19.963585078751425,19.730382191923557,19.751582944499436,86333300
2007-03-01,19.85051918029785,20.020121175099167,19.596115514157457,19.659716430692555,80175700
2007-03-02,19.6173095703125,19.899979465125803,19.6173095703125,19.801045338910242,63254700
2007-03-05,19.468914031982422,19.723317702708027,19.36997987020107,19.42651386948711,56454300
2007-03-06,19.666791915893555,19.74452670282622,19.539590027413706,19.645591151854436,49361800
2007-03-07,19.511314392089844,19.71624962196621,19.468912884217392,19.6173154660174,52044700
2007-03-08,19.306385040283203,19.68092374607723,18.79757888627015,19.589055125846013,72175200
2007-03-09,19.285179138183594,19.41944654123109,19.101443307412623,19.377046379630663,80125000
2007-03-12,19.391178131103516,19.41944445317221,19.172107732656848,19.207442320088578,36516400
2007-03-13,18.882383346557617,19.36292327051218,18.875316424396217,19.256922133846338,75169500
2007-03-14,19.3629150390625,19.3629150390625,18.88944223854934,18.953043163086704,75730300
2007-03-15,19.278114318847656,19.412381736513556,19.221580314599652,19.30638064703317,51757100
2007-03-16,19.313451766967773,19.41945287950474,19.221584495536344,19.32758560807331,65055300
2007-03-19,19.666791915893555,19.666791915893555,19.221586654091514,19.320520857185873,49412000
2007-03-20,19.673851013183594,19.899987014826205,19.61731701277294,19.73745193213019,47902400
2007-03-21,20.154394149780273,20.154394149780273,19.47598468053781,19.716254560490647,72808200
2007-03-22,19.97772216796875,20.175590499400883,19.79398632601254,20.154391091248538,47934900
2007-03-23,19.80105209350586,19.977721006514564,19.645582587417024,19.942386415186718,50519800
2007-03-26,19.942392349243164,19.942392349243164,19.574921925226995,19.744523970436898,47491500
2007-03-27,19.589038848876953,19.89997635856978,19.5395717934914,19.815176077302024,58979800
2007-03-28,19.532508850097656,19.786912441378703,19.362906905202443,19.490108700842963,46947000
2007-03-29,19.61025619506836,19.680924054535957,19.42652029960352,19.673857133801466,42629900
2007-03-30,19.695045471191406,19.751579453525004,19.433574960475728,19.61024382375278,47061000
2007-04-02,19.603179931640625,19.737448665850106,19.47597811479761,19.709180996384248,41977600
2007-04-03,19.695045471191406,19.829312836810914,19.61024382375278,19.687978554915148,39821300
2007-04-04,20.140254974365234,20.33812463127884,19.716249336908508,19.79398408567399,63244200
2007-04-05,20.17559051513672,20.246258354079135,19.998921591719142,20.013055429083007,30131200
2007-04-09,20.189722061157227,20.295723133602266,20.062520235072473,20.196788979037134,31384600
2007-04-10,20.069591522216797,20.23919354462754,19.942389668439475,20.14025936852387,38643100
2007-04-11,19.864652633666992,20.189722780463402,19.779850963963643,19.99892003453848,44050200
2007-04-12,20.168521881103516,20.225055874095588,19.81518408793388,19.829316575274365,43762100
2007-04-13,20.21799659729004,20.28159753192683,19.85759175030729,20.090794728016455,36002900
2007-04-16,20.302797317504883,20.31693115832295,19.93532554349859,20.210930047941936,30740100
2007-04-17,20.387590408325195,20.415856730152026,20.18265384660479,20.232120920709253,33170200
2007-04-18,20.210933685302734,20.26040078919132,20.041331608594376,20.2180006069836,41778400
2007-04-19,20.27452850341797,20.41586285067647,19.970657702390422,20.02719171086924,43648800
2007-04-20,20.50773048400879,20.56426448980568,20.281594460821218,20.479462807171835,60311500
2007-04-23,20.338123321533203,20.486524543754015,20.260388577773725,20.465323791489606,41739100
2007-04-24,20.345199584960938,20.465333192681836,20.203863867359306,20.345199584960938,34236700
2007-04-25,20.486528396606445,20.493595315356973,20.27452622559835,20.394661148603454,39475000
2007-04-26,20.564268112182617,20.740937079902608,20.42999931930979,20.557201191728545,68760300
2007-04-27,21.285070419311523,21.723208552026165,21.200268751240774,21.32040366141288,128298800
2007-04-30,21.15787124633789,21.461742018900036,21.15787124633789,21.29213866147427,67788800
2007-05-01,21.482929229736328,21.49706305947616,21.129591573497652,21.157859232977316,73539300
2007-05-02,21.631349563598633,21.68788358124781,21.41227906581544,21.475880004155425,80686700
2007-05-03,21.8857479095459,21.90694866768585,21.57481154408893,21.624278631871764,82036800
2007-05-04,21.596012115478516,21.69494764424058,21.405210673468574,21.680813804720696,104385900
2007-05-07,21.702001571655273,21.737336151495793,21.539466548018087,21.5677342118905,59889100
2007-05-08,21.73027992248535,21.864548696159947,21.610144987697993,21.680812834257097,60551700
2007-05-09,21.751468658447266,21.857469695759,21.603066127909784,21.694934682022588,51735000
2007-05-10,21.610143661499023,21.85748043533848,21.57481041432638,21.680811503721294,55398600
2007-05-11,21.82921600341797,21.89281693608228,21.588946112881054,21.603079953001387,43425300
2007-05-14,21.8857479095459,21.899881748305866,21.772679895220264,21.793880653360215,70188500
2007-05-15,21.907014846801758,22.041718554629778,21.864477331998305,21.907014846801758,75013900
2007-05-16,22.02753257751465,22.04171219577283,21.843201596886736,21.97790526585383,45833600
2007-05-17,21.963727951049805,22.077162204526083,21.949548331304527,21.999177000412995,41045600
2007-05-18,21.857389450073242,21.97082373439024,21.680148211797512,21.95664411078978,58453000
2007-05-21,22.01336669921875,22.091353296072402,21.786498074455764,21.786498074455764,41836400
2007-05-22,21.758132934570312,21.928284346541144,21.73686350098275,21.90701491295358,39999500
2007-05-23,21.680143356323242,21.864474365116518,21.673053546110843,21.864474365116518,46322500
2007-05-24,21.389469146728516,21.836116398223563,21.240585828068095,21.65178673091921,64046400
2007-05-25,21.60924530029297,21.736859171916592,21.396556415748893,21.46745316134457,47726500
2007-05-29,21.82903289794922,21.857390794651266,21.54544581746826,21.6163425875885,42373100
2007-05-30,22.055898666381836,22.070076936802117,21.63051945217882,21.658877345262624,57376800
2007-05-31,21.758132934570312,22.09134594731612,21.7014157972467,22.062988054775925,85290500
2007-06-01,21.68723487854004,21.907013603501756,21.658875635451746,21.829028389495228,39469400
2007-06-04,21.779401779174805,21.80776102495207,21.552533221929743,21.566712844818376,41434500
2007-06-05,21.680143356323242,21.715591055142205,21.502902157742366,21.70850259717284,44265000
2007-06-06,21.47454261779785,21.64469399308212,21.44618337912901,21.53125974289261,38217500
2007-06-07,20.999534606933594,21.474541000928923,20.978265179533388,21.283120211055547,71971400
2007-06-08,21.30438995361328,21.31147976330157,20.85065295150617,20.971177011721238,61346200
2007-06-11,21.283117294311523,21.446178825304532,21.21931037309815,21.22640018125993,48467400
2007-06-12,21.162607192993164,21.439103132127574,21.105890042600375,21.240592429631047,56981800
2007-06-13,21.54543685913086,21.559616477707873,21.162596623251464,21.24767163022784,64435600
2007-06-14,21.637609481811523,21.77231184174428,21.48163633542564,21.517085392442095,59065700
2007-06-15,21.616342544555664,21.89283846000641,21.57380502346557,21.87866018780532,100933000
2007-06-18,21.630516052246094,21.779398010081767,21.566709112532795,21.75812993167269,45412600
2007-06-19,21.595069885253906,21.736863404052244,21.53835274818321,21.60924950758238,46802600
2007-06-20,21.27603530883789,21.630517733805714,21.240586254995225,21.58089041066912,46861600
2007-06-21,21.42491340637207,21.48163053002737,21.205134721238146,21.25476203540617,56564800
2007-06-22,20.907379150390625,21.33984826336364,20.879021251573317,21.268951487955086,86219900
2007-06-25,20.907379150390625,21.105889851085873,20.829392562216864,20.89319952486021,53905800
2007-06-26,20.928647994995117,21.127157337815657,20.914468369866942,20.949916080443902,48340300
2007-06-27,21.176782608032227,21.23349974714784,20.81521033907897,20.81521033907897,53468600
2007-06-28,21.14842414855957,21.247678807640938,21.042079677794778,21.169693583609853,46055200
2007-06-29,20.8931941986084,21.219318741452195,20.588340440881236,21.176781227948457,71193900
2007-07-02,21.084611892700195,21.127149399858922,20.90737070192204,21.03498457564119,47316000
2007-07-03,21.283117294311523,21.424909400819192,21.112965955156735,21.120055763318515,35202600
2007-07-05,21.261856079101562,21.42491767305321,21.14842180920101,21.304393592253476,47838500
2007-07-06,21.247682571411133,21.297311261986252,21.02790377926696,21.20514504601887,57541000
2007-07-09,21.176782608032227,21.23349974714784,21.13424373951307,21.169692796612367,33831400
2007-07-10,20.7939395904541,21.261856296642154,20.687595130364667,21.056257187435005,66013500
2007-07-11,20.907379150390625,21.020813450146903,20.70886844969538,20.730137887991,48017000
2007-07-12,21.31856918334961,21.346928421584447,20.871921999094177,20.956997009312875,54302400
2007-07-13,21.14133644104004,21.28312998433446,21.027902147301884,21.226412837465382,42173000
2007-07-16,21.290212631225586,21.43909458455747,21.070432577864725,21.098791817876315,48023200
2007-07-17,21.821928024291992,21.892823393237073,21.276025029062982,21.28311483640599,77539600
2007-07-18,21.921201705932617,21.956649421263876,21.62343629952159,21.630526113036574,64414400
2007-07-19,22.3394832611084,22.57344161459141,21.928283689767255,22.01335871708298,121159300
2007-07-20,22.091346740722656,22.119705986524586,21.829030478271125,22.084256929272172,98292600
2007-07-23,22.112625122070312,22.346583585625186,22.062997774080465,22.2331492610073,48910600
2007-07-24,21.836118698120117,22.31821505352228,21.772311748008462,21.985002032461725,59729300
2007-07-25,21.772306442260742,22.190595745617287,21.531259675544202,21.970817055592924,54950100
2007-07-26,21.254764556884766,21.644696011485525,20.921551584910784,21.439095568692625,87025300
2007-07-27,20.836475372314453,21.268944339944436,20.81520729341007,21.219317019510125,69214600
2007-07-30,20.843564987182617,20.90737192778338,20.524531636421848,20.850654797498596,67499600
2007-07-31,20.55289077758789,21.0704347919973,20.545800966839977,21.063344981249386,66554000
2007-08-01,20.77267074584961,20.949911968432772,20.432367923028306,20.52453411602775,80006300
2007-08-02,20.928647994995117,21.120068877495047,20.57416548025161,20.69468958935414,47938300
2007-08-03,20.531618118286133,21.112970338052694,20.489080612727626,20.879012029116524,61535500
2007-08-06,20.94281768798828,20.94281768798828,20.382734931236016,20.595423798316993,59530500
2007-08-07,20.94991111755371,21.120063874296836,20.595428686784658,20.793939334822863,49163000
2007-08-08,21.26894187927246,21.276031688834703,20.708859094041692,21.07043126825847,52898600
2007-08-09,20.77267074584961,21.339843469461666,20.503264682510213,21.01371891674217,72964500
2007-08-10,20.35438346862793,20.595431664582378,20.03535004615412,20.489087190424442,76576200
2007-08-13,20.297664642333984,20.552892440941992,20.16296228395153,20.517444736576767,55492300
2007-08-14,20.112688064575195,20.55378622217864,20.06288679100541,20.468412998054134,42944100
2007-08-15,19.991737365722656,20.62492718109498,19.956164065600102,20.09133989210051,48117700
2007-08-16,19.785417556762695,20.169601080672038,19.571983170357107,19.83521882312515,81447400
2007-08-17,20.098453521728516,20.098453521728516,19.79252994127172,19.984621681137508,76747700
2007-08-20,20.105579376220703,20.26921256855879,19.97751814500539,20.04866342423427,49952000
2007-08-21,19.970399856567383,20.148262343864182,19.828110680919796,19.99174384355691,50786200
2007-08-22,20.07711410522461,20.14825936100722,19.927710289365727,20.112687411607357,44763500
2007-08-23,20.134031295776367,20.155375280938895,19.991742132308413,20.11980332931765,33886600
2007-08-24,20.496862411499023,20.51820638782052,19.97038987507707,20.069992383945912,45158900
2007-08-27,20.26920509338379,20.468411530361706,20.205174501390275,20.35457966836942,32789500
2007-08-28,19.87079429626465,20.269205827670792,19.856564973754423,20.134029977789414,43924400
2007-08-29,20.340351104736328,20.354580427261592,19.7925344003596,20.013083471569665,45753700
2007-08-30,20.240741729736328,20.582237213189995,20.148252521520277,20.219397753152062,33690700
2007-08-31,20.439958572387695,20.575134454975508,20.176722827171822,20.418615940441292,42511900
2007-09-04,20.496862411499023,20.70318344499295,20.262084099892174,20.276313417439837,45689600
2007-09-05,20.262096405029297,20.439958911443494,20.219409783445194,20.38304296367028,47669800
2007-09-06,20.568010330200195,20.63915557025378,20.311888008800317,20.319002668503934,45430800
2007-09-07,20.23362922668457,20.511094166930615,20.148254668233633,20.36169038586969,52160900
2007-09-10,20.262096405029297,20.454188237632607,20.21229512035064,20.39727228985939,37247600
2007-09-11,20.582242965698242,20.596472287398022,20.333235263883314,20.368807211149957,34380800
2007-09-12,20.582242965698242,20.752990755147184,20.489753731632476,20.496868392482366,42364700
2007-09-13,20.745878219604492,20.817023478409048,20.60358770199538,20.717420930272436,35288600
2007-09-14,20.66050910949707,20.7103103934841,20.546675858548298,20.617821131522575,33496600
2007-09-17,20.439958572387695,20.546675803069352,20.36169999361219,20.482646550246926,39536500
2007-09-18,20.582242965698242,20.610700252114995,20.112686205467945,20.418609837099186,77462400
2007-09-19,20.397262573242188,20.56801033522294,20.13402559207441,20.539553053384108,94242200
2007-09-20,20.219409942626953,20.333241839069547,20.162493994405658,20.262096564547114,67168900
2007-09-21,20.383045196533203,20.49687710454936,20.233641326130765,20.411503852028932,135636100
2007-09-24,20.6889591217041,21.066027985846194,20.489752698896115,20.49686735938741,104459800
2007-09-25,21.03045082092285,21.03045082092285,20.710299299510346,20.73164192008169,75621000
2007-09-26,20.987764358520508,21.236772003662168,20.97353504005927,21.115825510706646,60337000
2007-09-27,20.980661392211914,21.144294574764537,20.94508943321639,21.130066605356276,43407100
2007-09-28,20.959318161010742,21.122952706467522,20.795684972537263,20.980662151370314,45819100
2007-10-01,21.179861068725586,21.194090390533844,20.92373870410822,20.959310651646046,43875100
2007-10-02,21.13006019592285,21.236777397521887,21.037570959416268,21.13006019592285,33700900
2007-10-03,20.952194213867188,21.236773822553168,20.838362370392797,21.137169941776115,37633900
2007-10-04,21.137174606323242,21.17986257478347,20.945084176183865,21.030457399138495,37868000
2007-10-05,21.229665756225586,21.33638297300425,21.151405830662487,21.265237709490798,45012300
2007-10-08,21.229665756225586,21.236780418275234,21.05891793798312,21.101604553297978,30265400
2007-10-09,21.41463851928711,21.62095824860253,21.343493270322817,21.36483725210693,63603100
2007-10-10,21.507131576538086,21.60673549188698,21.3648424012988,21.371957063608228,32251500
2007-10-11,21.279460906982422,21.791704214228936,21.19408770093266,21.55692586211812,50788400
2007-10-12,21.46443748474121,21.62807058992406,21.307919039390132,21.36483496106167,31121100
2007-10-15,21.3719539642334,21.578273713353816,21.34349531912278,21.414640574916437,47150500
2007-10-16,21.571157455444336,21.756134564023235,21.50712686566769,21.514241526418736,56286200
2007-10-17,22.111858367919922,22.21857555995098,21.80593475564356,21.877080002658506,86092400
2007-10-18,22.168773651123047,22.21857491549419,21.791704802768738,22.211460255300786,49208600
2007-10-19,21.46443748474121,22.11897126245522,21.42175088273321,22.11897126245522,75200200
2007-10-22,21.706331253051758,21.84150708063524,21.428866294785934,21.428866294785934,58785100
2007-10-23,21.983800888061523,22.140320729186946,21.84862503172128,21.84862503172128,49956200
2007-10-24,22.23280906677246,22.268381018486107,21.69922164916992,21.94822938211437,77979200
2007-10-25,22.759288787841797,22.922923343958686,22.403563733908072,22.460479688258133,169588700
2007-10-26,24.922088623046875,25.63353850861684,24.58770902232582,25.61930918522953,288121200
2007-10-29,24.594816207885742,25.107060866519568,24.509443002768524,24.794021257814336,114655600
2007-10-30,25.306276321411133,25.320505647108764,24.438306451620424,24.452535777318054,107297300
2007-10-31,26.1884822845459,26.323656842655716,25.263594872954606,25.270710894625534,185635800
2007-11-01,26.36632537841797,26.67224894935595,25.868310073591132,25.98925521309611,152078800
2007-11-02,26.36632537841797,26.6793622518118,25.910995316256386,26.480157215467095,96389800
2007-11-05,26.13155174255371,26.394787417852815,26.060407845650936,26.1528943688314,75485400
2007-11-06,25.903892517089844,26.081755004220085,25.519708893536638,26.03195372494091,100966700
2007-11-07,25.27070426940918,25.726031834160747,25.220902986637373,25.640658594261417,74897800
2007-11-08,24.715768814086914,25.541050525883282,24.47387575818285,25.32761340117057,133742400
2007-11-09,23.99720573425293,24.57348115268429,23.9402911513026,24.317358744492573,125136900
2007-11-12,23.748191833496094,23.98296882410006,23.49206950631705,23.705503874311177,84865200
2007-11-13,24.597618103027344,24.74751588071392,23.826713301397298,23.94092152100689,104311500
2007-11-14,24.219297409057617,24.804614718390347,24.090812855990624,24.71181971385574,84063100
2007-11-15,24.097957611083984,24.340650433127138,23.948059824129395,24.097957611083984,64014100
2007-11-16,24.33350944519043,24.454854473972482,24.062263932172662,24.169335317635543,71113800
2007-11-19,24.240724563598633,24.440591051852117,24.17648225004208,24.240724563598633,63026200
2007-11-20,24.683277130126953,24.961659504491884,24.340649736974445,24.433444769409036,100009400
2007-11-21,24.433441162109375,24.790342147923894,24.39775160811561,24.554788913214296,89518700
2007-11-23,24.347787857055664,24.583341112750457,24.062265953791826,24.52623836586089,33467200
2007-11-26,23.5340633392334,24.53338495251382,23.50551059295516,24.333521174445686,80335000
2007-11-27,23.598295211791992,23.983746224180486,23.327049688087197,23.748192978995217,84178400
2007-11-28,24.055130004882812,24.19075141624076,23.484088900561485,23.826713563154282,88585000
2007-11-29,23.976613998413086,24.219306835000445,23.77675027049611,23.969477175104224,53633600
2007-11-30,23.98374366760254,24.35492099654336,23.6910849863332,24.212160066498697,71027800
2007-12-03,23.498361587524414,24.012299921928733,23.32705062468208,23.912368073114262,61770600
2007-12-04,23.39130210876465,23.726790067000252,23.291370220679077,23.36988891072909,54801500
2007-12-05,24.376344680786133,24.640450715695412,23.57688430672373,23.65540297943871,84894700
2007-12-06,24.661855697631836,24.704684792926734,24.176470176042532,24.454852488113822,49209700
2007-12-07,24.6475830078125,24.768930767773487,24.426306123139113,24.704688476720875,40771000
2007-12-10,24.81175422668457,24.94737833791249,24.604753733597967,24.726098756340516,36083500
2007-12-11,24.34065055847168,24.975936715722955,24.219305508294678,24.790346644590112,55070700
2007-12-12,24.604755401611328,25.047311871818895,24.21930167452482,24.704687244277054,63345400
2007-12-13,25.140098571777344,25.30427264795216,24.469123182350803,24.611884077309913,73913200
2007-12-14,25.204357147216797,25.58267144915539,24.99021430474502,25.018767046799837,71126200
2007-12-17,24.547653198242188,25.075867937745436,24.52624000709302,25.004486095683454,58121200
2007-12-18,24.7974796295166,24.983066928607734,24.419162764428275,24.726097804529086,52791800
2007-12-19,24.833175659179688,25.083005304467648,24.540516907725685,24.761793815569618,58469100
2007-12-20,25.354251861572266,25.546978762491648,25.04017990615124,25.190077699219977,59345000
2007-12-21,25.739709854125977,25.739709854125977,25.518430178612668,25.625501604202213,83240500
2007-12-24,26.110885620117188,26.21081749182347,25.732568604878608,25.789674087533218,29622600
2007-12-26,26.13229751586914,26.153710709330742,25.882465126080806,25.989536539267114,30252400
2007-12-27,25.675460815429688,26.089464591816572,25.65404490215987,25.946703636085708,33311100
2007-12-28,25.78252410888672,25.861042754297802,25.46131270626782,25.768247743999414,33447200
2007-12-31,25.411357879638672,25.68974303201554,25.354255118109133,25.625500723457705,35229700
2008-01-02,25.140098571777344,25.66831034330718,24.98306131502856,25.54696535250137,63004200
2008-01-03,25.247175216674805,25.44704162224941,24.883137405739177,25.140106553664776,49599600
2008-01-04,24.540515899658203,25.12583337852272,24.333512646100584,25.11869383298553,72090800
2008-01-07,24.70468521118164,24.840306597504252,24.447716080938154,24.661856115161637,80164300
2008-01-08,23.876680374145508,24.776069806403456,23.84099081435427,24.776069806403456,79148300
2008-01-09,24.583341598510742,24.654723437206524,23.80529725582845,23.81243680116739,74305500
2008-01-10,24.50482749938965,24.626172549871082,24.112234164446356,24.51910114526129,72446000
2008-01-11,24.20503044128418,24.440586454327565,24.069409015038605,24.36920460661484,55187900
2008-01-14,24.547653198242188,24.6761377910149,24.32637629519718,24.597619126216145,52792200
2008-01-15,24.26926612854004,24.540511630046453,24.26926612854004,24.290679315548484,61606200
2008-01-16,23.719633102416992,24.01943126948067,23.205694943415104,23.855254461959053,120778500
2008-01-17,23.633989334106445,24.126511831345237,23.53405746999473,23.940924472700484,94247800
2008-01-18,23.5626163482666,24.26928193202812,23.534066321310455,23.66968779890747,117062000
2008-01-22,22.813112258911133,23.219979198775583,22.48476397813257,22.51331671287992,108521400
2008-01-23,22.79169464111328,22.877350105774646,22.156411392576754,22.47048324496051,137597400
2008-01-24,23.733919143676758,23.81243780809297,22.927322031408625,23.09149618294305,155640400
2008-01-25,23.512636184692383,24.98306924023248,23.462670264046995,24.911690131578627,196992300
2008-01-28,23.35560417175293,23.626846992843284,23.141461376344353,23.56974424422275,81019000
2008-01-29,23.26995086669922,23.47695416030293,23.09150031489036,23.448401418508073,68023000
2008-01-30,22.984426498413086,23.412706638190862,22.877355101999278,23.24139567145524,106432600
2008-01-31,23.26995086669922,23.369885462981212,22.641805523378693,22.77742832396493,103642200
2008-02-01,21.735275268554688,23.733920675596025,21.592514298850517,22.170693639360344,291138900
2008-02-04,21.549692153930664,21.928006507483662,21.49258802349984,21.763832302678782,119998600
2008-02-05,20.750226974487305,21.37123540488305,20.621742377752362,21.349820851604065,137534100
2008-02-06,20.357635498046875,20.950091165613845,20.193461347611677,20.90012523821786,138315600
2008-02-07,20.072114944458008,20.54322420495623,19.91507761664566,20.229150910800943,164964900
2008-02-08,20.38619613647461,20.757373710748315,20.157779586604647,20.193470523440595,124872000
2008-02-11,20.1363525390625,20.421874410833635,19.922212496703338,20.357632125832048,156814100
2008-02-12,20.229154586791992,20.429019694204232,20.064980406490683,20.293396894122008,84365900
2008-02-13,20.671701431274414,20.735943708273087,20.364767771853998,20.42901004885267,88986200
2008-02-14,20.343364715576172,20.72881859527153,20.314811971241795,20.614608979403815,69113500
2008-02-15,20.286258697509766,20.443294692302263,20.164912268338853,20.207740019378686,68166100
2008-02-19,20.18593406677246,20.6660397582234,20.11427623569213,20.63737607908749,68261200
2008-02-20,20.221763610839844,20.25042729183534,20.006791470411766,20.171603535857262,93056200
2008-02-21,20.135772705078125,20.752026732666977,20.03545120128882,20.50839230941701,98776500
2008-02-22,19.83481216430664,20.343580167272,19.490856215815178,20.236094104213347,125705400
2008-02-25,19.9494686126709,20.236098633907023,19.691500910178508,19.813318840048833,109974300
2008-02-26,20.33641815185547,20.68037553314219,19.827650051212565,19.877810132486122,108923500
2008-02-27,20.25043487548828,20.551396804851546,20.135782842088943,20.200274781721077,75199500
2008-02-28,20.013961791992188,20.257597666994474,19.920806175030226,20.078453721655137,83002900
2008-02-29,19.490854263305664,19.942296229632273,19.361870453852543,19.841976096395097,117411400
2008-03-03,19.340375900268555,19.627005876109383,19.254387590896073,19.519519806014014,76544300
2008-03-04,19.77031707763672,19.798979385360916,19.3188737718374,19.361869283562534,86925600
2008-03-05,20.150108337402344,20.35791456991096,19.849146502890857,19.884974739501427,106489800
2008-03-06,19.755992889404297,20.185938605804907,19.705832806396845,20.107114837216198,91127700
2008-03-07,19.97096061706543,20.114274902971,19.576843255616552,19.591175094234917,77597600
2008-03-10,20.099943161010742,20.250424733708503,19.884971047738933,19.942297035728707,72175100
2008-03-11,20.981327056884766,21.024321195841523,20.33640813873825,20.350739973976847,98740700
2008-03-12,20.51555061340332,21.131805820053938,20.451060092640272,21.088811683958923,75993800
2008-03-13,20.508392333984375,20.77352451552666,20.17876687844069,20.451066346075823,84552200
2008-03-14,20.035444259643555,20.78784912696184,19.80614038773055,20.58004163881638,105214900
2008-03-17,20.279088973999023,20.587216701298996,19.54818289926921,19.562513372560762,84490100
2008-03-18,21.081645965576172,21.124640102076537,20.54421447566525,20.54421447566525,83695300
2008-03-19,20.508392333984375,21.203470108220465,20.508392333984375,21.05298853573592,61442100
2008-03-20,20.90967559814453,20.938337910568016,20.486895897512372,20.594381960929482,60170200
2008-03-24,20.902515411376953,21.06732751160425,20.82369163876397,21.01716742603593,48294700
2008-03-25,20.881019592285156,21.045833074633535,20.7377052439839,21.017169384917313,49149000
2008-03-26,20.46539878845215,20.83085250909087,20.336414961549128,20.802190195756587,45868100
2008-03-27,20.099943161010742,20.41523677833418,20.064114931051897,20.408070858990538,47894400
2008-03-28,19.999622344970703,20.372241937637938,19.94229635892646,20.228926289147672,49244000
2008-03-31,20.33641815185547,20.486899762435854,19.94946797720251,19.97813029503324,46780600
2008-04-01,21.138975143432617,21.167638816620652,20.51555391918447,20.658869551606323,65796200
2008-04-02,20.895343780517578,21.19630557845752,20.780691797184215,21.189139658654256,49499400
2008-04-03,20.78069496154785,21.00999896313166,20.63737927717814,20.78069496154785,38961400
2008-04-04,20.895343780517578,20.967001611790792,20.594381982577634,20.873846021107777,43860800
2008-04-07,20.895343780517578,21.203471498260786,20.802189556594016,21.17480781904772,44428600
2008-04-08,20.601551055908203,20.78069497813349,20.451070817283597,20.737700819492126,44733500
2008-04-09,20.70186996459961,20.809357404850278,20.45106958204026,20.580052050173823,45839300
2008-04-10,20.85952377319336,21.06733006238853,20.6373842719806,20.658882039866995,65591600
2008-04-11,20.26475715637207,20.78785698269802,20.214595719521057,20.687536842514795,54373700
2008-04-14,20.107114791870117,20.286258726069715,20.013960547460616,20.236098643175385,43418100
2008-04-15,20.243263244628906,20.408075325323917,20.085617084845804,20.15010900629336,34310000
2008-04-16,20.7448673248291,20.816523802330238,20.33641802257025,20.472567789989867,54107400
2008-04-17,20.938331604003906,21.024321248893436,20.70902770664388,20.866675161148176,48743300
2008-04-18,21.49726676940918,21.568924598659095,21.217802738769873,21.504432689010113,73658900
2008-04-21,21.798227310180664,21.92721112209003,21.58325520150461,21.6334152690784,54411700
2008-04-22,21.676410675048828,21.99887022353018,21.47576902635383,21.955874705893056,67387500
2008-04-23,22.536304473876953,22.543469027544166,21.712241392671235,21.81972883231342,98351500
2008-04-24,22.78710174560547,23.00207386203671,22.328493834947153,22.66528384849193,115416700
2008-04-25,21.37545394897461,21.77673597466409,21.21064185926854,21.53310011737697,145194900
2008-04-28,20.77352523803711,21.3826147349744,20.65170733864965,21.353951056643513,97473000
2008-04-29,20.522727966308594,20.70903781554862,20.386579565016028,20.637379970954807,84428900
2008-04-30,20.436737060546875,20.931173255492702,20.429571140318156,20.594383205300097,74733600
2008-05-01,21.06732940673828,21.131821341630374,20.408079579765737,20.4224114245773,71699400
2008-05-02,20.952672958374023,21.22497248526786,20.680374798239846,21.20347472258898,66024200
2008-05-05,20.8380184173584,21.662080084956745,20.773526503943273,21.44710795141265,119687700
2008-05-06,21.282291412353516,21.39694337501628,20.730527987814458,20.780688050634517,93582000
2008-05-07,20.93116569519043,21.59758100139835,20.83801149938329,21.275122908134513,88775000
2008-05-08,20.974166870117188,21.060155171525615,20.780691141809122,20.98133278969446,69589900
2008-05-09,21.060148239135742,21.174800181113152,20.74485608207734,20.931164462721412,51621200
2008-05-12,21.490102767944336,21.540262842868575,21.03149480662611,21.067323041069272,64278800
2008-05-13,21.418180465698242,21.669904116087757,21.238377074396585,21.576406956198937,70934700
2008-05-14,21.526071548461914,21.76341207289402,21.382228224409655,21.49730233493482,66730400
2008-05-15,21.900049209594727,21.957586228380578,21.533250200413402,21.562018023910962,53355800
2008-05-16,21.569215774536133,21.92163027514908,21.518871041847294,21.91443797450909,81538200
2008-05-19,21.188024520874023,21.497286479230628,21.08014279330071,21.482903254867285,59615000
2008-05-20,20.684585571289062,21.080152545996448,20.591087024822148,21.072960244591975,75767600
2008-05-21,20.31778907775879,20.89315954717345,20.274636635500542,20.720548406349053,60125100
2008-05-22,20.476016998291016,20.641437219749335,20.2674457034484,20.339367359935732,52203100
2008-05-23,20.173934936523438,20.375315178527334,20.102014695327668,20.324970460974026,48890700
2008-05-27,20.454431533813477,20.49758395804477,20.173937346832993,20.217091142855118,47334500
2008-05-28,20.267440795898438,20.547933679309956,20.166751324271978,20.540741378223615,52318500
2008-05-29,20.36093521118164,20.62704482820149,20.23866885284133,20.289013581841875,47699200
2008-05-30,20.36812973022461,20.641431677131393,20.28182486304751,20.41128216381316,63399200
2008-06-02,19.9941349029541,20.39689545369878,19.814331526590156,20.31058922945609,77028400
2008-06-03,19.641721725463867,20.36093527762664,19.61295389670867,20.073250131119728,86616700
2008-06-04,19.807146072387695,19.879066345375616,19.562613303213183,19.620150344678287,79567400
2008-06-05,20.353744506835938,20.353744506835938,19.850295805568305,19.936600670109687,76063400
2008-06-06,19.77117156982422,20.260236786743146,19.77117156982422,20.130778185583388,78500800
2008-06-09,19.92940330505371,20.073246538457944,19.634525911186707,19.88625088374874,66787100
2008-06-10,20.058868408203125,20.346554967768398,19.648916844151152,19.677686048824153,77433900
2008-06-11,19.505083084106445,20.094838308352244,19.497890779933723,20.030108942589486,59330800
2008-06-12,20.310592651367188,20.533548491520435,19.555418892123964,19.70645309525616,113996300
2008-06-13,20.907543182373047,21.267150052030075,20.49759157045065,20.591088752973285,131969100
2008-06-16,20.806846618652344,20.936305267169296,20.598274046754835,20.87157594291082,74718900
2008-06-17,20.713354110717773,20.94350364812727,20.70616318085957,20.885966606722715,44256700
2008-06-18,20.468812942504883,20.75649940326794,20.468812942504883,20.5335422589975,49677800
2008-06-19,20.806846618652344,20.993842291866734,20.375318247526124,20.53354472249636,62037800
2008-06-20,20.303401947021484,20.799659772519185,20.20990477179586,20.78527516962563,97480400
2008-06-23,20.11640739440918,20.432861817510812,19.98695007621386,20.353747868787575,57145300
2008-06-24,19.943788528442383,20.145168787167993,19.78556206416633,20.08043946728443,65218300
2008-06-25,20.389707565307617,20.61985571735908,19.965371395541037,20.00133152987738,64280200
2008-06-26,19.958179473876953,20.281826176223877,19.958179473876953,20.159559796647397,67049100
2008-06-27,19.87187385559082,20.073254184707846,19.749607472161063,19.907835363535607,73450200
2008-06-30,19.785566329956055,20.123596228612552,19.771181728704864,19.94379282834591,57830500
2008-07-01,19.32526969909668,19.692067421533853,19.016007636994974,19.612954859729292,100327800
2008-07-02,18.61324691772461,19.41876673398153,18.61324691772461,19.346845101349317,84669000
2008-07-03,18.68517303466797,18.771479288897734,18.411872411224564,18.67798073249954,37074500
2008-07-07,18.72112274169922,18.980038597557343,18.30397908148226,18.778659750977745,71527600
2008-07-08,18.591676712036133,18.84340181243648,18.347143914137675,18.649213760259805,65553200
2008-07-09,18.1457576751709,18.591670683147697,18.10979754611401,18.54851825392123,54255800
2008-07-10,18.30397605895996,18.462202465400473,17.965944984950738,18.124172763181534,57830600
2008-07-11,18.160139083862305,18.440631882224167,17.88683858440597,18.095409765503298,69532600
2008-07-14,18.08821678161621,18.56289751707944,18.0306797643416,18.325557149347823,51216200
2008-07-15,18.807430267333984,19.159844671186754,17.929990407034683,17.929990407034683,92719300
2008-07-16,19.605758666992188,19.62733556417771,18.64201254135804,18.793046706284347,82060400
2008-07-17,19.79275894165039,20.073251811501514,19.497881470322007,19.83591137429108,96526100
2008-07-18,18.598861694335938,19.03758099994703,18.059451565120078,18.95846844714651,150277000
2008-07-21,18.44063377380371,18.821817424152787,18.361521221309292,18.455018373090294,77575600
2008-07-22,18.55571174621582,18.65640259071175,18.32556359615286,18.36871740313305,88657200
2008-07-23,19.00881576538086,19.303693233156174,18.591671930104233,18.598864230756202,79408800
2008-07-24,18.296794891357422,18.821820505142366,18.296794891357422,18.764283470368554,81092600
2008-07-25,18.814632415771484,18.857784858563267,18.339951429687588,18.44064092013223,58682300
2008-07-28,18.339942932128906,18.778663574576413,18.224868890141163,18.742702079086005,59707800
2008-07-29,18.778667449951172,18.836204482819024,18.26802508293179,18.354331318129102,66368200
2008-07-30,18.86496925354004,19.05196492297843,18.627628859981858,18.843393727083473,51977700
2008-07-31,18.498178482055664,18.900939198614267,18.490986179425175,18.591677044460557,60461000
2008-08-01,18.296794891357422,18.663594002462155,18.030685248159084,18.64201710000031,82720200
2008-08-04,18.181718826293945,18.37590543997337,18.05945246934492,18.260831383055574,60588300
2008-08-05,18.8505859375,18.900932036836714,18.339944990346094,18.440634445437638,84297600
2008-08-06,19.433156967163086,19.533846458956315,18.972859207983795,19.224584309258315,95550000
2008-08-07,19.69925880432129,19.958176122724346,19.22457796844302,19.346844327489904,82565800
2008-08-08,20.23147964477539,20.303401285107192,19.55541979231355,19.670493868127956,80814100
2008-08-11,20.066055297851562,20.425662028536326,19.893444231737774,20.037287472728007,68743800
2008-08-12,20.224287033081055,20.396898132444726,19.83591103066948,19.97975429936808,62813000
2008-08-13,20.07324981689453,20.49758591577132,19.965368060117086,20.188323873695936,51165200
2008-08-14,20.07324981689453,20.33935943061713,19.821524803219848,20.00852048846987,49732300
2008-08-15,20.00132942199707,20.245862150728975,19.835910626616972,20.123595786363023,47267400
2008-08-18,19.915027618408203,20.173943616047005,19.814336768190255,19.979756960765716,38078200
2008-08-19,19.727283477783203,20.03777901257426,19.691179922359183,19.886142427078546,40332900
2008-08-20,19.705623626708984,19.915026745638052,19.618973157911192,19.886144174213776,41497200
2008-08-21,19.62618637084961,19.66228991514441,19.395120381934255,19.568419873620773,43614200
2008-08-22,20.102764129638672,20.131646695099484,19.655072658267454,19.662293643948203,47930400
2008-08-25,19.972797393798828,20.102772435227983,19.828380375041373,19.936693827740847,51381300
2008-08-26,19.69117546081543,20.016111517796034,19.618966989065722,19.91502048370367,44774400
2008-08-27,19.90058135986328,20.066661281817137,19.590085851019335,19.74172380110551,33975300
2008-08-28,20.174976348876953,20.225521880749287,19.929468299272095,19.936689286291347,48372600
2008-08-29,19.705623626708984,20.059443734546875,19.705623626708984,19.987235240092463,50735500
2008-09-02,19.56842613220215,20.04500023107853,19.53954218571879,19.98001272875335,66079200
2008-09-03,19.424001693725586,19.626185109665123,19.38067716790349,19.496210154936982,57127700
2008-09-04,19.02686309814453,19.41678670546924,19.02686309814453,19.30847466883806,66141900
2008-09-05,18.52140998840332,18.932996662793652,18.50696801243038,18.79580202283863,82305200
2008-09-08,18.86078453063965,19.012421106313916,18.53584704382012,18.92577065074129,62110800
2008-09-09,18.84634017944336,19.20738117377269,18.81023525365317,18.918548653761643,85735700
2008-09-10,19.091854095458984,19.39512867997939,18.954658089369094,19.149620617402753,75064900
2008-09-11,19.741724014282227,19.828373091899497,18.79579688293056,18.84634240775101,72913300
2008-09-12,19.943897247314453,20.030546280427362,19.45288146880282,19.597296983078177,75628500
2008-09-15,19.366243362426758,19.850038466006012,19.301255857672647,19.438451854071594,82349400
2008-09-16,18.76691436767578,19.127955432180347,18.42753626285594,18.839122856029167,111729700
2008-09-17,17.741558074951172,18.680265689420413,17.69101254518406,18.579173252623793,106972100
2008-09-18,18.23978614807129,18.304773619236073,17.337183912184518,17.90762780908887,132291300
2008-09-19,18.16758155822754,19.06296300141502,16.96892564418123,19.041301424593538,134926100
2008-09-22,18.34088706970215,19.005202729420294,18.283120550477197,18.932994236073494,105207700
2008-09-23,18.36977195739746,18.896891644440448,18.297563460357832,18.52862954907462,92181300
2008-09-24,18.571958541870117,18.83912963168939,18.384216955533333,18.470867448174484,80250300
2008-09-25,19.214601516723633,19.40956260042612,18.586389601591925,18.644156103663413,96203500
2008-09-26,19.785045623779297,19.90057862833837,18.87522217993004,18.896885134758136,100744300
2008-09-29,18.059276580810547,19.97279419824802,18.059276580810547,19.452895492975447,134383100
2008-09-30,19.272363662719727,19.272363662719727,18.441969866660294,18.608048350419832,107192700
2008-10-01,19.1207332611084,19.48899528936107,18.976317670610392,19.048524777228256,88957000
2008-10-02,18.95465087890625,19.156834317428903,18.557506363776824,18.904105363591086,93819800
2008-10-03,19.005197525024414,19.83559152796084,18.947431021618282,19.041302450442046,114289400
2008-10-06,17.9870662689209,18.76691493681033,17.43106268217927,18.50696492175972,146374600
2008-10-07,16.77397346496582,18.203696256037357,16.708985940165945,18.037617638110056,145941200
2008-10-08,16.615110397338867,17.546595652451728,16.246848336441374,16.53568092030341,171598600
2008-10-09,16.10242462158203,17.264976834848582,15.936346127475902,17.163885817090385,131948700
2008-10-10,15.524763107299805,16.138533086994315,14.910993127605295,15.734167549832925,228467500
2008-10-13,18.4130859375,18.4130859375,16.340710561284247,16.506790422341403,144935400
2008-10-14,17.402179718017578,18.579172991332555,17.041138650744443,18.5141854890424,165674900
2008-10-15,16.36237907409668,17.510489638955566,16.232404085280624,17.17111157269536,113280200
2008-10-16,17.467166900634766,17.467166900634766,15.387569619934045,16.564564248970786,161147800
2008-10-17,17.2794246673584,18.13148175556223,16.831733164700317,17.01947467373356,133673100
2008-10-20,17.849868774414062,17.871531732935072,16.615109061224445,17.47438713421921,93484300
2008-10-21,16.86783790588379,18.059273067824904,16.802850408208613,17.546594072527654,100385600
2008-10-22,15.546422004699707,16.65120630247163,15.091509689048639,16.636765712860903,150054800
2008-10-23,16.116867065429688,16.311829500236144,15.08428977433831,15.560863696801738,154774100
2008-10-24,15.856925010681152,16.506800115432466,15.12762317492698,15.207051283192383,153919700
2008-10-27,15.293701171875,15.856924404788675,15.178168130392068,15.647521283574294,117683900
2008-10-28,16.680091857910156,16.75951992890758,15.409227572070519,15.625851587171704,134088800
2008-10-29,16.607885360717773,17.3083043779424,16.391261319961064,16.701755411109133,111701800
2008-10-30,16.340717315673828,17.243319940600323,16.167417776959418,17.106125333240357,95323000
2008-10-31,16.12409210205078,16.542899635457466,15.972455532818698,16.268509062782275,93055200
2008-11-03,16.333499908447266,16.54290302948169,16.037444940481368,16.232407464289707,61923500
2008-11-04,16.99059295654297,17.08446302712614,16.514018862555627,16.70175900372197,72123000
2008-11-05,15.943568229675293,16.85339158510999,15.921905276952353,16.84617060086901,81179700
2008-11-06,15.077069282531738,15.943568102892074,15.062628691426529,15.791931566823065,95509700
2008-11-07,15.524763107299805,15.553647048585253,15.163722104804462,15.394788126039542,71256300
2008-11-10,15.380350112915039,15.86414523583462,15.300922008466662,15.777496144206847,67106800
2008-11-11,15.308140754699707,15.380347861398352,15.012087209995979,15.37312825253831,78014500
2008-11-12,14.658260345458984,15.163718168652094,14.643819755826831,15.084288727997295,90162300
2008-11-13,15.344245910644531,15.344245910644531,13.531819522515734,14.549955258641036,148413700
2008-11-14,14.48496150970459,15.409226772519471,14.188908061705648,14.846002434314208,96624500
2008-11-17,13.950623512268066,14.614938983198073,13.82786952164202,14.253897996328767,97289000
2008-11-18,14.26322078704834,14.29229900623858,13.630753227205558,14.175983356293779,108966500
2008-11-19,13.29635238647461,14.50312886694747,13.267272766900525,14.270496070132543,103010500
2008-11-20,12.74384880065918,13.69618391012851,12.72203909161464,13.172763372389564,139532800
2008-11-21,14.306841850280762,14.321381656262513,13.070986073676181,13.100065685639684,157231900
2008-11-24,15.041089057922363,15.222832516956638,14.444970734144757,14.459509157057159,125289900
2008-11-25,14.532201766967773,15.215557323665642,14.212333001999738,15.164669394678198,92948100
2008-11-26,14.895689964294434,15.033815346431428,14.343189822338656,14.343189822338656,79678300
2008-11-28,14.699402809143066,14.764830531235026,14.55400894962125,14.706672710107933,28650800
2008-12-01,13.528980255126953,14.503125070369181,13.521710352136523,14.452235749436168,79639900
2008-12-02,13.921538352966309,14.037853969498283,13.492623997032828,13.805222736434333,79689800
2008-12-03,14.444968223571777,14.466776547446313,13.521711279359911,13.558059410212346,80961500
2008-12-04,13.892471313476562,14.481319769004104,13.6598398933468,14.103293017996922,78719200
2008-12-05,14.444968223571777,14.524934388765596,13.427203920595884,13.747072741148088,91996200
2008-12-08,15.273722648620605,15.448196227861796,14.64125471060263,14.79391995905914,107225000
2008-12-09,14.975662231445312,15.448194976951173,14.873884945184757,14.990202041852912,80484900
2008-12-10,14.982926368713379,15.23736601993224,14.757563553930808,15.135590159444696,61499000
2008-12-11,14.139633178710938,14.62670541197048,14.037855959871221,14.61943551158252,83564300
2008-12-12,14.074213981628418,14.430430996723892,13.59441135830859,13.921548754248896,78112600
2008-12-15,13.841578483581543,14.13236765622146,13.732531330573442,14.059670016413442,59925900
2008-12-16,14.619441986083984,14.670329924744687,13.812500711343327,13.965164527325433,97688700
2008-12-17,14.292303085327148,14.575822389661312,14.17598740218532,14.40134886494857,78922700
2008-12-18,14.030588150024414,14.554009963212991,13.805226750785959,14.437694312858179,80759200
2008-12-19,13.899742126464844,14.394083233229438,13.892472220786916,14.11783375043179,113530400
2008-12-22,13.943360328674316,14.023327905426234,13.732537221452988,13.986978376633205,58575400
2008-12-23,14.016054153442383,14.226875816218193,13.819770911601466,14.016054153442383,47511400
2008-12-24,13.936089515686035,14.139642703897588,13.88520156528131,14.001517276661438,16880400
2008-12-26,13.907005310058594,14.05240059465009,13.877927085095612,13.957894630280155,23101000
2008-12-29,13.783416748046875,13.96516012111664,13.55078545237228,13.921542099825627,58512800
2008-12-30,14.059671401977539,14.168717179139822,13.812500234227144,13.8197701375836,43224100
2008-12-31,14.132370948791504,14.306844493024427,14.008785348302458,14.037863579045043,46419000
2009-01-02,14.779375076293945,14.830263012787585,14.081480998794424,14.197796678377678,50084000
2009-01-05,14.917494773864746,15.026540508542617,14.583086282715302,14.684863503460827,61475200
2009-01-06,15.091974258422852,15.266447780956998,14.982928480163048,15.084704354993224,58083400
2009-01-07,14.183252334594727,14.75029213111268,14.161442631677634,14.677594507980865,72709900
2009-01-08,14.626710891723633,14.677598826912295,14.212334733918302,14.27049257221852,70255400
2009-01-09,14.19052505493164,14.757563577516619,14.110557514939561,14.663057619283158,49815300
2009-01-12,14.154175758361816,14.386808479463415,14.030590188579644,14.32864925924392,52163500
2009-01-13,14.408613204956055,14.53219874389893,14.190521729923583,14.190521729923583,65843500
2009-01-14,13.877927780151367,14.306842365926427,13.819769940720459,14.197796590317504,80257500
2009-01-15,13.986974716186523,14.030592752730401,13.463554117882865,13.863389123818557,96169800
2009-01-16,14.328651428222656,14.474046727596141,13.921546531206172,14.27049358579173,79634100
2009-01-20,13.434473037719727,14.263223961250286,13.3545068772066,14.146906898827842,89873000
2009-01-21,14.088752746582031,14.139642081338787,13.419936742297473,13.717997299502386,68340900
2009-01-22,12.438523292541504,13.216385107404985,12.409443672333376,13.12187772832118,222436600
2009-01-23,12.503946304321289,12.714767924421807,12.176807634140387,12.33674132478878,117020600
2009-01-26,12.816546440124512,12.947401935322485,12.525757221124774,12.569376643919014,92476500
2009-01-27,12.838360786437988,13.063722339198966,12.671157098473163,12.925598276928651,61695000
2009-01-28,13.114607810974121,13.310889680071867,12.911054651007335,12.940132881521183,64145500
2009-01-29,12.787467956542969,13.056447458782227,12.765658245580727,12.925593352785809,49192800
2009-01-30,12.43125057220459,12.932862814454609,12.43125057220459,12.896513297426466,62370900
2009-02-02,12.961945533752441,13.180037165136916,12.35855720788977,12.380366925665328,88871700
2009-02-03,13.449018478393555,13.52898605900181,12.794742181087564,12.976485674038829,86865100
2009-02-04,13.543521881103516,13.812502809064974,13.449015893036949,13.478095511883613,75618000
2009-02-05,13.841578483581543,13.91427473679741,13.267268654349575,13.45628196321356,75195200
2009-02-06,14.292303085327148,14.488586320601101,13.856118580249136,13.928816228860857,86746000
2009-02-09,14.132370948791504,14.372272245435832,14.001515443968694,14.277764875689371,52196400
2009-02-10,13.667098999023438,14.394072379537272,13.5944027702454,13.994237574891336,83953200
2009-02-11,13.965161323547363,14.168714418084946,13.754339713662024,13.768879517541567,58599000
2009-02-12,14.00151252746582,14.045130557790335,13.47809200379509,13.790689505478328,75323200
2009-02-13,13.877927780151367,14.154177170800121,13.841579650479149,14.008783265518982,47416000
2009-02-17,13.241125106811523,13.541227883349132,13.094732895578723,13.533908133177531,75853300
2009-02-18,13.263082504272461,13.504628641789207,13.175246910584827,13.336277203562858,54946900
2009-02-19,13.109370231628418,13.453390056300021,13.036174138096337,13.39483346069423,49195600
2009-02-20,13.175251007080078,13.314323491951654,12.926385043036134,13.006900912609126,69413800
2009-02-23,12.59699821472168,13.285039218747338,12.560400868208314,13.18988528015302,70803400
2009-02-24,12.567720413208008,12.699473092281357,11.974834753477193,12.465246727750628,122674500
2009-02-25,12.414008140563965,12.61895690182676,12.048029107229896,12.4506068815569,105894600
2009-02-26,12.018754959106445,12.501847310034385,12.018754959106445,12.4798880591378,83219500
2009-02-27,11.821125984191895,12.091951163024484,11.784528628503535,11.92360109309863,93428000
2009-03-02,11.557619094848633,11.894319869855767,11.506382248015923,11.682052035484945,80602100
2009-03-03,11.623494148254395,11.886998800181715,11.447824380302848,11.733288276761316,80476600
2009-03-04,11.799169540405273,12.004116990531303,11.630818752294767,11.799169540405273,69285100
2009-03-05,11.177000045776367,11.623494216451963,11.177000045776367,11.608854720011971,89708500
2009-03-06,11.184324264526367,11.43319023461706,10.884221429316979,11.235561827694996,92821400
2009-03-09,11.089164733886719,11.521020116712142,11.052567387992736,11.12576277783033,66479100
2009-03-10,12.06266975402832,12.165144842482244,11.162361581229096,11.250196473840019,95184200
2009-03-11,12.523801803588867,12.589678135154955,12.02607014113357,12.172460903203365,84522200
2009-03-12,12.450608253479004,12.472567500494437,12.062669932802574,12.450608253479004,93694100
2009-03-13,12.187105178833008,12.47988821392066,11.843085287117473,12.428651357292775,82965800
2009-03-16,11.89432144165039,12.414011123742407,11.887001691692813,12.31153741653543,67028900
2009-03-17,12.37009334564209,12.37009334564209,11.901640542695008,11.945557643946428,62481000
2009-03-18,12.414008140563965,12.604317405429585,12.150504185910902,12.465246377954076,70710700
2009-03-19,12.545763969421387,12.772672032315159,12.384733656873816,12.714115428106991,58994600
2009-03-20,12.48720645904541,12.91906190727923,12.35545376011313,12.677515757936542,81725500
2009-03-23,13.416796684265137,13.60710602541568,12.670198821928343,12.714117328724468,71600000
2009-03-24,13.12401008605957,13.328957478197417,13.058133739701148,13.204525930741953,50044100
2009-03-25,13.08741569519043,13.402158033391576,12.823911618173083,13.16061181506742,73927100
2009-03-26,13.782776832580566,13.819374194715296,13.263087030548046,13.299684392682778,63775100
2009-03-27,13.270403861999512,13.629064671007352,13.2118472516492,13.57050806065704,47670400
2009-03-30,12.794628143310547,12.999576928168613,12.640917601741531,12.984937430086028,49633000
2009-03-31,13.446080207824707,13.75350287821891,13.014224518554274,13.050821890417769,92423300
2009-04-01,14.134117126464844,14.170715886230896,13.30700470115113,13.343602064817249,96438900
2009-04-02,14.11947250366211,14.558646249412053,13.907203983263585,14.273183035454732,99082300
2009-04-03,13.724215507507324,14.016998492447602,13.489989119555103,14.002358994175738,81858400
2009-04-06,13.73153305053711,13.73153305053711,13.372873777094993,13.570502783715906,47476100
2009-04-07,13.73153305053711,14.009676492519038,13.636377723157038,13.73153305053711,65815200
2009-04-08,14.046283721923828,14.361026093936454,13.877932209291483,13.885251961675499,56408900
2009-04-09,14.39762020111084,14.419579453292803,14.068238398879904,14.236589873408882,55759600
2009-04-13,14.339059829711914,14.529369110397802,14.178029544254317,14.412255921683307,44444700
2009-04-14,14.163394927978516,14.30978576627479,13.907209215835273,14.229271293846773,63796300
2009-04-15,13.782776832580566,14.090199421251874,13.548550364278592,14.06092041466419,72725500
2009-04-16,14.463492393493652,14.478131890729511,13.899884314806819,14.024317249113013,67688700
2009-04-17,14.053593635559082,14.412252874682851,13.907201482566139,14.412252874682851,61398500
2009-04-20,13.62174129486084,13.870607171640515,13.592462299428245,13.826688678491625,62937200
2009-04-21,13.885248184204102,13.965764042423988,13.59246514899493,13.607104649780299,60928300
2009-04-22,13.746177673339844,14.046280471130304,13.687621063919746,13.731538171959896,59401000
2009-04-23,13.848649978637695,13.863289478524838,13.519268211674769,13.848649978637695,86116300
2009-04-24,15.305248260498047,15.517516842052677,14.273187147662718,14.507413585171488,168478500
2009-04-27,14.93194580078125,15.239368275919364,14.844111605655709,15.041739242737856,68219600
2009-04-28,14.587928771972656,14.836794699341654,14.485455059326467,14.82215519864945,76685200
2009-04-29,14.822149276733398,15.290601942925369,14.683076867920507,14.719675605028673,79301600
2009-04-30,14.829475402832031,15.444320489724943,14.64648582687818,15.07834133781724,87439900
2009-05-01,14.814840316772461,14.895356200939185,14.536696692714813,14.778242949114905,63224500
2009-05-04,14.778239250183105,14.931949831191824,14.624527273074651,14.909991974533286,54313400
2009-05-05,14.485448837280273,14.814829084775921,14.375654025349363,14.74163300885499,66835500
2009-05-06,14.485448837280273,14.690396174540046,14.353696179842402,14.683076427338051,59639100
2009-05-07,14.14143180847168,14.631843844716169,14.009679112749364,14.609884596729305,68727200
2009-05-08,14.214631080627441,14.375661413533713,14.009682241937847,14.243908688383243,67597600
2009-05-11,14.14143180847168,14.44153455046165,13.914525163671822,14.053597608723091,63762600
2009-05-12,14.558653831481934,14.683086829874943,14.251231211693325,14.28051022124463,71966800
2009-05-13,14.45617389678955,14.639163439786886,14.39761729887438,14.580606841871715,49281700
2009-05-14,14.683077812194824,14.80751073416678,14.49276855529071,14.514727798967815,54539500
2009-05-15,14.800192832946777,15.005141611207815,14.62452304990846,14.734316489794992,61289900
2009-05-18,15.078349113464355,15.078349113464357,14.814843541453595,14.902679197490645,46073800
2009-05-19,14.960479736328125,15.277220800895096,14.916283733471172,15.107801619138773,51368300
2009-05-20,15.012041091918945,15.240390137357323,14.894184154580337,15.034139794532003,47450700
2009-05-21,14.599542617797852,14.901551212033443,14.37119496470973,14.835256505497279,58232800
2009-05-22,14.54798412322998,14.857359031669459,14.341733715948342,14.680573570413465,37318700
2009-05-26,14.982580184936523,15.063607370414424,14.327000680515738,14.39329539500388,44991700
2009-05-27,14.827890396118164,15.174096400945553,14.783694393042653,14.916283807234793,42892900
2009-05-28,15.063607215881348,15.19619523853169,14.768963418971927,14.967847560396061,45480800
2009-05-29,15.387711524963379,15.42454269818341,14.953113515726212,15.144631401573575,46134900
2009-06-01,15.763383865356445,15.837044819930687,15.365616958600892,15.468741452025323,57317100
2009-06-02,15.763383865356445,16.190615715928033,15.61606336117381,15.733920326506258,48935700
2009-06-03,16.0064640045166,16.028562712340722,15.68235805289129,15.697089119808188,56039600
2009-06-04,16.080123901367188,16.131686144599673,15.895972229842155,16.03592789359159,42330000
2009-06-05,16.3084716796875,16.433694873283468,16.065391527997186,16.17588225058992,59579200
2009-06-08,16.242183685302734,16.441067911236974,15.932808691060474,16.190621420423415,49000600
2009-06-09,16.264280319213867,16.44106580687241,16.11695837701533,16.24954784400078,50887700
2009-06-10,16.6104793548584,16.66204300040337,16.293739676304817,16.3305694467284,61297200
2009-06-11,16.816734313964844,17.133475483970553,16.625216364543576,16.639948838722,65124600
2009-06-12,17.18503189086914,17.221861658816614,16.75043388525415,16.868290828644763,50963500
2009-06-15,17.25133514404297,17.339728597861836,16.95669263959055,17.111379427565712,69089600
2009-06-16,17.273427963256836,17.759588280916653,17.26606172753886,17.288159029726977,105295600
2009-06-17,17.442853927612305,17.545978457685003,17.067184190247886,17.31026444325235,86483100
2009-06-18,17.310260772705078,17.450216465959997,17.162938842440315,17.398654211857146,58852200
2009-06-19,17.730127334594727,17.929011528913108,17.494413358350478,17.708030027425654,115459000
2009-06-22,17.148208618164062,17.6417352824079,17.126109906045876,17.6417352824079,71291600
2009-06-23,17.192394256591797,17.428108090329584,17.096634633532528,17.221857783326385,56752700
2009-06-24,17.288156509399414,17.494406864537368,17.207130738245535,17.273425445076818,54287700
2009-06-25,17.52387237548828,17.619630619058068,17.0892743520506,17.258693539501724,57724300
2009-06-26,17.199766159057617,17.45021254119971,17.17766745299835,17.361819121928374,65126400
2009-06-29,17.57544708251953,17.700670354459948,17.347097854002712,17.3839290545538,62854900
2009-06-30,17.509145736694336,17.855350461775956,17.40601981893074,17.65646626855272,66452400
2009-07-01,17.708023071289062,17.899539548030653,17.64909319541095,17.715387900808256,54908400
2009-07-02,17.214500427246094,17.70802700770964,17.09664205425601,17.501776611184347,65422200
2009-07-06,17.089279174804688,17.1482076655468,16.846198974872724,17.096644006802162,49207700
2009-07-07,16.595745086669922,17.04507409997246,16.544181451076795,17.000878103000904,52842500
2009-07-08,16.617847442626953,16.713607104349414,16.205348067038233,16.433695760046973,73023400
2009-07-09,16.529455184936523,16.801998884469036,16.47789293934744,16.684141921703763,46981200
2009-07-10,16.492616653442383,16.603108736121758,16.31583128810665,16.345296218145204,43229200
2009-07-13,17.111373901367188,17.155571316486,16.30847245793121,16.51472284692151,67584000
2009-07-14,17.022979736328125,17.10400551057248,16.83882807809858,17.089274445688012,45448700
2009-07-15,17.76695442199707,17.76695442199707,17.35445365378261,17.49440932174701,67238700
2009-07-16,18.00266456604004,18.00266456604004,17.575432821087396,17.626995055052554,64555100
2009-07-17,17.89217185974121,18.01002878273539,17.75221623682362,17.97319761619637,52860100
2009-07-20,18.068971633911133,18.068971633911133,17.789060165161434,18.002676886310756,47798000
2009-07-21,18.289934158325195,18.289934158325195,17.951095938681778,18.186809727123286,52028400
2009-07-22,18.267850875854492,18.341511848129347,18.054235601720222,18.194191308545825,66192500
2009-07-23,18.827667236328125,18.945524198295296,18.297310907475858,18.363605624203117,106060500
2009-07-24,17.273427963256836,17.597533905052842,16.80199871206716,17.3912849248128,215135700
2009-07-27,17.022979736328125,17.273426103917558,16.86829161283317,17.2660598689925,80950000
2009-07-28,17.288156509399414,17.3470849815866,16.868290969445013,16.9345856762763,70288400
2009-07-29,17.531238555908203,17.612265740916087,17.19240015490389,17.479676312708918,73626900
2009-07-30,17.538602828979492,17.99529954115299,17.464941887665624,17.825880359607012,67820000
2009-07-31,17.324989318847656,17.730122427775935,17.310256848168077,17.50914098744519,54258200
2009-08-03,17.55333709716797,17.57543580331657,17.31025694939635,17.545970861785104,46902900
2009-08-04,17.509145736694336,17.523878211370008,17.332360255484605,17.44285100561992,49218300
2009-08-05,17.538602828979492,17.862710127781146,17.523871764689197,17.56070153286333,53310300
2009-08-06,17.280792236328125,17.663828051506698,17.140837977100606,17.626998279071195,59686000
2009-08-07,17.35445785522461,17.545975814340068,17.310261835418316,17.494413557071702,46169700
2009-08-10,17.25133514404297,17.347093431127647,17.1629416902241,17.280798692005067,35261900
2009-08-11,17.03771209716797,17.236596240375544,16.97878361825081,17.177667761458384,33615800
2009-08-12,17.332353591918945,17.604897243806672,16.96405029642104,17.037709831548163,61972300
2009-08-13,17.39864158630371,17.56806069969074,17.23658729961609,17.40600641300312,38954500
2009-08-14,17.450214385986328,17.531240173504653,17.317624945545216,17.398652138029423,46330200
2009-08-17,17.12611198425293,17.38392470371881,17.111379507719725,17.177674247152847,42474400
2009-08-18,17.46685028076172,17.51870245180284,17.23721863206574,17.252033941753403,38878900
2009-08-19,17.51870346069336,17.570555634720616,17.222404314204926,17.222404314204926,41821300
2009-08-20,17.53352165222168,17.68167195624182,17.437224943614794,17.481669469674433,39505900
2009-08-21,18.08167266845703,18.089080323777857,17.60759403085056,17.726113690252177,69011400
2009-08-24,18.252046585083008,18.318714077712446,17.9853780274312,18.08167473185931,54180900
2009-08-25,18.252046585083008,18.385381570341885,18.11871159982413,18.22241737328434,43980300
2009-08-26,18.18537139892578,18.333521633840327,18.08907473523707,18.215002011054832,41079000
2009-08-27,18.289081573486328,18.355749054114188,18.000188686477035,18.08167147677013,45495600
2009-08-28,18.281675338745117,18.881681298137675,18.2298231637547,18.57056683532935,55808000
2009-08-31,18.25944709777832,18.40759733741009,17.99277864445269,18.200187284498693,49592800
2009-09-01,17.777965545654297,18.32611931376808,17.703890406640916,18.03722782576824,62608500
2009-09-02,17.674259185791016,17.881667855967287,17.614999363902708,17.64462856841406,40771300
2009-09-03,17.859447479248047,17.88166903087522,17.600185211627384,17.711297208360325,34120000
2009-09-04,18.237232208251953,18.37056577715484,17.837227262945564,17.844634918917823,44999700
2009-09-08,18.3853702545166,18.40018555773039,18.081663602959356,18.237221460973963,53737100
2009-09-09,18.355754852294922,18.481682198495715,18.27427203626319,18.326124223604786,49900300
2009-09-10,18.518709182739258,18.55574603595858,18.25944697160783,18.37055894413119,46256000
2009-09-11,18.415006637573242,18.644638257960093,18.37796836792019,18.466858802222,54303500
2009-09-14,18.518709182739258,18.585376648826347,18.25203931839089,18.25944697160783,42806800
2009-09-15,18.66686248779297,18.718714655964046,18.415007888505787,18.4964892615465,44716600
2009-09-16,18.66686248779297,18.777974478568932,18.48167536554449,18.703899347096417,50055800
2009-09-17,18.740938186645508,18.800198015512034,18.563158700045918,18.563158700045918,42428800
2009-09-18,18.711307525634766,18.87427168914644,18.59278787710525,18.859456379863836,68016500
2009-09-21,18.740938186645508,18.792791773161266,18.59278932091207,18.600196976128604,28878700
2009-09-22,19.08908462524414,19.126121476252766,18.733525769246246,18.81500712403828,61376700
2009-09-23,19.044641494750977,19.444646325916707,18.992789330607014,19.200199400048373,60599900
2009-09-24,19.215017318725586,19.340944625700157,19.007607221101086,19.200202008995472,56302900
2009-09-25,18.92612648010254,19.126128944521742,18.903904925966533,19.02983224657871,50158900
2009-09-28,19.133535385131836,19.377982355165535,18.96316355420109,18.96316355420109,44358000
2009-09-29,19.07427406311035,19.22983057146894,19.029829548274417,19.19279371124994,39050300
2009-09-30,19.05205726623535,19.2520597670345,18.800202579199265,19.081687894294237,63533400
2009-10-01,18.429819107055664,18.86686076509867,18.370559293059937,18.82241625781823,75958100
2009-10-02,18.489076614379883,18.58537468314981,18.096480925462423,18.118702469897606,51219700
2009-10-05,18.252046585083008,18.56316107973174,18.163157536821053,18.503901243268455,60804900
2009-10-06,18.60019302368164,18.674266734375188,18.26685567409881,18.281670981383705,48795300
2009-10-07,18.592784881591797,18.65204469630911,18.42981933147011,18.51130210653095,38472700
2009-10-08,19.0150146484375,19.18538646969809,18.681677247827054,18.84464282717691,60521300
2009-10-09,18.92612648010254,19.103907390385732,18.859458991962807,18.940941791437115,39520000
2009-10-12,19.05205726623535,19.177984609753395,18.92612992271731,19.007612737013133,29145800
2009-10-13,19.11871910095215,19.2150172007409,18.903902762647313,18.95575493351863,37749000
2009-10-14,19.229835510253906,19.407616440988292,19.12613114471386,19.363170501871686,45365500
2009-10-15,19.7853946685791,19.7853946685791,19.18538869088048,19.18538869088048,65620100
2009-10-16,19.62982940673828,19.72612606141253,19.3335303775115,19.59279255790939,56500900
2009-10-19,19.526134490966797,19.689098682204076,19.444651688915208,19.622431191955666,48143200
2009-10-20,19.533538818359375,19.63724315757865,19.21501673319657,19.570575678690357,54604700
2009-10-21,19.6890926361084,19.815019922034075,19.548350042929005,19.600202205451556,61672700
2009-10-22,19.696500778198242,19.79279745200459,19.355755767239746,19.674277816766548,61600000
2009-10-23,20.755775451660156,21.740971001845068,20.652069690206208,21.629858997948354,281761000
2009-10-26,21.244665145874023,21.496519724479878,20.822438767877593,20.837252662663143,124149700
2009-10-27,21.177993774414062,21.392810044334198,21.066881813223286,21.28169808314342,69685800
2009-10-28,20.755775451660156,21.311336884009524,20.703923277366073,20.918739629850954,73542400
2009-10-29,20.903926849365234,21.044669491531113,20.629850634104585,20.792814832019946,65225500
2009-10-30,20.54096031188965,21.037261978074497,20.489108130967733,20.763185760954098,73371800
2009-11-02,20.65206527709961,20.77799256470423,20.303914029188235,20.51873174863485,62428900
2009-11-03,20.392807006835938,20.548363515896995,20.31873187319777,20.474288382258827,50294800
2009-11-04,20.7854061126709,21.029853103473805,20.459477733510948,20.511329911428852,63898400
2009-11-05,21.089111328125,21.289113781576127,20.948370116762305,21.12614960443027,52681700
2009-11-06,21.126148223876953,21.207629600692343,20.889108922476396,21.02244246986495,38908500
2009-11-09,21.474294662475586,21.481702315576523,21.133551097024576,21.20021856206766,57518000
2009-11-10,21.48911476135254,21.689117201087953,21.340964492022824,21.407631971934627,65881100
2009-11-11,21.570608139038086,21.70394175144489,21.496532968012282,21.540977505481216,49693400
2009-11-12,21.748374938964844,21.84467161578119,21.481705044911042,21.489112698953154,55352400
2009-11-13,21.948379516601562,22.06690058768755,21.755786131643042,21.829859858381347,53037600
2009-11-16,21.8817138671875,22.074307255860962,21.755786551291283,21.9335660420508,54129500
2009-11-17,22.320682525634766,22.320682525634766,21.926349956802007,21.94867115020752,75648900
2009-11-18,22.40252685546875,22.42484663113154,22.179319165064804,22.32068389374288,59431200
2009-11-19,22.15699577331543,22.320680250942516,22.097474016077342,22.313239853898924,51967700
2009-11-20,22.03795623779297,22.149559375375503,21.896591506662613,22.067716412229895,42647100
2009-11-23,22.276039123535156,22.328120483345625,22.097473853137576,22.20163657275851,41832700
2009-11-24,22.253726959228516,22.31324874017121,22.13468339734313,22.283488559255463,37341400
2009-11-25,22.164443969726562,22.216525348247792,22.00819841505174,22.17932334993896,32033500
2009-11-27,21.74034309387207,21.866827011444432,21.390652930753514,21.658501560697506,29357900
2009-11-30,21.881711959838867,21.911473555086758,21.57666270410284,21.68826584806049,44172000
2009-12-01,22.328123092651367,22.35788326497348,21.881709154933347,21.963552112263038,49904200
2009-12-02,22.15699577331543,22.313239853898924,22.06027203085939,22.24627769961725,36308600
2009-12-03,22.194196701049805,22.469485719705602,22.142115340006708,22.20163709821463,43095200
2009-12-04,22.305803298950195,22.5959731571884,22.19420016229437,22.357884668115524,58810700
2009-12-07,22.164443969726562,22.380209883473245,22.08260099255827,22.157003570064795,38082700
2009-12-08,22.000755310058594,22.127239250533204,21.859390572090277,21.96355473543528,37402200
2009-12-09,22.104923248291016,22.179325834130992,21.762673340182925,21.926357893741844,44713300
2009-12-10,22.223962783813477,22.29092353361629,22.06771724997773,22.104917824213842,45940200
2009-12-11,22.20908546447754,22.320688623774178,22.164444484581114,22.29836742427038,43744200
2009-12-14,22.40252685546875,22.43972742764731,22.2462813302749,22.253721728532785,34651200
2009-12-15,22.3355655670166,22.476928882132878,22.231401406428233,22.238841804978183,49473200
2009-12-16,22.395092010498047,22.625738737242237,22.350451028992026,22.37277081018943,55737800
2009-12-17,22.0230770111084,22.290924276579922,22.000755814356193,22.28348529677351,43691200
2009-12-18,22.588533401489258,22.65549556920995,22.17187959809141,22.201641192238792,94118000
2009-12-21,22.707578659057617,22.945665753818684,22.595975510777244,22.618295288966703,40129100
2009-12-22,22.9307861328125,23.01262910800481,22.722460623757303,22.767101601538975,36321000
2009-12-23,23.00519371032715,23.027514913626625,22.834068742365393,22.848948125453635,28362700
2009-12-24,23.064708709716797,23.064708709716797,22.88614339322521,22.97542534191551,11083900
2009-12-28,23.191192626953125,23.19863302585414,22.982865715057677,23.06470868385785,25384000
2009-12-29,23.354881286621094,23.436724269933283,23.235837721318585,23.325121104851085,29716200
2009-12-30,23.034944534301758,23.28047341347977,22.915901003306207,23.17630925952554,42006200
2009-12-31,22.67781639099121,23.057268219194786,22.67781639099121,23.049827820314995,31929700
2010-01-04,23.02750587463379,23.139109009100743,22.75965721662442,22.781978411162147,38409100
2010-01-05,23.034944534301758,23.139108688255988,22.796857472310656,22.953102993686585,49749600
2010-01-06,22.893579483032227,23.124226129365272,22.707573802641864,22.975421017408696,58182400
2010-01-07,22.65549659729004,22.841502311819152,22.462050483886447,22.789419519697777,50559700
2010-01-08,22.811737060546875,22.97542155222071,22.49924745345264,22.52900904418102,51197400
2010-01-11,22.521570205688477,22.88614120268622,22.409967070952163,22.848939211700213,68754700
2010-01-12,22.372760772705078,22.618288189499744,22.253717262690127,22.432282527712555,65912100
2010-01-13,22.581090927124023,22.707574852401184,22.328123076569703,22.51412876555901,51863500
2010-01-14,23.034944534301758,23.139108688255988,22.514129440973925,22.551330012243476,63228100
2010-01-15,22.960540771484375,23.24326877055592,22.848936232190486,23.124225253145728,79913200
2010-01-19,23.139114379882812,23.243277140347573,22.826624679377353,22.878706059609733,46575700
2010-01-20,22.759662628173828,23.020070949921063,22.551335686953802,22.9233471697038,54849500
2010-01-21,22.328123092651367,22.85637856858829,22.320682694793142,22.774537030369387,73086700
2010-01-22,21.546897888183594,22.469487335412744,21.457615954007068,22.320682219637526,102004600
2010-01-25,21.814748764038086,22.06771663530818,21.651064255203103,21.755226995451647,63373000
2010-01-26,21.948680877685547,22.209089239717656,21.643631528168658,21.725474521150257,66639900
2010-01-27,22.07515525817871,22.186758387912743,21.591540749924047,21.837068202983232,63949500
2010-01-28,21.695703506469727,22.22396040250744,21.494817021253517,22.20163920889093,117513700
2010-01-29,20.96656608581543,22.26116579466469,20.579673827324083,22.24628499569708,193888500
2010-02-01,21.137693405151367,21.189774788312068,20.77312230391521,21.122812604502236,85931100
2010-02-02,21.17489242553711,21.20465402463978,20.93680530916034,21.107931665778402,54413700
2010-02-03,21.30137062072754,21.42041556582121,20.921920268601266,21.026082999058616,61397900
2010-02-04,20.713594436645508,21.204649360949148,20.691273242227766,21.115366002389013,77850000
2010-02-05,20.847518920898438,21.040965016633606,20.51270809768164,20.832638124508613,80960100
2010-02-08,20.624311447143555,20.89216010850609,20.512708311279454,20.840078739710233,52820600
2010-02-09,20.840072631835938,21.08560002642136,20.6466265907822,20.810311047469,59195800
2010-02-10,20.8252010345459,21.011206761634494,20.713597882114957,20.85496263205339,48591300
2010-02-11,20.921926498413086,21.130252021359777,20.609436794881862,20.780561737048412,65993700
2010-02-12,20.780555725097656,20.87727805861033,20.52014747764091,20.69127237029991,81117200
2010-02-16,21.191682815551758,21.206633198316855,20.94500720291558,21.027231456629657,51935600
2010-02-17,21.37108039855957,21.415930115372504,21.199155295987666,21.326230681746637,45882900
2010-02-18,21.655128479003906,21.69997961736533,21.31127830604627,21.371078398114843,42856500
2010-02-19,21.505634307861328,21.617759330145095,21.44583420092685,21.520584691031697,44451800
2010-02-22,21.47572898864746,21.632705127163266,21.415928894390653,21.557954652905583,36707100
2010-02-23,21.176733016967773,21.550484041923607,20.99733269607861,21.438359019586258,52266200
2010-02-24,21.400985717773438,21.520587372290624,21.21411018210192,21.31876145158606,43165900
2010-02-25,21.37856674194336,21.41594128782755,20.94501545124807,21.131891032164102,48735300
2010-02-26,21.430885314941406,21.565435921380583,21.31128509271705,21.415934930726582,40370600
2010-03-01,21.6925106048584,21.714934754678016,21.326234758418316,21.505635085710576,43805400
2010-03-02,21.273910522460938,21.901812443046662,21.109460562592183,21.737362483177908,93123900
2010-03-03,21.273910522460938,21.386036985652623,21.191686255400164,21.31128648544057,48442100
2010-03-04,21.400985717773438,21.415936102806487,21.13188591591454,21.273910296486918,42890600
2010-03-05,21.37108039855957,21.43835568665237,21.2440050128006,21.423405305799125,56001800
2010-03-08,21.400985717773438,21.625237216027575,21.303811066553013,21.31876145158606,39414500
2010-03-09,21.528059005737305,21.759785673545014,21.341183488584214,21.348658680359982,50271600
2010-03-10,21.655128479003906,21.759779709433904,21.528053105139854,21.572904243501277,44891400
2010-03-11,21.81211280822754,21.819588000763435,21.565437157531736,21.595336501928127,35349700
2010-03-12,21.879384994506836,21.961609249179137,21.70745986794558,21.916759526108155,31700200
2010-03-15,21.89432716369629,21.95412724727234,21.685026158306886,21.8121015141243,37512000
2010-03-16,21.954133987426758,22.043833427456295,21.827058592595836,21.99150851648125,36723500
2010-03-17,22.148487091064453,22.32788885373457,21.976561946398323,22.051312443219683,50385700
2010-03-18,22.13353729248047,22.215761552691685,22.051311606522166,22.148486250679817,43845200
2010-03-19,22.118581771850586,22.350306966217538,21.93918148339745,22.2456571543899,81332100
2010-03-22,22.12606430053711,22.200814801954756,21.969088104985328,22.051313799119463,37718200
2010-03-23,22.33536148071289,22.350311864463833,21.984036017048112,22.118586619312474,42026600
2010-03-24,22.163427352905273,22.312928278266632,22.12605283443818,22.215752249057804,33987700
2010-03-25,22.432533264160156,22.85113394899369,22.275557116255836,22.297982687598395,73168700
2010-03-26,22.17091178894043,22.57456360032601,22.118586870963874,22.49233791450737,55595500
2010-03-29,22.118581771850586,22.290506870066494,22.088681010901688,22.208281203203775,33336000
2010-03-30,22.25313377380371,22.320409064512642,22.051307901676918,22.148482529508236,34954800
2010-03-31,21.89432716369629,22.21575172182602,21.804626325458987,22.15595163824997,63760000
2010-04-01,21.797161102294922,22.081212698457293,21.39351071004722,21.939186900376107,74768100
2010-04-05,21.879384994506836,21.998985206527447,21.69998467647592,21.77473373967856,34331200
2010-04-06,21.916763305664062,22.111114040150174,21.662612454855086,21.789687880259574,47366800
2010-04-07,21.93918228149414,22.09615700494598,21.7822061322955,21.79715651331381,58318800
2010-04-08,22.365264892578125,22.41011462338671,21.901812921731967,21.916763307250573,63713800
2010-04-09,22.67920684814453,22.731531750921107,22.35030562616034,22.387681575105514,54752500
2010-04-12,22.664255142211914,22.79133050969548,22.582029485091198,22.61193024249749,37068800
2010-04-13,22.76144027709961,22.79881481305165,22.522238399466207,22.53718878414589,41374600
2010-04-14,23.038021087646484,23.172571732276076,22.918420831475185,23.015596930706565,68941200
2010-04-15,23.075389862060547,23.135189971495794,22.955788217442983,23.0380139025716,52745400
2010-04-16,22.925886154174805,23.157611372510992,22.87356124284859,23.01558702055324,88703100
2010-04-19,23.20246696472168,23.35944172878044,22.993165853562825,23.000641046005693,64970300
2010-04-20,23.441659927368164,23.50146002205036,23.269733407628472,23.337008692364282,52199500
2010-04-21,23.419233322143555,23.54630869594519,23.34448285065789,23.419233322143555,55343100
2010-04-22,23.464088439941406,23.568739694427542,23.097812613607392,23.202463868093528,84847600
2010-04-23,23.14266014099121,23.606111986398535,22.910934931160977,23.262261767021208,126766600
2010-04-26,23.254785537719727,23.3818609230637,23.06791005490487,23.17255986904222,63649300
2010-04-27,23.060436248779297,23.359436754082175,22.98568576601686,23.135186731541737,68730900
2010-04-28,23.10529136657715,23.172566674207204,22.88851648423924,23.112766559174624,64557900
2010-04-29,23.172563552856445,23.49398966251559,22.92588793335592,23.12023863746952,52665200
2010-04-30,22.828706741333008,23.232356991129,22.813756362443293,23.224881801684145,63214800
2010-05-03,23.06791114807129,23.21741068595974,22.858610084131225,22.92588537519243,43989500
2010-05-04,22.522233963012695,22.8361848507078,22.238183838787066,22.81376070385257,82085600
2010-05-05,22.312944412231445,22.492344796937374,22.193344155760823,22.253144283996132,66833800
2010-05-06,21.662609100341797,22.335360661233423,20.862782133723655,22.118585807786427,128613000
2010-05-07,21.0870361328125,21.640189009047802,20.421759638775757,21.62523862304203,173718100
2010-05-10,21.632709503173828,22.03635986462371,21.460782949878677,21.685034418014833,86653300
2010-05-11,21.587858200073242,22.163435110711642,21.35613296782483,21.438358648129455,63789400
2010-05-12,22.0064640045166,22.11111385074838,21.617762538873958,21.662612269295117,47146800
2010-05-13,21.856962203979492,22.22323807816288,21.81211247519608,21.87191258882302,45188800
2010-05-14,21.6252384185791,21.83453811769189,21.408462100786842,21.827064350506948,63334000
2010-05-17,21.632709503173828,21.849484354050414,21.26643367353981,21.76726009890612,46053300
2010-05-18,21.47502899169922,21.775378757084948,21.324853392916026,21.67776562040233,52690600
2010-05-19,21.20470428466797,21.542598519205644,20.866811482310325,21.414949745289192,61746700
2010-05-20,20.356218338012695,20.90435665353667,20.303657325863846,20.761690026146812,87991100
2010-05-21,20.153478622436523,20.35621515085132,19.853129005625686,19.995794178498368,117596300
2010-05-24,19.725486755371094,20.168503123575988,19.71797783344791,20.160994201652805,73711700
2010-05-25,19.575313568115234,19.77054126538115,19.05720934968571,19.259945969790383,98373600
2010-05-26,18.77938461303711,19.980784943690743,18.441490277728743,19.69545163116802,176684100
2010-05-27,19.522747039794922,19.793062457105126,19.320010476812268,19.320010476812268,136433600
2010-05-28,19.372575759887695,19.612856979449674,19.267453710953426,19.40261144940063,67496900
2010-06-01,19.440153121948242,19.755520676481627,19.162330176395255,19.169839098191336,76152400
2010-06-02,19.8681583404541,19.883176189111676,19.32001975408047,19.567808528206967,65718800
2010-06-03,20.168493270874023,20.22105426647882,19.830599110300742,19.935721101510335,67837000
2010-06-04,19.36506462097168,19.950746134316216,19.237415828953985,19.59783544211681,89832200
2010-06-07,18.9896240234375,19.39509566310229,18.952079424833354,19.38758674338146,80456200
2010-06-08,18.854469299316406,18.967100248489793,18.50906609871377,18.95959132758754,87355000
2010-06-09,18.61419105529785,19.162329435597623,18.584155369274686,18.93706608696488,87794000
2010-06-10,18.771867752075195,18.884498672151675,18.606675831441677,18.86948083422685,78930900
2010-06-11,19.2674503326416,19.31250242683117,18.599172112138728,18.801908684262155,68057700
2010-06-14,19.147308349609375,19.49271008729314,19.124781588907354,19.417623749313258,50972400
2010-06-15,19.958253860473633,20.01081487189077,19.32751885910768,19.33502777962158,81641500
2010-06-16,19.76302719116211,19.958254837540483,19.695448335408816,19.87565814002419,48698000
2010-06-17,19.80057716369629,20.02583912249113,19.55278843614972,19.943242402582072,47995500
2010-06-18,19.853132247924805,19.920711101766326,19.650395686400245,19.80057123542144,52075600
2010-06-21,19.485198974609375,20.191020159148305,19.44014546158617,20.108424916298755,54625300
2010-06-22,19.350046157836914,19.860641309515714,19.34253723711456,19.642886905107915,55985400
2010-06-23,19.004648208618164,19.35756041903142,18.9370693356531,19.35756041903142,61466200
2010-06-24,18.771867752075195,19.31249702775021,18.71930675151816,19.117269431267047,85243400
2010-06-25,18.418964385986328,18.854471831545943,18.25377096831103,18.809418300081546,156256700
2010-06-28,18.253768920898438,18.479032256412786,18.111103717137627,18.403944477908002,73784800
2010-06-29,17.50290298461914,18.171182980947968,17.352728782703966,18.11862050648762,119882100
2010-06-30,17.27763557434082,17.78072192974456,17.23258347104243,17.49538860043349,81050500
2010-07-01,17.3902645111084,17.510404393948015,17.067388038909296,17.337703491388616,92239400
2010-07-02,17.47286033630371,17.63054338750959,17.307666931596255,17.540439196014887,62485100
2010-07-06,17.885845184326172,18.0885818110738,17.705635326832933,17.795740971669872,73592000
2010-07-07,18.246261596679688,18.261279440131005,17.728158887232656,17.88584194693035,79965300
2010-07-08,18.328857421875,18.486541906168547,17.998472042739248,18.47152406343958,50758100
2010-07-09,18.223743438720703,18.328865519907747,18.13363777471685,18.26879555463216,53806100
2010-07-12,18.644224166870117,18.689276260964338,18.336365564895825,18.34387448594157,49854200
2010-07-13,18.869483947753906,18.997132726817682,18.696783079661767,18.876992867955316,61928700
2010-07-14,19.102256774902344,19.22990555795848,18.86197704966259,19.147308865339763,72808100
2010-07-15,19.15481948852539,19.214889425175187,18.756855263107813,19.147310567421634,56934700
2010-07-16,18.689279556274414,19.252435844379242,18.68177063390469,19.154822717933826,65064800
2010-07-19,18.944576263427734,18.99713728526977,18.704296488046744,18.741839665882363,38181800
2010-07-20,19.132293701171875,19.132293701171875,18.54661214700519,18.666752026433247,45530700
2010-07-21,18.86197853088379,19.259941319996393,18.756855068701007,19.222398147046984,73297300
2010-07-22,19.40262222290039,19.515253256752402,19.124797669362888,19.154833375553448,73016400
2010-07-23,19.380088806152344,19.537773345287924,18.959599088758814,19.402615578080514,108520100
2010-07-26,19.597835540771484,19.672923318603456,19.372572207275578,19.417625733282904,67249900
2010-07-27,19.64289093017578,19.70296087608352,19.492715349316203,19.62787308565373,60672100
2010-07-28,19.485198974609375,19.665408730162707,19.395093380742793,19.575303136296128,69704800
2010-07-29,19.545276641845703,19.830608509879916,19.222400164740936,19.620362995626014,69446200
2010-07-30,19.380088806152344,19.402615578080514,19.034686896338577,19.335036694476813,83534800
2010-08-02,19.770540237426758,19.808083417487925,19.335032760686858,19.51524260290538,55044600
2010-08-03,19.64289093017578,19.785557588774335,19.50022427157723,19.67292661921989,56877700
2010-08-04,19.32001495361328,19.702961406145043,19.10226193090729,19.63538253615823,78531900
2010-08-05,19.04969596862793,19.20737900294253,18.929554672537567,19.139800150470517,64922100
2010-08-06,19.18486213684082,19.19237106123079,18.786899169438623,18.907039095316367,55982100
2010-08-09,19.229907989501953,19.320012181770103,19.049698172785337,19.184854461187562,57096500
2010-08-10,18.82444190979004,19.0271785669364,18.68177521414843,19.0196696427257,87257700
2010-08-11,18.66675567626953,18.696789935908857,18.441492284161825,18.53159792744103,76746900
2010-08-12,18.388927459716797,18.53159410205027,18.291314345813042,18.33636644206244,70240500
2010-08-13,18.32135009765625,18.524086695629755,18.201210209712045,18.283806919741348,45263500
2010-08-16,18.396438598632812,18.479035311863207,18.246263016792184,18.291316550652667,40909700
2010-08-17,18.653095245361328,18.84181535803307,18.570059374863494,18.653095245361328,52912600
2010-08-18,18.73612403869629,18.834259258975038,18.426623309791697,18.63044128438337,46818900
2010-08-19,18.44928741455078,18.675751081806563,18.27566373384574,18.585166190832606,54064600
2010-08-20,18.29075050354004,18.41908022041251,18.26810501456372,18.351140873843555,49560100
2010-08-23,18.3284912109375,18.600247095506617,18.298295312752224,18.449271924039255,51643000
2010-08-24,18.147329330444336,18.38134190059714,18.117133416968926,18.185072782468193,66522500
2010-08-25,18.1926212310791,18.283206089226745,18.018999053112484,18.11713288940916,47404800
2010-08-26,17.981252670288086,18.260559079344002,17.958607177540472,18.18507074393806,49105300
2010-08-27,18.064289093017578,18.132228447552883,17.747239251792866,18.026544207264536,60939400
2010-08-30,17.845367431640625,17.98124609774058,17.81517297240714,17.920855739453902,45453100
2010-08-31,17.717039108276367,17.91330814781738,17.60380735772343,17.815174347956784,66074600
2010-09-01,18.04163932800293,18.079384207827882,17.769883392363,17.868017200267985,65235900
2010-09-02,18.07184600830078,18.079394988767312,17.898222337212214,18.026552125501606,48837100
2010-09-03,18.336048126220703,18.45682889162862,18.268108765701214,18.298303237143045,64189100
2010-09-07,18.086938858032227,18.343598382512926,18.05674438211594,18.192623123290492,51928700
2010-09-08,18.064289093017578,18.2681071566235,17.920861406796355,18.16997189348576,65512400
2010-09-09,18.124675750732422,18.275650943299922,18.10957779952971,18.260554431917086,46028900
2010-09-10,18.003904342651367,18.13978309419012,17.958611905411992,18.10203819664012,58284300
2010-09-13,18.955047607421875,19.09092631196284,18.185069241569824,18.26810654763822,114680400
2010-09-14,18.894657135009766,19.13621863525524,18.788972898787286,18.90220611186995,87160400
2010-09-15,18.962596893310547,19.0380837838899,18.81162023251155,18.94749893926662,56201900
2010-09-16,19.12112045288086,19.151316359960514,18.909753422783577,18.917302399553492,44548300
2010-09-17,19.0380859375,19.272099932192386,18.93240312687783,19.17396465962582,70341600
2010-09-20,19.196617126464844,19.264556507110527,18.955055524089406,19.083385305328946,49838700
2010-09-21,18.985239028930664,19.189057053038592,18.93239763893673,19.189057053038592,52675700
2010-09-22,18.577611923217773,18.84936795862547,18.38889177426943,18.78897756855482,94299400
2010-09-23,18.441728591918945,18.562509341974746,18.388887193747046,18.502118966946846,46201800
2010-09-24,18.705944061279297,18.72104058085171,18.554967346989905,18.60025978534846,51948800
2010-09-27,18.668193817138672,18.864462913584745,18.56251101129088,18.758780107736953,43603300
2010-09-28,18.63045310974121,18.796526320476406,18.38134257372819,18.72103797384388,56041200
2010-09-29,18.494565963745117,18.61534668750644,18.41907765143934,18.59269976186877,44318900
2010-09-30,18.487022399902344,18.743681872977366,18.388888573053766,18.577608689148914,61262700
2010-10-01,18.40398406982422,18.736131858924303,18.343593693607854,18.698388413721627,62672300
2010-10-04,18.0491943359375,18.109584724019708,17.95106049523657,18.08693778855622,98143400
2010-10-05,18.3813419342041,18.456830278210237,18.049194084469352,18.162425880568353,78152900
2010-10-06,18.441728591918945,18.52476589751485,18.215263605699235,18.35869128632304,50489700
2010-10-07,18.5172176361084,18.683290813896665,18.32849752687712,18.585156990617275,50096100
2010-10-08,18.547420501708984,18.60781090641027,18.396445209866187,18.5851654045353,41327800
2010-10-11,18.562517166137695,18.675748987065084,18.494577785617118,18.675748987065084,27587800
2010-10-12,18.743682861328125,18.819171199710713,18.441730947618066,18.607804140203523,50141500
2010-10-13,19.1286678314209,19.279644474564638,18.788971104257474,18.8871063542469,75336500
2010-10-14,19.04563331604004,19.12867062588181,18.872011158934683,19.090927179492017,51949100
2010-10-15,19.279651641845703,19.287199180970738,19.04563761399534,19.143772900466914,68954800
2010-10-18,19.49101448059082,19.589149752902006,19.21170949901041,19.31739230935756,48330500
2010-10-19,18.94750213623047,19.151320230752777,18.834270341435982,19.07583188761632,66150900
2010-10-20,19.10603141784668,19.17397080066923,18.947507151141238,19.068287956198937,56283600
2010-10-21,19.189064025878906,19.279650327228147,18.909757583220795,19.173966069017297,50032400
2010-10-22,19.15886688232422,19.279649089643517,19.075831004556374,19.264551133751066,25837900
2010-10-25,19.015443801879883,19.13622458958415,19.00034584346171,19.053187258104757,50912400
2010-10-26,19.55140495300293,19.604246358418077,18.917305208380537,18.962599075725215,69304200
2010-10-27,19.664640426635742,19.709934302467936,19.340042955428505,19.468372723978558,64805500
2010-10-28,19.838258743286133,19.913745636425986,19.566501320558043,19.785415902339967,80730300
2010-10-29,20.132667541503906,20.532754815237638,19.989239810947193,20.495009917817125,114193200
2010-11-01,20.34402084350586,20.547837391997888,20.155300803917935,20.291178022972744,61912100
2010-11-02,20.676170349121094,20.698817275791253,20.39686545262177,20.427059915028785,54402100
2010-11-03,20.4044246673584,20.751669078299663,20.351581811944193,20.729022140265002,110255300
2010-11-04,20.487455368041992,20.706371394098497,20.389321541071293,20.691273439235243,93599300
2010-11-05,20.268543243408203,20.52520274797376,20.02698169553954,20.51010479127687,110953700
2010-11-08,20.238340377807617,21.793394827710767,20.064718254896654,20.140206572629218,71670800
2010-11-09,20.34402084350586,20.464801553656557,20.162848338460172,20.238336642259267,58538600
2010-11-10,20.33648681640625,20.4421696555098,20.238351517392356,20.389328235958025,52277300
2010-11-11,20.140214920043945,20.170409395759584,19.838262963785066,20.140214920043945,62073100
2010-11-12,19.830711364746094,20.019431492450597,19.70238162031422,19.98168660301751,64962200
2010-11-15,19.77787208557129,20.004335687234438,19.75522514947679,19.876005929006528,51794600
2010-11-16,19.603181838989258,19.777872281947023,19.48165893438134,19.777872281947023,65339200
2010-11-17,19.4208984375,19.67913498466275,19.40570771150987,19.671539621667684,58299700
2010-11-18,19.625965118408203,19.808249449235472,19.451276149115454,19.5272268671265,59514000
2010-11-19,19.512041091918945,19.618373275137177,19.443684274516553,19.595587186447265,52423200
2010-11-22,19.54242515563965,19.550020520114558,19.322165380537857,19.481663688508018,53350500
2010-11-23,19.0791072845459,19.443675853690074,19.05632120572437,19.420889774868545,69742500
2010-11-24,19.268991470336914,19.337346825579107,19.1094917783263,19.139873223915775,56825900
2010-11-26,19.177846908569336,19.299369782987707,19.11708547136015,19.147465465631274,21356500
2010-11-29,19.223419189453125,19.306966715668175,18.93480270137748,19.132277750552205,56603600
2010-11-30,19.185440063476562,19.344938274562423,18.987965053084473,19.025940403723933,75282100
2010-12-01,19.777873992919922,19.937372275765686,19.41330379889011,19.42089916216859,74123500
2010-12-02,20.4234619140625,20.49181872813317,19.89939493774374,19.929774939182217,91759200
2010-12-03,20.522201538085938,20.552581541537464,20.339917171374676,20.362701811796477,52622000
2010-12-06,20.38548469543457,20.491816863796096,20.32472324941839,20.453841503286164,36264200
2010-12-07,20.408273696899414,20.60574733816691,20.393082971058114,20.56777197223101,57860500
2010-12-08,20.681697845458984,20.689293207765136,20.355104509630735,20.377890596549186,41666800
2010-12-09,20.567764282226562,20.76523929832821,20.514598210327428,20.719668586509925,47148300
2010-12-10,20.765241622924805,20.810812339844574,20.590552667509883,20.6513141062919,37625800
2010-12-13,20.696884155273438,20.848788471659645,20.63612271845234,20.712074876645445,47943900
2010-12-14,20.9779109954834,21.076647807256972,20.704483749545474,20.742459112073643,64070500
2010-12-15,21.1525936126709,21.258925754670642,20.909547888861894,20.909547888861894,69634200
2010-12-16,21.258928298950195,21.258928298950195,21.00828718519195,21.084239345138954,57680200
2010-12-17,21.190576553344727,21.334885546791817,21.07664901058852,21.205767278690168,87456500
2010-12-20,21.12221336364746,21.25892695316409,21.023476576033712,21.228546960308652,52811000
2010-12-21,21.31968879699707,21.372854872015314,21.08423841534475,21.15259521141589,38153000
2010-12-22,21.41084098815918,21.570339282594148,21.251341245056686,21.274127336547764,42252300
2010-12-23,21.494380950927734,21.509571674247695,21.236144449156832,21.243739810816813,24902500
2010-12-27,21.31968879699707,21.418427035174005,21.17537984432834,21.35766559962931,21652800
2010-12-28,21.274120330810547,21.39564321474279,21.236143524164817,21.24373888549396,23042200
2010-12-29,21.243728637695312,21.357657554007094,21.175371867374785,21.220944013366037,19502500
2010-12-30,21.1525936126709,21.26652111462302,21.099427541671027,21.20575968367077,20786100
2010-12-31,21.198169708251953,21.205765070133626,20.98550392156658,21.11462217622071,24752000
2011-01-03,21.251327514648438,21.40323179577575,21.20575680977688,21.30449357844302,53443800
2011-01-04,21.334880828857422,21.395642268135273,21.15259651102386,21.220953311294817,54405600
2011-01-05,21.266521453857422,21.27411681393096,21.091832518166484,21.190569301788855,58998700
2011-01-06,21.889326095581055,21.912112175387737,21.160188925768555,21.296902507275092,88026300
2011-01-07,21.72224235534668,21.828574545241135,21.4564104319431,21.752622360173337,73762000
2011-01-10,21.43362045288086,21.57033407146393,21.296908282964967,21.46400190086251,57573600
2011-01-11,21.350069046020508,21.456401190114953,21.304496885408476,21.41842583827174,50298900
2011-01-12,21.684255599975586,21.714637039545014,21.319687017143096,21.35766381660488,52631100
2011-01-13,21.41084098815918,21.56274391876379,21.274127336547764,21.51717318444916,67077600
2011-01-14,21.494380950927734,21.555142395540468,21.19816908952404,21.32728734040949,62688400
2011-01-18,21.76780891418457,21.828570360857782,21.372858786475124,21.388049510310218,53322700
2011-01-19,21.623493194580078,21.782992847794773,21.471590349581998,21.615897835030168,50005900
2011-01-20,21.532360076904297,21.68426298045294,21.365264999733345,21.646287616732593,58613600
2011-01-21,21.281719207763672,21.593121830365444,21.281719207763672,21.570335742613867,58080300
2011-01-24,21.555143356323242,21.69185697496244,21.25893148171642,21.281717567712015,52047800
2011-01-25,21.608314514160156,21.608314514160156,21.357673320843276,21.3728625987205,42436600
2011-01-26,21.858951568603516,22.018449821119848,21.646285783247926,21.653881145082103,74628800
2011-01-27,21.92731285095215,22.37542770127432,21.638694837026247,21.836169939010432,146938600
2011-01-28,21.07664680480957,21.972879225053084,20.848791743143355,21.9500931394196,141249400
2011-01-31,21.061452865600586,21.19057110047686,20.826002478002767,21.09183430847356,65029000
2011-02-01,21.258928298950195,21.31209437631301,20.970311829551928,21.11461933991758,62810700
2011-02-02,21.22095489501953,21.350073144204465,21.17538272565984,21.21335953345958,45824000
2011-02-03,21.000694274902344,21.243740056160213,20.917148193011908,21.243740056160213,60340100
2011-02-04,21.091840744018555,21.145006836601368,20.894365651091398,21.038674651435738,40412200
2011-02-07,21.418428421020508,21.524760577937055,21.107025862621775,21.11461977497268,68980900
2011-02-08,21.47919273376465,21.524763457301013,21.304502304318742,21.342479114488366,34904200
2011-02-09,21.243728637695312,21.463989663987316,21.19815794037041,21.410823608997205,52905100
2011-02-10,20.886760711669922,21.220949288683318,20.727262507049918,21.21335392912998,76672400
2011-02-11,20.696884155273438,21.122214213021127,20.560170560259238,21.084238858258036,83939700
2011-02-14,20.681697845458984,20.712079294683583,20.469033495555742,20.66650712084669,56766200
2011-02-15,20.597654342651367,20.880337935078114,20.59001554524999,20.658776379698942,44116500
2011-02-16,20.64350128173828,20.6817011076768,20.32261778927287,20.666420594409413,70817900
2011-02-17,20.78866195678711,20.910904606700022,20.559460084814074,20.60530016776269,57207300
2011-02-18,20.674060821533203,20.788661756415138,20.62058048240363,20.727541160662774,68667800
2011-02-22,20.314971923828125,20.70461616118899,20.261491599387732,20.4601338453303,60889000
2011-02-23,20.314971923828125,20.521254424294973,20.19273076589878,20.269131853912008,60234100
2011-02-24,20.45249366760254,20.67405522072033,20.246211166361125,20.353171815643538,64494200
2011-02-25,20.2844181060791,20.590022566612248,20.246218277127493,20.55946153766691,53006300
2011-02-28,20.307331085205078,20.521253834043154,20.253850762302935,20.391372425325304,51379900
2011-03-01,19.986452102661133,20.460137773503135,19.97881184666999,20.322616080122238,60055000
2011-03-02,19.92532730102539,20.14689030625481,19.894767740748986,19.94824806415484,48658200
2011-03-03,20.017013549804688,20.169814301168394,20.001733037499356,20.062853629490814,68271500
2011-03-04,19.826004028320312,20.047565544132336,19.711401686551728,20.032285037599284,70437200
2011-03-07,19.650287628173828,20.070492953679164,19.52040619406924,19.96353082973846,64980400
2011-03-08,19.795452117919922,19.879493485267663,19.59680981333524,19.688491437462776,50549800
2011-03-09,19.780160903930664,19.848921720521435,19.604439464745003,19.719040339986556,39789100
2011-03-10,19.41343879699707,19.64264056255371,19.3675987353316,19.573881198670147,66549500
2011-03-11,19.61972999572754,19.749611442631885,19.37524761502052,19.413447440544765,49905800
2011-03-14,19.627363204956055,19.680843524379544,19.36760040441675,19.47456104326373,54473400
2011-03-15,19.39815902709961,19.459279597383617,19.100196429118746,19.161316999402754,76067300
2011-03-16,18.939754486083984,19.314118141609406,18.85571315988649,19.26827662337663,100725400
2011-03-17,18.932113647460938,19.268276027394627,18.909192889053507,19.14603489701343,62497000
2011-03-18,18.94740104675293,19.237724952288147,18.94740104675293,19.146043335479693,85486700
2011-03-21,19.35232162475586,19.54332361531098,19.214799958399443,19.237720721868694,46878100
2011-03-22,19.329397201538086,19.451638335770365,19.27591688746512,19.329397201538086,30895600
2011-03-23,19.512767791748047,19.56624812618953,19.237724406357763,19.27592422889316,43969000
2011-03-24,19.719043731689453,19.764885255454235,19.48220168782252,19.55860277020105,38696700
2011-03-25,19.573888778686523,19.826011401325385,19.550968010363047,19.81073088910973,57029800
2011-03-28,19.41343879699707,19.650280815702835,19.390518037549693,19.604440754037363,48973200
2011-03-29,19.474565505981445,19.497486272656555,19.329403564831917,19.359964587065395,40763500
2011-03-30,19.566246032714844,19.6502859247469,19.482204683453123,19.558605777579263,41999300
2011-03-31,19.39815902709961,19.61972200514747,19.35995921713311,19.558601434863466,63233700
2011-04-01,19.4669246673584,19.505125944006057,19.33704324121576,19.505125944006057,63114200
2011-04-04,19.520402908325195,19.60444425072608,19.413442259618282,19.44400327766571,35433700
2011-04-05,19.696130752563477,20.00173372299431,19.66556972690544,19.726690320991608,73651100
2011-04-06,19.97880744934082,20.101048603834197,19.757245903282644,19.848926040537922,65581400
2011-04-07,20.017013549804688,20.062853629490814,19.841290572753124,20.009373293652022,46134700
2011-04-08,19.917688369750977,20.07813080785601,19.833647023256454,19.994089461361487,39887600
2011-04-11,19.848928451538086,20.055210971263346,19.711406771721244,20.00937089706763,34286300
2011-04-12,19.58916473388672,19.749607172302987,19.520403897026835,19.73432666250532,36920400
2011-04-13,19.581527709960938,19.764890943328837,19.52804737407441,19.596808222279908,38144700
2011-04-14,19.421079635620117,19.43636014237902,19.168957103015536,19.421079635620117,55239900
2011-04-15,19.38288116455078,19.528041617097276,19.237719254774852,19.451640535255766,65080400
2011-04-18,19.161317825317383,19.314119986228334,18.88627451856943,19.176598332854358,58045100
2011-04-19,19.214799880981445,19.230080389899378,19.000878585048522,19.100198978556016,38892400
2011-04-20,19.680845260620117,19.864206996489397,19.489843270269258,19.512764033713996,61608600
2011-04-21,19.49748420715332,19.780166346717788,19.375243045628753,19.703766713687127,46892300
2011-04-25,19.566246032714844,19.573886287850424,19.359963515743164,19.52804475703694,33525100
2011-04-26,20.009366989135742,20.200368961082205,19.61208253775204,19.665562856740348,69200000
2011-04-27,20.154529571533203,20.162169826087148,19.963527579373288,20.093408992331213,52689000
2011-04-28,20.40665626525879,20.52889890558665,20.16981415516012,20.215654234514414,80200000
2011-04-29,19.803089141845703,20.353174425119565,19.375245032632698,20.284413582556617,319317900
2011-05-02,19.604440689086914,19.86420346637945,19.466919047316832,19.81836340486585,89825600
2011-05-03,19.719043731689453,19.74960474753264,19.474561433861727,19.55860277020105,71892900
2011-05-04,19.91004753112793,20.05520945520896,19.703766484225973,19.749606554956454,73292300
2011-05-05,19.70376968383789,19.925331276038317,19.61972832616024,19.902410508336285,55600000
2011-05-06,19.76488494873047,20.032286547061442,19.673203359853122,19.917685653886824,55993000
2011-05-09,19.73432731628418,19.833647718800165,19.61208614831235,19.711406550828336,38696400
2011-05-10,19.612089157104492,19.74961085647813,19.291205677642626,19.39052609539587,120798700
2011-05-11,19.375244140625,19.60444596712956,19.260641770143046,19.596805711948786,78600000
2011-05-12,19.34467887878418,19.398159196094934,19.176597673346187,19.367599639301368,77400000
2011-05-13,19.123125076293945,19.344686688490047,19.06200448080227,19.314127119359178,66812300
2011-05-16,18.771684646606445,19.1536888159138,18.718204296060257,19.069647432352497,91350900
2011-05-17,18.85627555847168,18.994698694346006,18.664021529042195,18.763992978961518,82882100
2011-05-18,18.98700523376465,19.025455446612693,18.648637786931783,18.86396279251299,53931100
2011-05-19,19.01007652282715,19.133118975393145,18.84089351724434,19.110049432275606,37783600
2011-05-20,18.833200454711914,19.125427337345815,18.79475024389344,19.01007377132734,45451500
2011-05-23,18.58710289001465,18.648624065373525,18.479441199831744,18.617862744303828,52692500
2011-05-24,18.571731567382812,18.679394778479512,18.48714082546979,18.610183238053512,47691800
2011-05-25,18.602489471435547,18.694770530455244,18.57941847329013,18.58710880600527,34904200
2011-05-26,18.971614837646484,19.24846092195073,18.702459085326335,18.725530081278638,78016600
2011-05-27,19.04083251953125,19.148494268581764,18.95624030711652,18.979311310533625,50251000
2011-05-31,19.233083724975586,19.271533925046352,18.994689257618393,19.19463205812371,60196300
2011-06-01,18.787057876586914,19.302298566452365,18.740917335238453,19.217706351662386,74033500
2011-06-02,18.62556266784668,18.956239705761735,18.594802797714333,18.833197291669798,51487800
2011-06-03,18.387170791625977,18.56404410371648,18.33333991114465,18.494832552588633,60697700
2011-06-06,18.464073181152344,18.648636833594757,18.279509528709934,18.371790621540377,54778700
2011-06-07,18.502525329589844,18.587117562527386,18.379482881743428,18.525596338604178,41112600
2011-06-08,18.41024398803711,18.471765211161458,18.348722764912758,18.379482643084103,42205000
2011-06-09,18.425615310668945,18.487137974253606,18.317953582957852,18.46406697540936,42878700
2011-06-10,18.23336410522461,18.471760061808023,18.217984903817012,18.471760061808023,49327200
2011-06-13,18.487138748168945,18.60249081365703,18.2256732841127,18.29488481676177,47572500
2011-06-14,18.62556266784668,18.80243742153745,18.60249313194274,18.687083874892647,42894500
2011-06-15,18.25643539428711,18.46407001775443,18.202604521561792,18.456379683539204,49410200
2011-06-16,18.456375122070312,18.533276978435122,18.18721935818394,18.264121214548748,57184100
2011-06-17,18.656322479248047,18.687082346865182,18.440997538803465,18.625561144849755,83320400
2011-06-20,18.81781768798828,18.963931113033023,18.579423180543657,18.587113515207207,54338400
2011-06-21,19.04083251953125,19.117734397473612,18.76398634565128,18.856268892538377,49708700
2011-06-22,18.95623779296875,19.079280194645,18.91009725903544,18.917787592487844,44287300
2011-06-23,18.940855026245117,18.956235691444803,18.610179525137703,18.794743107191017,59470400
2011-06-24,18.68708610534668,18.871651215295188,18.602495352300185,18.848580209856262,101387200
2011-06-27,19.379201889038086,19.57914473869121,18.63325550334335,18.63325550334335,92044200
2011-06-28,19.840606689453125,19.932889229144603,19.34843705584846,19.45609879650418,81032100
2011-06-29,19.702186584472656,19.771396661049376,19.50224228885846,19.771396661049376,66051000
2011-06-30,19.994413375854492,19.994413375854492,19.732947852827728,19.794469066082176,52535400
2011-07-01,20.009788513183594,20.125140572793317,19.871365454939518,19.940576984061554,52906200
2011-07-05,20.017478942871094,20.10976000429276,19.917506081753096,20.071309806497236,37805300
2011-07-06,20.24818229675293,20.27894362724976,19.963645856781117,19.971336189405324,48744200
2011-07-07,20.586551666259766,20.671142400061363,20.271255330900154,20.371226731495177,51946500
2011-07-08,20.701902389526367,20.748042920129734,20.386606074638145,20.40967707333034,58320700
2011-07-11,20.478891372680664,20.609624125421423,20.371229623405213,20.471202504973554,43999800
2011-07-12,20.409677505493164,20.60193143165592,20.25587377785054,20.41736637177235,47319300
2011-07-13,20.478891372680664,20.732666543673748,20.386610292382084,20.45582183599668,40861800
2011-07-14,20.35584831237793,20.771117560967372,20.27125756923589,20.47120185928474,46382300
2011-07-15,20.594247817993164,20.709599917971165,20.355851815686226,20.355851815686226,49132400
2011-07-18,20.448131561279297,20.68652606399235,20.194356389544417,20.47889143254163,44501900
2011-07-19,21.178695678710938,21.25559608471463,20.59424349903929,20.61731303412791,86730600
2011-07-20,20.8095760345459,21.0325914159523,20.74805480291342,20.978760521621613,49795400
2011-07-21,20.84033203125,21.00182467276528,20.49427427545799,20.79419148607156,81737400
2011-07-22,21.170995712280273,21.186374906414983,20.517332291187028,20.65575530586331,76380600
2011-07-25,21.46323013305664,21.60165320704911,20.909539303867934,20.963370173358076,108482400
2011-07-26,21.593961715698242,21.64779258230265,21.363257582599047,21.39401744918109,74636500
2011-07-27,21.01719856262207,21.524748796178,20.91722716919239,21.44015660165834,71488700
2011-07-28,21.31711769104004,21.586273517465496,20.924919452554015,20.98644212536555,83761400
2011-07-29,21.07103157043457,21.309426045786033,20.96336983320123,21.163314107192548,104394800
2011-08-01,20.971059799194336,21.294046472013367,20.571171258221987,21.15562340269362,61838400
2011-08-02,20.609621047973633,21.10948244761292,20.578861181394306,20.748044114533364,63883100
2011-08-03,20.701902389526367,20.76342358592453,20.363535075945947,20.632690860230802,64581200
2011-08-04,19.94826889038086,20.663453769865548,19.94057855689616,20.40198829851026,92949500
2011-08-05,19.748329162597656,20.071315909342253,19.402271410092204,19.97134301782669,112071700
2011-08-08,18.825502395629883,19.686800552344213,18.756290871126904,19.240771542647753,134257200
2011-08-09,19.671432495117188,19.702193844291774,18.479458083457292,19.002387818388524,126268900
2011-08-10,18.610179901123047,19.294603381745915,18.533278040351927,19.18694165673495,127819900
2011-08-11,19.371501922607422,19.517613819572635,18.763978940092642,18.840880787684238,90690100
2011-08-12,19.302291870117188,19.486855438263753,18.95623426310435,19.325361399397476,64787100
2011-08-15,19.617589950561523,19.6714208128667,19.340743839528056,19.409955367286422,56529400
2011-08-16,19.61759376525879,19.80332228370855,19.385432010167296,19.51698989524076,54251500
2011-08-17,19.540206909179688,19.88844881084803,19.292568879566236,19.540206909179688,50923700
2011-08-18,19.09136199951172,19.416387271970283,18.596085956161158,19.013974748728433,105714200
2011-08-19,18.611568450927734,19.052675485128002,18.503227149215142,18.890162056519582,77397900
2011-08-22,18.557390213012695,18.95206383422843,18.41035607109935,18.897893205519413,54721000
2011-08-23,19.13005828857422,19.153274910749275,18.59608926290163,18.59608926290163,59670600
2011-08-24,19.26935386657715,19.29257048730281,18.897896791201788,19.075886455314247,45329700
2011-08-25,19.013975143432617,19.470558308889096,18.959804509571523,19.40864880218512,48192000
2011-08-26,19.540206909179688,19.609855289513355,18.897895216355145,18.967543596688813,71957000
2011-08-29,19.996795654296875,20.012273404472218,19.63307738141334,19.756896430737076,38863200
2011-08-30,20.298603057861328,20.45337759728289,19.888453037661172,19.911668185346826,57341400
2011-08-31,20.584928512573242,20.670053151870935,20.321812770659143,20.34502938648882,59300800
2011-09-01,20.283117294311523,20.786133610656755,20.283117294311523,20.47658465412467,60510800
2011-09-02,19.965831756591797,20.120606241170197,19.857490503010244,19.95035548896506,43894400
2011-09-06,19.74140739440918,19.803316883677425,19.431859948067956,19.501508307999565,54929300
2011-09-07,20.120615005493164,20.120615005493164,19.7878507519283,19.88071577833412,41961000
2011-09-08,20.29085922241211,20.63136224026696,20.08191556412847,20.120608451504207,65811900
2011-09-09,19.919404983520508,20.259908049130217,19.73367644119864,20.120611273379005,64529200
2011-09-12,20.035484313964844,20.066439807765,19.555685968375897,19.687243864948194,55046100
2011-09-13,20.151565551757812,20.267645699195484,19.973574417911617,20.058700548184184,48792300
2011-09-14,20.50754737854004,20.739707701843624,20.03548638164483,20.25217043249036,66739200
2011-09-15,20.886741638183594,20.91769713262582,20.36051004097954,20.685535352426797,67808300
2011-09-16,20.987342834472656,21.103422971704095,20.762919956591382,20.933170726128225,89681500
2011-09-19,21.05699348449707,21.134380748440673,20.58493397891575,20.739707030763665,52324900
2011-09-20,20.879005432128906,21.28141805505578,20.84031253517184,21.134382389747998,49211900
2011-09-21,20.11287498474121,20.940915395869883,20.097397235215205,20.93317652110688,72750700
2011-09-22,19.393171310424805,19.84975448185958,19.037192011225674,19.57889983296858,96278300
2011-09-23,19.393171310424805,19.462819690883606,19.106840391684475,19.26935229539562,64768100
2011-09-26,19.687240600585938,19.749150101881785,19.13779248505121,19.493773224531544,51057600
2011-09-27,19.86524200439453,20.05870949509723,19.694991143950492,19.857503127641646,55620700
2011-09-28,19.795581817626953,20.4069394331846,19.741411188610744,20.066436438746937,60736200
2011-09-29,19.694982528686523,20.252168126803777,19.41638899160831,20.105132484897037,63407300
2011-09-30,19.261615753173828,19.73367672761804,19.253876879293188,19.501516415355887,54060500
2011-10-03,18.983016967773438,19.609850770278904,18.97527809662661,19.130051091446898,64592500
2011-10-04,19.609853744506836,19.648546630070772,18.774074722390633,18.80502873563399,83485400
2011-10-05,20.035484313964844,20.244429468998348,19.470559836464652,19.671766118048115,94061300
2011-10-06,20.38372039794922,20.430152149304988,19.888444447384344,20.043217443916486,55111400
2011-10-07,20.314071655273438,20.515277875459844,20.275378775869363,20.38372001903176,52741600
2011-10-10,20.848051071166992,20.87126621854842,20.484331351104544,20.5694574942748,41815300
2011-10-11,20.894479751586914,20.948650388850687,20.677795726492654,20.786138477059367,38826200
2011-10-12,20.8635196685791,21.13437427135279,20.817087914858675,21.033771892285394,52489800
2011-10-13,21.033769607543945,21.049247349115802,20.600403175802708,20.708744414728347,43823500
2011-10-14,21.103422164916992,21.281411800269897,20.90995478491454,21.13437617817712,50947700
2011-10-17,20.879005432128906,21.219508534300832,20.778403014416888,20.97960932588033,39453300
2011-10-18,21.134376525878906,21.20402490190876,20.739702887056072,20.848045625346394,52487900
2011-10-19,20.995080947875977,21.258196721804783,20.902217425335856,21.180810945034374,42880000
2011-10-20,20.925432205200195,21.15759246718885,20.43015471636468,21.095682965589276,76300200
2011-10-21,21.018295288085938,21.041511904223757,20.739701798587767,21.010556416039996,76620600
2011-10-24,21.041507720947266,21.20401957348616,20.925427615413966,20.94090388039008,56897800
2011-10-25,20.74744987487793,21.072475264804666,20.677801471605086,20.956395084696453,53554600
2011-10-26,20.577198028564453,20.940916301926084,20.19800200500714,20.917701152672052,63029900
2011-10-27,21.08794593811035,21.20402607925911,20.623623897476254,20.995080939567902,74512400
2011-10-28,20.879005432128906,21.041518846635277,20.731971242860528,21.002824473638807,57712100
2011-10-31,20.6081485748291,20.89448100096628,20.60041117707662,20.7087524580824,46799000
2011-11-01,20.11287498474121,20.368251947762573,20.012272564901043,20.2676495279224,61182600
2011-11-02,20.128355026245117,20.275390711405983,19.88845578543289,20.198003431003443,53533100
2011-11-03,20.53076171875,20.577193483040734,20.10513253862756,20.306338818606303,65836100
2011-11-04,20.314071655273438,20.430151769524397,20.120604306175597,20.414674027347274,36549200
2011-11-07,20.739700317382812,20.75517806036929,20.221207735646303,20.2831172315534,42589700
2011-11-08,21.018295288085938,21.049250776269698,20.65457715816026,20.90221515947467,47822500
2011-11-09,20.275381088256836,20.701008714399013,20.167038356699322,20.577189714938054,62950900
2011-11-10,20.337295532226562,20.50754632886565,20.21347650266372,20.484329707307896,32514400
2011-11-11,20.8248348236084,20.956392739955344,20.5617189909145,20.56945786552778,37903000
2011-11-14,20.708757400512695,20.89448598772326,20.623631244526337,20.801620956098176,34199200
2011-11-15,20.849102020263672,21.005042048174932,20.584004865107126,20.708756292574403,43874200
2011-11-16,20.32670021057129,20.66976730121096,20.3033102527428,20.638578707900997,53262800
2011-11-17,19.9134578704834,20.3033062878023,19.83548788958888,20.27991484738784,70977500
2011-11-18,19.72632598876953,19.88226592421297,19.609371780763674,19.86667163323794,47626200
2011-11-21,19.492420196533203,19.687344398498535,19.414450218316343,19.679547251961484,61882500
2011-11-22,19.32868003845215,19.461227036972367,19.21952149973948,19.406648511192678,49204500
2011-11-23,19.079181671142578,19.328685916105126,19.079181671142578,19.188340243049236,49099700
2011-11-25,18.946632385253906,19.235120866870773,18.946632385253906,19.009008072204352,26164600
2011-11-28,19.391061782836914,19.46903027999967,19.25071610849794,19.445640325712347,46766700
2011-11-29,19.367673873901367,19.523613870976575,19.297501023932924,19.35207957676304,40917100
2011-11-30,19.94464683532715,19.952443982860984,19.60157977960751,19.780911198578078,81350900
2011-12-01,19.710744857788086,19.983637675692965,19.648369144102066,19.92905911211199,48545400
2011-12-02,19.66395378112793,19.97583370703651,19.61717238710312,19.952442266447257,52293800
2011-12-05,20.038211822509766,20.116180326279455,19.88227184066262,20.100587517817846,56818400
2011-12-06,20.007015228271484,20.1707522924299,19.968030991980726,20.123969424297044,46175300
2011-12-07,19.96023941040039,20.084990785884155,19.75751805345085,20.014817951280325,62667000
2011-12-08,19.80430030822754,20.05380307003926,19.780910353778793,19.866675998680467,60522200
2011-12-09,20.038211822509766,20.17076036093367,19.88227184066262,19.897866136278115,53788500
2011-12-12,19.89006233215332,19.936843716190268,19.718529599248928,19.81209236732282,38945900
2011-12-13,20.084997177124023,20.35009430617191,19.99923002150436,20.077200027780947,54581100
2011-12-14,19.952442169189453,20.162960672005465,19.936847875539296,20.053802103608074,47926400
2011-12-15,19.92905044555664,20.17855319179934,19.913457639281727,20.05380181867799,46213900
2011-12-16,20.272123336791992,20.40467189501872,19.983634773420608,20.01482336931118,101408100
2011-12-19,19.90566635131836,20.36568773278212,19.85108630825399,20.287717729844278,52258300
2011-12-20,20.29551124572754,20.35008979186762,20.12397697254003,20.162962710607122,60767600
2011-12-21,20.084997177124023,20.42026716310542,19.83549434676229,20.2799214492384,64132500
2011-12-22,20.12397575378418,20.1629614894902,19.866675846739458,20.131772900925384,35794100
2011-12-23,20.29551124572754,20.303308393340956,20.061601278786533,20.201946961520367,23205800
2011-12-27,20.303312301635742,20.381280818470817,20.217545148532203,20.240935108721075,21287200
2011-12-28,20.131776809692383,20.389076766694224,20.08499540491588,20.3578896592279,29822500
2011-12-29,20.287704467773438,20.311094412356905,20.16295313948446,20.233125947541154,22616900
2011-12-30,20.240936279296875,20.365689185186806,20.201952018624798,20.272124877557914,27395700
2012-01-03,20.87248420715332,21.020625532052474,20.576198583047685,20.700949955148904,64731500
2012-01-04,21.363693237304688,21.41827177846343,20.88028202662405,20.911469127077456,80516100
2012-01-05,21.582008361816406,21.620992608219158,21.277927075844673,21.348098421938886,56081400
2012-01-06,21.917280197143555,21.979655889265384,21.465056057471845,21.465056057471845,99455500
2012-01-09,21.6287899017334,21.909481236630114,21.613195608204986,21.870495502809078,59706800
2012-01-10,21.70676612854004,21.94847179916871,21.636593274622985,21.77693898245709,60014400
2012-01-11,21.613195419311523,21.81591677194812,21.340302720717705,21.387084113740407,65582400
2012-01-12,21.831518173217773,21.84711247168707,21.55862389862172,21.73015820747566,49370800
2012-01-13,22.02643585205078,22.02643585205078,21.667776017497186,21.776933099812855,60196100
2012-01-17,22.034231185913086,22.33831245428817,21.964058356725975,22.143388259246997,72395300
2012-01-18,22.01084327697754,22.143391810348284,21.80812190316617,22.073218969907664,64860600
2012-01-19,21.925079345703125,22.174582136963107,21.85490649976701,21.956266451033652,74053500
2012-01-20,23.164794921875,23.18818636499429,22.416286587904057,22.470865134695206,165902900
2012-01-23,23.180397033691406,23.351931366766326,22.88411275670965,23.040051301958968,76078100
2012-01-24,22.876312255859375,23.05564222585049,22.75156084306954,22.977672221068307,51703300
2012-01-25,23.047836303710938,23.11800913258885,22.66578506157208,22.66578506157208,59231700
2012-01-26,23.001062393188477,23.157002394105618,22.923092392729906,23.086829542408314,49102800
2012-01-27,22.790546417236328,23.024456445082954,22.743765006528694,22.962080735088033,44187700
2012-01-30,23.086828231811523,23.094625380130157,22.478664047343916,22.587821149496826,51114800
2012-01-31,23.02444839477539,23.156996918064383,22.790538448713438,23.125808330394637,50572400
2012-02-01,23.30513572692871,23.4298870898049,23.20377580227439,23.227167240496257,67409900
2012-02-02,23.351919174194336,23.52345193055371,23.16479063815227,23.31293344287158,52223300
2012-02-03,23.578035354614258,23.702786746398946,23.461081110710353,23.500065362960356,41838500
2012-02-06,23.54684829711914,23.562441105757845,23.367516869812004,23.422096905086114,28039700
2012-02-07,23.663801193237305,23.77295828325955,23.429891231134736,23.50786121850226,39242400
2012-02-08,23.905502319335938,23.913299465321533,23.562435331737397,23.59362391567978,49659100
2012-02-09,23.991270065307617,24.01466001672243,23.765157287273922,23.921097236756026,50481600
2012-02-10,23.780752182006836,24.014660625001195,23.671595106896614,23.889909257117054,44605300
2012-02-13,23.843128204345703,23.99127101349326,23.726173981188637,23.882112449680182,33319800
2012-02-14,23.74110221862793,23.905915763430695,23.427170587853073,23.8038885447829,59644000
2012-02-15,23.58413314819336,23.850975380227414,23.568437691030837,23.803886014851976,43311300
2012-02-16,24.557321548461914,24.761375949137335,23.780338843435477,23.78818731991435,94705100
2012-02-17,24.52593231201172,24.580870160879567,24.290483960594052,24.486691419090146,70036500
2012-02-21,24.675052642822266,24.80847378660669,24.44745125174238,24.47099668780231,50829900
2012-02-22,24.541627883911133,24.863407977942124,24.470993083080522,24.682897485572354,49253200
2012-02-23,24.620119094848633,24.792781165319422,24.32973132043304,24.486697927729768,35034700
2012-02-24,24.70644760131836,24.722144560305843,24.518088584301736,24.70644760131836,35575400
2012-02-27,24.604419708251953,24.72214390364233,24.408212216953203,24.518087933058307,34568400
2012-02-28,25.012527465820312,25.059616836711413,24.627959529886624,24.651504963804232,45230600
2012-02-29,24.910503387451172,25.114559361899936,24.808476148698986,25.0282275850712,59323600
2012-03-01,25.3421573638916,25.42063915377929,24.99683179999784,25.059618130074508,77344100
2012-03-02,25.177339553833008,25.45987574601321,25.114551737423273,25.357850035179194,47314200
2012-03-05,24.957590103149414,25.15379757722117,24.816321979250905,25.122403662836458,45240000
2012-03-06,24.76923179626465,25.098860421746725,24.71429394150835,24.753536335580186,51932900
2012-03-07,24.98898696899414,25.051773308235052,24.74569009155365,24.855565810989148,34340400
2012-03-08,25.122404098510742,25.279370679267963,25.0360738263441,25.145951031651858,36747400
2012-03-09,25.106706619262695,25.24012775309521,25.051768769498274,25.193036884487874,34628400
2012-03-12,25.14595603942871,25.271528730264386,24.973292466821245,25.09101667736162,34073600
2012-03-13,25.640390396118164,25.656087352772698,25.232281498653723,25.302916306654947,48951700
2012-03-14,25.7188720703125,25.805203824531866,25.49912069149084,25.530511607116797,41986900
2012-03-15,25.78166389465332,25.85229871329164,25.56976243262718,25.734576011486983,49068300
2012-03-16,25.58545684814453,25.860149144968492,25.50697504555989,25.82875522637909,65626400
2012-03-19,25.271526336669922,25.593306513576973,25.23228543585469,25.538368653657876,44789200
2012-03-20,25.106706619262695,25.23228077193812,24.91049915756454,25.193036884487874,41566800
2012-03-21,25.04391860961914,25.23227907751121,24.97328380839562,25.083159500545968,37928600
2012-03-22,25.114561080932617,25.1851959037283,24.949747492372353,24.965442955370122,31749500
2012-03-23,25.122404098510742,25.200888885833606,24.894804203051454,25.193038910157064,35912200
2012-03-26,25.577600479125977,25.593297432660304,25.232276483034102,25.26366739621499,36758300
2012-03-27,25.522672653198242,25.663942296550307,25.42849388892651,25.624701394261162,36274900
2012-03-28,25.263673782348633,25.663938713933216,25.145951091914977,25.522669090302013,41344800
2012-03-29,25.208730697631836,25.263668540546533,24.965433894605052,25.161642828783748,37038500
2012-03-30,25.3186092376709,25.436334910838323,25.14594870928378,25.428487929775002,31749400
2012-04-02,25.3421573638916,25.47557700547835,25.075315086829722,25.28721951219254,35853600
2012-04-03,25.06747055053711,25.263676553055685,24.847717612238558,25.240132611164558,42752100
2012-04-04,24.494539260864258,24.87125873209231,24.368966602769625,24.847713297345507,49455900
2012-04-05,24.73784065246582,24.82417092998313,24.368969613907364,24.447452909150293,50368600
2012-04-09,24.408206939697266,24.643655279572144,24.306178227992525,24.5023856768696,31056400
2012-04-10,23.913761138916016,24.478839497945586,23.780340026027798,24.376810795590178,54131300
2012-04-11,23.81959342956543,23.960863084675633,23.725413160510428,23.882379776620567,43014000
2012-04-12,24.31402587890625,24.36111674283537,23.87452162750903,23.921610994494166,38304000
2012-04-13,24.18061065673828,24.455301442221245,24.10997584055854,24.243396993682016,39749200
2012-04-16,24.392513275146484,24.478845043320913,24.149216424861738,24.32187846426636,38124800
2012-04-17,24.675052642822266,24.80847378660669,24.486693645175592,24.54163149903784,34361500
2012-04-18,24.43960189819336,24.573023037201718,24.361120108024835,24.54947909892884,40552900
2012-04-19,24.33757781982422,24.863413965446203,24.28263996082473,24.431756578982085,54781200
2012-04-20,25.444185256958008,25.81305628737102,25.153799016999166,25.232283807453335,106045000
2012-04-23,25.208730697631836,25.50696684051726,25.13809590047181,25.3578502660185,61398200
2012-04-24,25.05177116394043,25.52266941641317,24.981136351222304,25.279371062853283,40871100
2012-04-25,25.271526336669922,25.365705097404252,25.0125324992339,25.051773400049132,62495500
2012-04-26,25.200889587402344,25.295068340923116,25.051771481226105,25.208736569408824,40308100
2012-04-27,25.09886360168457,25.287224123205462,25.02038030054161,25.208739325118042,41419100
2012-04-30,25.1302547454834,25.200889559016566,25.051771453008293,25.09886082971564,35697200
2012-05-01,25.122404098510742,25.381399405843432,25.075316220005533,25.15379801343989,43832300
2012-05-02,24.957590103149414,25.059618827955497,24.83201743949903,24.996832496130303,37385300
2012-05-03,24.926198959350586,25.03607467142288,24.808474768281087,25.020377713428466,31501300
2012-05-04,24.31402587890625,24.77707556226803,24.266936511921116,24.68289682829776,57927200
2012-05-07,24.055038452148438,24.219853525431386,23.992252113979788,24.094280849094083,48641400
2012-05-08,23.93730926513672,24.157062151388658,23.67831548706382,23.921612309630707,46328300
2012-05-09,24.141361236572266,24.19629907488914,23.623373765379146,23.694008556627647,50309300
2012-05-10,24.12566375732422,24.345416602741487,23.898063932556145,24.21984397591556,43839200
2012-05-11,24.455303192138672,24.75353943667018,24.08643362331755,24.08643362331755,43459300
2012-05-14,24.078582763671875,24.361122020682906,24.04718884758429,24.188458476089806,40528900
2012-05-15,23.86528778076172,24.33137595881269,23.817889417146972,24.20497931799549,61822800
2012-05-16,23.620389938354492,23.952181433430415,23.493993321827144,23.94428145655164,60083700
2012-05-17,23.478193283081055,23.865283108140652,23.470293306230875,23.691488137736297,48484000
2012-05-18,23.12270736694336,23.54929564331095,23.043709091536982,23.533497193643097,56205300
2012-05-21,23.501893997192383,23.533493905646647,22.956807630488914,22.988407538943175,38787900
2012-05-22,23.509794235229492,23.604590948111245,23.30439934829692,23.454495901587375,39504900
2012-05-23,22.996305465698242,23.22539875449933,22.62501410829797,23.18590037921976,65171000
2012-05-24,22.96471405029297,23.14640905457933,22.719820718134528,23.035812357494933,52575000
2012-05-25,22.956802368164062,23.193797106945667,22.917303998416905,23.0674005156353,29507200
2012-05-29,23.35179901123047,23.478195639988865,23.08320579842721,23.209602427185605,37758800
2012-05-30,23.178007125854492,23.28860381413026,23.00421211474016,23.18590710455517,41585500
2012-05-31,23.059507369995117,23.2412023354716,22.862012449233724,23.146404110528795,39134000
2012-06-01,22.474925994873047,22.877814368391103,22.467026016032136,22.719819311873625,56634300
2012-06-04,22.55391502380371,22.735611461208762,22.372220093165037,22.609214856697825,47926300
2012-06-05,22.522319793701172,22.711914727133074,22.427521573601926,22.522319793701172,45715400
2012-06-06,23.18589973449707,23.20169968687613,22.759310060860866,22.814608387421178,46860500
2012-06-07,23.091100692749023,23.46239202641083,23.04370234409066,23.414992170986128,37792800
2012-06-08,23.42289924621582,23.446599181111466,22.948911095670507,23.075307734913686,42551100
2012-06-11,22.83040428161621,23.549285412649393,22.767205990100088,23.48608712113327,46361900
2012-06-12,23.13850975036621,23.146408222645217,22.783018227133553,22.988413162027207,35337900
2012-06-13,23.012104034423828,23.256998784115247,22.948905729579756,23.083202315719216,32984600
2012-06-14,23.178007125854492,23.272803856728903,22.8146156394576,23.17010714715381,39458900
2012-06-15,23.71518898010254,23.76258733625949,23.2964992315442,23.375497496316832,62314400
2012-06-18,23.572996139526367,23.723092715697454,23.470297927021534,23.69149280207541,58679900
2012-06-19,24.252378463745117,24.576270034507544,23.738890430654994,23.849488618140608,75725800
2012-06-20,24.434078216552734,24.528874959476934,24.204983325412975,24.434078216552734,36257100
2012-06-21,23.809988021850586,24.599967733330875,23.746789705202833,24.45777114418175,48456600
2012-06-22,24.252378463745117,24.276076891461003,23.72309198109999,23.936385364376804,45098100
2012-06-25,23.59669303894043,23.95218298085245,23.399198124511546,23.93638302607415,42217200
2012-06-26,23.71518898010254,23.91268388865083,23.65199066963775,23.699389025794698,38421300
2012-06-27,23.83368682861328,24.094380060803772,23.72309015640115,23.849486783719772,33781700
2012-06-28,23.6282958984375,23.738892589212814,23.241205973956998,23.68359424382516,45328400
2012-06-29,24.165470123291016,24.244468365156663,23.809978788278663,24.05487348873879,55227200
2012-07-02,24.14177894592285,24.189178812276182,23.865285752595167,24.189178812276182,30589100
2012-07-03,24.299779891967773,24.299779891967773,23.833691669034287,23.881090037213315,20938100
2012-07-05,24.252378463745117,24.315576782265424,23.999583682897114,24.165480210742153,28801900
2012-07-06,23.8494873046875,24.25237712810382,23.659892359568058,24.181278835338194,38294800
2012-07-09,23.699392318725586,23.88108729821179,23.525597317490977,23.794190550977873,30680800
2012-07-10,23.493999481201172,23.873189430194675,23.312304485654316,23.762592738429966,37534100
2012-07-11,23.146404266357422,23.493995751132235,22.996309210440277,23.47029581804531,39184900
2012-07-12,22.61711883544922,23.051608587715155,22.546022046513663,23.027908653558807,63523600
2012-07-13,23.217498779296875,23.288597060216944,22.688212413984377,22.719812319622825,39085000
2012-07-16,23.256999969482422,23.32809825440156,22.941008429156543,23.28859837013175,27900600
2012-07-17,23.430797576904297,23.588794118231643,23.067407641324763,23.414997621418223,33771300
2012-07-18,24.05487632751465,24.05487632751465,23.272795298192143,23.383393452562473,41090400
2012-07-19,24.228670120239258,24.33136678715438,23.999575353385627,24.102273527066995,46663200
2012-07-20,23.794189453125,24.528869315423606,23.738889607915386,24.48937093275488,64021700
2012-07-23,23.130603790283203,23.367597073312727,22.917308931496706,23.359697096309535,55151900
2012-07-24,23.027904510498047,23.19380100621177,22.830409615027623,23.09900279340872,47723300
2012-07-25,22.775108337402344,23.170098077216306,22.73560996612746,23.09899980350849,45579500
2012-07-26,23.03580665588379,23.30439985955216,22.980508321028527,23.09110499073905,45301400
2012-07-27,23.509794235229492,23.5808925232741,23.051606104923472,23.288599393894433,44242600
2012-07-30,23.41499137878418,23.557187926714654,23.2727948308537,23.501889604023088,28905000
2012-07-31,23.280702590942383,23.47029754932313,23.17010590857864,23.28860256922076,37620900
2012-08-01,23.233301162719727,23.422896096085996,23.075304631531207,23.375497739436078,31721800
2012-08-02,23.059507369995117,23.32810058277195,22.885710875394423,23.07530581851336,39520500
2012-08-03,23.501893997192383,23.651990548816993,23.288599135425823,23.328099020993648,35859400
2012-08-06,23.659893035888672,23.78628966958136,23.549294851332526,23.699391418880115,27471800
2012-08-07,23.904781341552734,23.975879621527845,23.596689799504873,23.754684805297902,28002900
2012-08-08,23.960079193115234,24.07067584565075,23.786284238164225,23.865280986108804,26257600
2012-08-09,24.094377517700195,24.212874154958538,23.936380996844743,24.00747928055305,24920800
2012-08-10,24.03118324279785,24.189179790162846,23.89688662956763,24.0943815603905,27810300
2012-08-13,24.007482528686523,24.062780866437667,23.825787559856565,23.975884124300165,23049100
2012-08-14,23.959766387939453,24.166521944472333,23.864341679846362,24.094952655028322,34551400
2012-08-15,24.015439987182617,24.079056984474207,23.872301364089324,23.94387067563597,24351000
2012-08-16,24.47665023803711,24.60388416317944,24.063139222950525,24.14266080535149,35787200
2012-08-17,24.572084426879883,24.587989052860866,24.325568791169136,24.587989052860866,32589900
2012-08-20,24.444843292236328,24.53231719276058,24.3176093551546,24.50846026077719,23737700
2012-08-21,24.4925594329834,24.619793389771747,24.341470057264985,24.460751702160515,28822700
2012-08-22,24.285802841186523,24.460749134217156,24.230136663780723,24.325562879728135,33437400
2012-08-23,24.063142776489258,24.17447209824241,23.92000421037906,24.16651978715315,28355600
2012-08-24,24.30171012878418,24.357374799021407,23.999529840318445,24.05519451055567,22943300
2012-08-27,24.40508460998535,24.619790942757813,24.325563015709353,24.595935526198794,34691100
2012-08-28,24.35737419128418,24.492560465665225,24.269901790271838,24.413040376880996,23947900
2012-08-29,24.37327766418457,24.452799265960135,24.20628366552944,24.37327766418457,23346800
2012-08-30,24.110864639282227,24.341477201614847,24.031343013762395,24.27786020454875,23982100
2012-08-31,24.508472442626953,24.619801813722294,24.158578183364412,24.333526071370144,36590100
2012-09-04,24.166515350341797,24.381223160088172,23.975664469483235,24.21422920811742,48556700
2012-09-05,24.166515350341797,24.27784616840361,24.023376810510882,24.031329120140153,33650000
2012-09-06,24.929927825927734,24.9378801379288,24.222187225317292,24.253996473321546,48371700
2012-09-07,24.611845016479492,24.707269735086523,24.436897171119007,24.683414313809042,42649100
2012-09-10,24.42894172668457,24.57208030299349,24.261947732156404,24.516415638150768,40524000
2012-09-11,24.48461151123047,24.580036231646094,24.341472913858443,24.40508989971839,25191800
2012-09-12,24.47665023803711,24.794735050892935,24.436888688462616,24.60388416317944,32775800
2012-09-13,24.603891372680664,24.794742316317837,24.17447561193567,24.564129811455125,45047300
2012-09-14,24.8185977935791,24.85040704263294,24.500512886783095,24.659556098555335,51422800
2012-09-17,24.8185977935791,24.8583593548964,24.683413035345716,24.80269468580066,36488500
2012-09-18,24.794740676879883,24.818596095289404,24.675459034587156,24.731123699873873,34542700
2012-09-19,24.691370010375977,24.80270089317874,24.683419212871144,24.723179267390723,48871900
2012-09-20,25.009441375732422,25.033296787305346,24.580025766444507,24.61183500420566,45543000
2012-09-21,24.802701950073242,25.13669157921582,24.723180320896642,24.99355295004773,102348900
2012-09-24,24.47665023803711,24.707261158577072,24.36531941597655,24.651596505920807,46825900
2012-09-25,24.166515350341797,24.651595620491467,24.142659938201962,24.61183558909309,54266400
2012-09-26,23.991575241088867,24.33351705909443,23.888198222894527,24.079049152694484,54672000
2012-09-27,23.983625411987305,24.17447636154242,23.768917524957104,23.991577724479,47129900
2012-09-28,23.665542602539062,24.06314916202376,23.649637976139996,23.999532173176153,54229300
2012-10-01,23.45083236694336,23.840486574522792,23.395167696824657,23.70530029705658,54042700
2012-10-02,23.586023330688477,23.76892200220371,23.458789340351895,23.60192795866775,43338900
2012-10-03,23.74506187438965,23.848438902284,23.593970972006975,23.65758795457623,46655900
2012-10-04,23.880247116088867,23.880247116088867,23.514448344621524,23.83253324367023,43634900
2012-10-05,23.73711395263672,24.05519892431928,23.649640016643218,24.039294296547958,41133900
2012-10-08,23.68144416809082,23.79277350499755,23.498544021638885,23.57011331443563,29752000
2012-10-09,23.283849716186523,23.64964716500044,23.204328070042422,23.60193478401368,45121100
2012-10-10,23.045276641845703,23.307696919751862,23.021421218148866,23.180462937539705,47227100
2012-10-11,23.021425247192383,23.259988626404635,22.957808244952517,23.23613168178382,41488500
2012-10-12,23.220226287841797,23.315651023453448,22.902139791139415,23.03732609721328,46464700
2012-10-15,23.466733932495117,23.63372792108087,23.25997838704492,23.355404606771284,42440200
2012-10-16,23.45083236694336,23.649635626937876,23.31564608947715,23.41902463405346,47739400
2012-10-17,23.530353546142578,23.57011359071862,23.132747033388224,23.299741040705783,44206100
2012-10-18,23.458782196044922,23.641680811858887,23.26793126866317,23.57806383606497,59238500
2012-10-19,22.774911880493164,23.124806210244934,22.66358248696956,23.10094926159735,90470800
2012-10-22,22.265962600708008,22.925989288559062,22.130776338533778,22.846467690206868,83374000
2012-10-23,22.305728912353516,22.425012101790237,22.075117880723283,22.083070194468984,64414800
2012-10-24,22.186450958251953,22.425015860361594,22.162595529765298,22.39320660004737,53320400
2012-10-25,22.17053985595703,22.425009313937753,22.15463674719145,22.417057001180677,54084300
2012-10-26,22.43296241760254,22.536340977330408,22.138734399066635,22.15463902621688,57790000
2012-10-31,22.695383071899414,22.965754136088147,22.663573819201535,22.703333868325235,69464100
2012-11-01,23.474693298339844,23.506501036641758,22.918043468943043,22.933948096468384,72047900
2012-11-02,23.458782196044922,23.673490058130017,23.323595932889305,23.53035148340662,57131600
2012-11-05,23.56216049194336,23.64963440718893,23.323597198953433,23.55420969669233,38070800
2012-11-06,23.74506187438965,24.015434429496114,23.54625861426716,23.713252624730767,43401500
2012-11-07,23.12479591369629,23.721205713585377,23.100938975671244,23.482642400329166,57871800
2012-11-08,22.910091400146484,23.355411875125018,22.902139086298785,23.15660857917885,49841800
2012-11-09,22.92599105834961,23.212268227817578,22.910086434101736,22.96575110222085,43291200
2012-11-12,22.440908432006836,23.069127377361706,22.43295612066393,23.013462714709664,61112300
2012-11-13,21.719337463378906,21.88770368548934,21.446743221589976,21.663215389342096,131689200
2012-11-14,21.518901824951172,21.879688791560543,21.486831192713936,21.839600501263995,76086100
2012-11-15,21.374584197998047,21.623125447962195,21.350531227016337,21.55096806422878,50955600
2012-11-16,21.262340545654297,21.406655316427564,21.118025774881026,21.38260234489477,64083300
2012-11-19,21.430706024169922,21.48682809327767,21.222251532332795,21.48682809327767,57179300
2012-11-20,21.414674758911133,21.486832155466136,21.214237886083232,21.4547630510039,47070400
2012-11-21,21.607091903686523,21.78347577188052,21.38260209299366,21.41467119211451,66360300
2012-11-23,22.208398818969727,22.26452088023488,21.807525205119816,21.831576643255463,57845700
2012-11-26,21.959861755371094,22.112194196200896,21.783477870186818,22.080125093990972,85198700
2012-11-27,21.711322784423828,21.95184642878324,21.679253678808188,21.93581264058144,45018600
2012-11-28,21.935813903808594,21.959865352102376,21.462782717344,21.65520194975487,53018400
2012-11-29,21.607091903686523,21.935808198036813,21.534934519149953,21.735371358593383,69551400
2012-11-30,21.34251594543457,21.75140576385355,21.23828792959305,21.68726603457099,83690200
2012-12-03,21.190183639526367,21.502864630465865,21.16613066744957,21.47079553024191,53173800
2012-12-04,21.142078399658203,21.350531366009882,21.118025428519907,21.246304882834043,49777500
2012-12-05,21.382600784301758,21.59105526807017,21.053884510070088,21.150093330756043,68283800
2012-12-06,21.430706024169922,21.631142859104273,21.33449719975998,21.494845750180446,39182300
2012-12-07,21.2142391204834,21.502868723498,21.14208324894182,21.502868723498,46162100
2012-12-10,21.599079132080078,21.623130579557962,21.26234510448107,21.294414210855606,47031100
2012-12-11,21.90374183654785,22.040038975088503,21.6872696407694,21.6872696407694,52282800
2012-12-12,21.8396053314209,22.144270288208247,21.71132583252483,22.072112878927676,43966300
2012-12-13,21.735376358032227,22.064092727991852,21.607096873619305,21.90374260786966,45080100
2012-12-14,21.494850158691406,21.751409115352757,21.406658973096572,21.73537532747043,42077500
2012-12-17,21.727357864379883,21.823566709387368,21.390623848429637,21.478816564029852,42046100
2012-12-18,22.096160888671875,22.152282969548736,21.759426874198695,21.847619589412055,50486900
2012-12-19,21.89571762084961,22.23245153703792,21.84761321259744,22.200382441273664,53519900
2012-12-20,22.19237518310547,22.19237518310547,21.76744837834885,21.935816179936296,52607300
2012-12-21,22.007972717285156,22.040041826802415,21.64718567763961,22.007972717285156,98776500
2012-12-24,21.695289611816406,21.847622083883447,21.647185184031304,21.807535315597896,20842400
2012-12-26,21.534934997558594,21.807529227594404,21.40665553980195,21.6712321125765,31631100
2012-12-27,21.615114212036133,21.719342254707538,21.302433142446244,21.558992125618683,39394000
2012-12-28,21.286401748657227,21.5670137616982,21.286401748657227,21.41468126389668,28239900
2012-12-31,21.414674758911133,21.462780709422457,21.14208201874021,21.31846591631245,42749500
2013-01-02,22.144264221191406,22.23245539676245,21.76744195836408,21.847617005511076,52899300
2013-01-03,21.84762191772461,22.168320649206574,21.775464511989647,22.15228533032943,48294400
2013-01-04,21.43872833251953,21.919777146574912,21.430710673877208,21.863655065290658,52521100
2013-01-07,21.398645401000977,21.550976354851453,21.358557100609563,21.462785152414938,37110400
2013-01-08,21.286401748657227,21.478822550728854,21.214244330183476,21.446751907312766,44703100
2013-01-09,21.406660079956055,21.446746845552628,21.2944143837039,21.422693868667434,49047900
2013-01-10,21.2142391204834,21.63114820723514,21.07794350707325,21.366571580875778,71431300
2013-01-11,21.51089096069336,21.5910660373963,21.06993033264578,21.238296617430798,55512100
2013-01-14,21.558988571166992,21.711321015764987,21.454762074891676,21.567006229220773,48324400
2013-01-15,21.815549850463867,21.87969112176945,21.510886457822707,21.510886457822707,48244500
2013-01-16,21.679250717163086,21.831581624148203,21.65519774432825,21.767441892467147,41077400
2013-01-17,21.84762191772461,22.024005837736645,21.695289446816112,21.79951749030536,51685900
2013-01-18,21.84762191772461,21.879692555478893,21.679255657151145,21.727360084570396,52167700
2013-01-22,21.767440795898438,22.00796592449445,21.64717899620631,21.887702595590568,58650600
2013-01-23,22.136245727539062,22.16029717032653,21.807529422941617,21.807529422941617,50387700
2013-01-24,22.15228271484375,22.50505204242907,22.024003237396727,22.20840632428732,101739300
2013-01-25,22.352724075317383,22.633336062001298,21.95986790564482,22.1122003891382,81847700
2013-01-28,22.37677574157715,22.633334732892177,22.256513905549753,22.456950808666146,56056500
2013-01-29,22.456951141357422,22.55315999991975,22.128234737713704,22.304618664552795,49242600
2013-01-30,22.32866668701172,22.601260941111597,22.256509294502226,22.456946156092616,43580500
2013-01-31,22.007972717285156,22.424880316282852,21.967884418873307,22.280567029636856,50530000
2013-02-01,22.39280891418457,22.489017762098687,22.08814399429506,22.184354371421236,55565900
2013-02-04,21.999942779541016,22.464956077111257,21.9839074691255,22.34469430741766,50540000
2013-02-05,22.048059463500977,22.176338959860733,21.935815286489245,22.144269850376904,35410400
2013-02-06,21.919775009155273,22.08012510794184,21.847617617622507,21.951844111385462,41889600
2013-02-07,21.871671676635742,21.959862859054358,21.727356886408256,21.927793755232667,38028300
2013-02-08,22.088144302368164,22.216423787517527,21.895725074644112,21.9277957105375,33318500
2013-02-11,22.336679458618164,22.384783866697227,22.048049951720667,22.168311736524103,32247700
2013-02-12,22.352724075317383,22.448934467316437,22.248497552429683,22.352724075317383,35990900
2013-02-13,22.47298240661621,22.537122143824043,22.352719061291058,22.39280735280343,41715600
2013-02-14,22.481002807617188,22.49703659696631,22.344705658270698,22.384792425461725,32663200
2013-02-15,22.456951141357422,22.57721297916645,22.35272309383396,22.481004120604123,49650900
2013-02-19,22.675207138061523,22.707543290288445,22.473110812261073,22.537781574842313,38781400
2013-02-20,22.52970314025879,22.796470276732617,22.497366982202383,22.739882000133907,44110200
2013-02-21,22.222517013549805,22.42461338676347,22.012336600382838,22.42461338676347,49078500
2013-02-22,22.440780639648438,22.440780639648438,22.214432154916604,22.37610986427833,31425900
2013-02-25,22.125516891479492,22.675217862468756,22.125516891479492,22.610547069301,48011800
2013-02-26,22.125516891479492,22.311445229102624,22.101264765839083,22.133599391486296,49923300
2013-02-27,22.48119354248047,22.63478717287787,22.09316898956625,22.16592378597173,36394700
2013-02-28,22.473115921020508,22.61054151548035,22.424613223526727,22.5377866983032,35840200
2013-03-01,22.59437370300293,22.618624279445353,22.24676771651475,22.408443879664762,34849700
2013-03-04,22.75605010986328,22.75605010986328,22.392277582475216,22.51353509160457,38157500
2013-03-05,22.9177303314209,23.07132401550439,22.764136647337402,22.869227630821445,41432200
2013-03-06,22.707551956176758,22.820725448416205,22.456952848272334,22.804557366132514,51448500
2013-03-07,22.747970581054688,22.861145614973502,22.642881130137063,22.723719999543878,29196700
2013-03-08,22.634788513183594,22.901555601842638,22.602452360923053,22.83688483919416,37667800
2013-03-11,22.52970314025879,22.610540451654042,22.36802543372252,22.58628987498462,36627500
2013-03-12,22.56203842163086,22.594374580640622,22.343773973933747,22.505451685236704,39255200
2013-03-13,22.57012176513672,22.650960618294466,22.43269617733041,22.529703109494285,29093400
2013-03-14,22.747970581054688,22.76413866331069,22.57821034298625,22.634797089009062,55914800
2013-03-15,22.667129516601562,22.76413491039881,22.618625277830006,22.659045476806305,92710300
2013-03-18,22.715633392333984,22.861143032454045,22.481200851724324,22.53778759135479,44809400
2013-03-19,22.78030014038086,22.812634753644197,22.659042642366046,22.731797449549482,51901600
2013-03-20,22.893476486206055,23.030902079116636,22.78030301270544,22.909644565812698,35447800
2013-03-21,22.723712921142578,22.925809260770322,22.675208689483572,22.723712921142578,34233200
2013-03-22,22.836891174316406,22.909645995212742,22.715633653446854,22.78838847434319,28720900
2013-03-25,22.76413345336914,22.917727115902363,22.602455751558082,22.87730691951318,44154000
2013-03-26,22.76413345336914,22.909643076624526,22.723714798852793,22.828804225718997,27824300
2013-03-27,22.93389892578125,22.99856970865298,22.699466374200547,22.747969075886072,36047400
2013-03-28,23.12790870666504,23.168327363270063,22.84497348481115,22.893476181111758,55453800
2013-04-01,23.12790870666504,23.168327363270063,22.925812339894104,23.152159283878888,29201100
2013-04-02,23.28150177001953,23.321921970120346,23.055154816946875,23.111741555215037,28456500
2013-04-03,23.087488174438477,23.40275955051721,23.07132163715392,23.24108184268848,35062800
2013-04-04,23.119827270507812,23.127911311113746,22.853060098004274,22.95006550152933,45263200
2013-04-05,23.20067024230957,23.26534103673376,22.723722555228672,22.812643933891078,50927300
2013-04-08,23.111740112304688,23.22491358177538,23.01473317999204,23.22491358177538,34759500
2013-04-09,23.936298370361328,24.106058608112992,23.184499507465247,23.224918171156638,77733800
2013-04-10,24.477909088134766,24.510243700539377,23.863536033720145,23.903954684694085,71116700
2013-04-11,23.394672393798828,23.604852769222283,23.22491066901067,23.524013926079,130923200
2013-04-12,23.273420333862305,23.459348637191223,23.168329350677755,23.321923034323536,62886300
2013-04-15,23.192584991455078,23.427016030821505,23.047075326116403,23.160248824991694,56332900
2013-04-16,23.41893196105957,23.556357584617235,23.20066900518716,23.362345211689934,52797300
2013-04-17,23.305757522583008,23.47551930572004,23.11982919875886,23.32192560514334,52840700
2013-04-18,23.273420333862305,23.42701247563504,23.038987788199112,23.402761896340948,56906600
2013-04-19,24.065635681152344,24.44557629491311,23.93629413000515,23.944378169685965,99790700
2013-04-22,24.922527313232422,25.205462573965708,24.469831821183035,24.494082401729262,137904000
2013-04-23,24.736595153808594,24.979110172798986,24.55874936746761,24.817434007429686,59126900
2013-04-24,25.674320220947266,25.80366176024693,24.73659329008833,24.75276136796898,90946600
2013-04-25,25.81983184814453,26.54737844881122,25.49647797472299,25.633902021788366,110700200
2013-04-26,25.69857406616211,25.852166190740032,25.423722891196633,25.787495416740676,47799300
2013-04-29,26.361446380615234,26.418033107607883,25.68240257295811,25.706653146313435,59116400
2013-04-30,26.75756072998047,26.76564631245642,26.094684819276758,26.32103487241069,75165200
2013-05-01,26.45037078857422,26.741390020623847,26.353362322060665,26.620130979354663,54330900
2013-05-02,26.806062698364258,26.81414519640801,26.183605501634418,26.377619375889477,46059500
2013-05-03,27.072826385498047,27.097076958892412,26.741388519545186,26.86264447026237,46784600
2013-05-06,27.283002853393555,27.412344373200582,26.878810218528468,27.01623423418496,40978300
2013-05-07,26.92731285095215,27.315337387404888,26.87072613212018,27.202163949740953,43078300
2013-05-08,26.668628692626953,26.870724989503124,26.393777605525575,26.73329790408005,51595700
2013-05-09,26.401865005493164,26.67671614365641,26.345278278554733,26.55545710950529,46417800
2013-05-10,26.42612648010254,26.45038014718506,26.12702464522204,26.40995839662973,36394900
2013-05-13,26.700973510742188,26.733309672576095,26.312948819973688,26.361453062724546,36027600
2013-05-14,27.295225143432617,27.295225143432617,26.70096619367547,26.74981054358653,56870100
2013-05-15,27.555728912353516,27.596434099979508,27.213827694957892,27.230109148934325,46303900
2013-05-16,27.742965698242188,27.799949237797815,27.311514906131013,27.384779900612532,59382900
2013-05-17,28.386072158813477,28.386072158813477,27.759249984281865,27.783673724578872,60666700
2013-05-20,28.5570068359375,28.57328517809647,28.231384096123463,28.27208616225807,54020800
2013-05-21,28.369773864746094,28.711678077669742,28.263949105951788,28.57328731601506,48702400
2013-05-22,28.174407958984375,28.361639996518864,27.970894469659576,28.320937919727783,66047500
2013-05-23,27.79994773864746,28.125567503495834,27.596434221103543,27.865070449469204,51102700
2013-05-24,27.897628784179688,27.905767957184423,27.596429697095175,27.61270804310465,33174400
2013-05-28,28.508169174194336,28.63841767956974,28.011595777022695,28.01973495000958,48212100
2013-05-29,28.394203186035156,28.50817024434561,28.14184533879812,28.2802361277247,38412200
2013-05-30,28.516307830810547,28.695400686972228,28.337218080018133,28.369777876745403,51131000
2013-05-31,28.410493850708008,28.71983222204051,28.32094738860686,28.345368021772465,56165700
2013-06-03,28.972177505493164,29.00474040574806,28.353497927495585,28.426759795015467,51252600
2013-06-04,28.48375129699707,29.09429180708498,28.304658420319676,28.996603089604786,65529500
2013-06-05,28.312795639038086,28.402342071193427,28.02787799615236,28.166265678305596,46025100
2013-06-06,28.45932960510254,28.581438958021607,28.07672630300449,28.361643985989193,37618500
2013-06-07,29.037303924560547,29.126850359060967,28.54073360615098,28.695402744143845,40757300
2013-06-10,28.874500274658203,29.021030262883944,28.60586092778768,28.907060078976155,35994500
2013-06-11,28.36163902282715,28.638417483021488,28.231390518345652,28.532589602702366,39435900
2013-06-12,28.491891860961914,28.71168682796228,28.369782510838455,28.6058589315466,37372700
2013-06-13,28.26395034790039,28.50816587908048,28.15812247908707,28.48374525757316,45654900
2013-06-14,28.003459930419922,28.239533239513346,27.881350583526675,28.125566171943483,53192600
2013-06-17,28.491891860961914,28.62214038525438,28.190692730792424,28.23953398654599,49670100
2013-06-18,28.475608825683594,28.630277969262327,28.41048611983924,28.46746965196665,28616500
2013-06-19,28.158126831054688,28.565153814385706,28.158126831054688,28.4593259292162,30816200
2013-06-20,27.262670516967773,27.9464760185044,27.164981798627082,27.889489380120835,54493700
2013-06-21,27.083580017089844,27.458044154170913,26.90448712310763,27.40106061615292,85338500
2013-06-24,27.449901580810547,27.8406471239967,26.513738248652174,26.81493735593471,56109000
2013-06-25,27.40918731689453,27.987167819335887,27.23823678063949,27.742952323918903,44073400
2013-06-26,27.962743759155273,28.068571611196127,27.58827979700268,27.77551177807898,48665900
2013-06-27,28.182546615600586,28.312795122166186,28.08486101201872,28.101142463510588,28993100
2013-06-28,28.117416381835938,28.32092981290533,27.95460501590672,27.987167910166264,65545500
2013-07-01,27.970897674560547,28.48375259592531,27.946477046761668,28.288378257425006,31055400
2013-07-02,27.62899398803711,28.03602102259766,27.376639214046257,28.01160039424237,37630000
2013-07-03,27.685976028442383,27.979035974349745,27.352214002352255,27.40105836179337,15994400
2013-07-05,27.848787307739258,27.873211040015896,27.335935510474517,27.751101694741635,26085900
2013-07-08,27.946475982666016,28.158128661393473,27.661555212592177,27.962754330332277,32396900
2013-07-09,27.962743759155273,28.166257187112354,27.79179322495976,28.14997884560004,25318500
2013-07-10,28.247676849365234,28.33722329392216,27.93833543326944,27.954616887313414,29658800
2013-07-11,29.053586959838867,29.118712772249356,28.41048664181838,28.491890801961837,53638300
2013-07-12,29.037303924560547,29.086148281207,28.71982336978233,28.9640420476451,35501200
2013-07-15,29.4443359375,29.485041127668392,28.964046989361165,29.029169703964563,34142600
2013-07-16,29.525728225708008,29.655976694172903,29.273370459458587,29.314072523597282,36378500
2013-07-17,29.094295501708984,29.623428814423605,28.89078197250259,29.582726729656326,37285100
2013-07-18,28.85007095336914,29.216395853000748,28.67098119550321,29.078008171678466,49547100
2013-07-19,25.561304092407227,26.59515184840904,25.25196414905632,26.375359925441092,248428500
2013-07-22,26.057872772216797,26.057872772216797,25.724112237407333,25.80551796543445,79040700
2013-07-23,25.903202056884766,26.082294958433767,25.813655606110267,25.976467052484807,65810400
2013-07-24,26.017166137695312,26.20439819255678,25.960182603840504,26.082291950883487,52803100
2013-07-25,25.55315589904785,25.76481013643521,25.439188829948836,25.74038950887677,63213000
2013-07-26,25.74039077758789,25.74039077758789,25.4066271752181,25.44733081096317,38633600
2013-07-29,25.675264358520508,25.72410716463096,25.561295740683025,25.61827927325936,28870700
2013-07-30,25.927614212036133,26.147407561145254,25.683397136926267,25.870630693649158,45799500
2013-07-31,25.91947364807129,26.090424204290606,25.81364578239648,26.025299961061663,43898400
2013-08-01,25.781089782714844,26.12299251872988,25.7241062521598,26.098571892883292,42557900
2013-08-02,25.960180282592773,25.968321008513385,25.69968326387198,25.79737042223463,29199900
2013-08-05,25.805511474609375,26.049727044578407,25.75666711846779,25.968321337027156,30984000
2013-08-06,25.70782470703125,25.78108968967613,25.545013289446022,25.68340252858804,36331500
2013-08-07,26.09856605529785,26.131125847354,25.439181356601953,25.675257704879737,38078600
2013-08-08,26.77423858642578,26.920768571401172,26.09043302499726,26.24510528989902,59034400
2013-08-09,26.61956214904785,26.782373543993067,26.432330131740027,26.676545671473317,26800700
2013-08-12,26.757951736450195,26.839358992449238,26.42418975027735,26.42418975027735,25493700
2013-08-13,26.42184066772461,26.684173310307678,26.405444486656695,26.65138094817185,39464100
2013-08-14,26.520212173461914,27.348202040908408,25.98735041068342,26.348056979052775,48519600
2013-08-15,26.061138153076172,26.380855915911432,25.282336630097912,26.233293390410193,33338000
2013-08-16,26.069332122802734,26.225092724837133,25.954561975843696,26.061135595413646,32866300
2013-08-19,25.733219146728516,26.2086974975416,25.725021055414803,26.03654227083174,27902500
2013-08-20,25.921772003173828,26.151312304421857,25.716824412130357,25.774209487442363,22979600
2013-08-21,25.913572311401367,26.24148656046677,25.856187239633623,25.913572311401367,37409100
2013-08-22,26.553007125854492,26.63498803161654,26.315267190022233,26.389048441582183,31169900
2013-08-23,28.48770523071289,28.856611391524837,27.872862671776645,28.832015562636727,225493800
2013-08-26,27.99584197998047,28.422130214210135,27.897464885387127,28.200789569505208,72786800
2013-08-27,27.266216278076172,27.95484006009393,27.176041997512133,27.479363446957176,58522300
2013-08-28,27.069480895996094,27.544957728396056,27.05308471180956,27.37280248531602,44257400
2013-08-29,27.503965377807617,27.544954269500675,26.889122620655797,26.995696240859335,45284700
2013-08-30,27.38100242614746,27.446584036324108,27.126866259488498,27.356406585985365,42790200
2013-09-03,26.13492202758789,26.29068266979352,25.651247041964996,26.0283499441586,154507000
2013-09-04,25.577455520629883,25.79879769194413,25.50367427564988,25.733214536809214,142320600
2013-09-05,25.602048873901367,25.774205637749702,25.372508606937984,25.495476830472054,71644900
2013-09-06,25.536470413208008,25.73321991976947,25.520074230088028,25.66763675091565,75434900
2013-09-09,25.954566955566406,26.0611405955839,25.57746407827689,25.593858699826576,49628500
2013-09-10,26.553007125854492,26.561206780056594,26.06113420028936,26.15131006937582,56881200
2013-09-11,26.839937210083008,26.995696249467084,26.667778861314098,26.700571225579793,39087500
2013-09-12,26.798948287963867,26.872729552461724,26.716970495078403,26.82354412763138,32860200
2013-09-13,27.077674865722656,27.110467230996964,26.65138349891288,26.864530745943807,40899000
2013-09-16,26.88912582397461,27.462979757796955,26.83174074331761,27.364605780563863,52839700
2013-09-17,26.995689392089844,27.438376815470434,26.971096688763538,27.39738480692501,84716500
2013-09-18,27.315412521362305,27.380997246384453,26.91371702598299,27.044883348775475,64099900
2013-09-19,27.577743530273438,27.610535890838364,27.31541090025729,27.446577215265364,42026600
2013-09-20,26.880922317504883,27.446576448821666,26.79894141838188,27.389191383061338,102904900
2013-09-23,26.839937210083008,27.02848861373278,26.643186151740817,26.675978516006513,39826100
2013-09-24,26.60219383239746,26.946504231067635,26.356257386597107,26.946504231067635,40685000
2013-09-25,26.65138053894043,26.889120469897026,26.561206235329195,26.63498748537601,28907500
2013-09-26,26.864530563354492,27.053081971522126,26.716968047875117,26.757956940563375,28504000
2013-09-27,27.27442741394043,27.66792643688362,26.946509997861654,26.95470965325236,55348000
2013-09-30,27.282630920410156,27.30722676562113,26.807153985456257,27.05309054679469,39839500
2013-10-01,27.528566360473633,27.55315907463613,27.299022895030934,27.34001179438595,36718700
2013-10-02,27.807289123535156,27.8974665687277,27.290823418390598,27.348208496739993,46946800
2013-10-03,27.758094787597656,27.872864907444587,27.397385122648767,27.774490965754534,38703800
2013-10-04,27.774490356445312,27.864667770704248,27.561343172333075,27.618728230997643,33008100
2013-10-07,27.29901695251465,27.635130857663782,27.21703917164974,27.544953422361253,35069300
2013-10-08,27.0612735748291,27.323609320251343,26.889118380514198,27.307213140709234,41017600
2013-10-09,27.11046600341797,27.340006295440244,27.020288566622952,27.11046600341797,35878600
2013-10-10,27.676115036010742,27.782688634791597,27.266219946970438,27.30721195767555,42875100
2013-10-11,27.979442596435547,27.98763912308788,27.610536352046967,27.610536352046967,30033300
2013-10-14,28.241771697998047,28.282760580635667,27.692510663449816,27.79088773448165,27757900
2013-10-15,28.27457618713379,28.684471443891436,28.258180001593168,28.422135602494123,47097800
2013-10-16,28.397533416748047,28.61068063043527,28.33195182371077,28.364741056603613,35111600
2013-10-17,28.627079010009766,28.684467214566766,28.176194919506592,28.241779651999067,31359200
2013-10-18,28.659870147705078,28.6844659849615,28.14340447410072,28.54509999801522,41811700
2013-10-21,28.684465408325195,28.85662062939919,28.618880679962547,28.67626575365388,27433500
2013-10-22,28.34834861755371,28.77463679965455,28.29916007627208,28.709055205197366,40438500
2013-10-23,27.676115036010742,28.274564617990773,27.602333794893433,28.159791366168353,58600500
2013-10-24,27.643329620361328,27.954847679400288,27.52035982577894,27.72530739858173,53209700
2013-10-25,29.29111099243164,29.750194748130863,29.07796686168872,29.41408080490979,113494000
2013-10-28,29.159944534301758,29.29111087436537,28.914008037589014,29.19273690113072,38383600
2013-10-29,29.11896324157715,29.28292199127498,28.905815928794055,29.209140710273605,31702200
2013-10-30,29.135334014892578,29.34028149142854,29.045156624856702,29.127134364570963,36997700
2013-10-31,29.028764724731445,29.25830493152179,28.97137967303386,29.23371223143733,41682300
2013-11-01,29.12714958190918,29.258315910329397,29.012379435447983,29.241919728370377,40264600
2013-11-04,29.46327781677246,29.496070196631695,29.143559931278602,29.176352311137837,28060700
2013-11-05,30.037118911743164,30.09450398795075,29.32390215941169,29.340298342221303,51681900
2013-11-06,31.299592971801758,31.332385333365345,30.381428738783306,30.528991238567738,88948800
2013-11-07,30.74213981628418,31.160231541794687,30.68475473880729,31.119242647490076,60437400
2013-11-08,30.971670150756836,30.971670150756832,30.610963618900502,30.881492735979958,36737800
2013-11-11,30.815919876098633,30.971678919287406,30.619168812950452,30.897897661513344,26872500
2013-11-12,30.627361297607422,30.824109187442488,30.49619499530027,30.643757476302234,31651600
2013-11-13,31.28319549560547,31.28319549560547,30.25026116713924,30.31584276029901,44957600
2013-11-14,31.16842269897461,31.258600118209298,30.922486272949037,31.04545292233616,46183700
2013-11-15,31.020864486694336,31.16842698806604,30.92249052819712,31.11104191833835,50601300
2013-11-18,30.496200561523438,30.807721759081595,30.389626944180822,30.619167233301624,53277500
2013-11-19,30.34752655029297,30.752268588969798,30.289703108083874,30.43838475726258,44275000
2013-11-20,30.628353118896484,30.900933897602528,30.446630499113862,30.496188921987027,32229900
2013-11-21,30.892683029174805,31.000061739887578,30.777039327611643,30.78530116749335,23064700
2013-11-22,31.033098220825195,31.123959540312004,30.834858206461444,31.000057168108498,27982000
2013-11-25,31.090923309326172,31.346986781139815,31.03310303358901,31.330466252219384,30646800
2013-11-26,30.85137367248535,31.099178401555935,30.85137367248535,31.033096300212307,34465300
2013-11-27,31.057876586914062,31.19003764320428,30.967018420876144,31.03309737353719,26002100
2013-11-29,31.495681762695312,31.627842899202218,31.23961818216379,31.23961818216379,22090400
2013-12-02,31.759992599487305,32.032573466831764,31.437850142185255,31.462629361679593,42950400
2013-12-03,31.64435386657715,31.793035494060604,31.45437248723031,31.503930929078734,52109800
2013-12-04,32.16473388671875,32.197774946003214,31.487407926231402,31.56174873413703,51983600
2013-12-05,31.388282775878906,32.11517020664407,30.710956925950565,32.0903878407415,116305000
2013-12-06,31.68566131591797,31.84260167151238,31.380039296720494,31.735219769805756,36457300
2013-12-09,31.97474479675293,32.10690585099004,31.693902162628053,31.85084558082518,30286000
2013-12-10,31.479141235351562,32.13168781099206,31.40480044634229,31.89214491852129,37828600
2013-12-11,31.066150665283203,31.63609485428383,30.884427959673133,31.437854767226817,39853400
2013-12-12,30.74400520324707,31.09092689771028,30.710964141592747,31.09092689771028,36012800
2013-12-13,30.30622100830078,30.933988617172105,30.248400722084906,30.90920624381582,40066100
2013-12-16,30.471416473388672,30.56227780344578,30.182315105905673,30.339255398115217,31734200
2013-12-17,30.16580581665039,30.65315055410033,30.008865465968796,30.512727586884367,45687700
2013-12-18,30.215356826782227,30.23187420445705,29.34804640332734,30.033634162672648,63192100
2013-12-19,29.94277572631836,30.19057737799755,29.802355945722102,30.157536317515266,34160100
2013-12-20,30.39708137512207,30.50446325360787,29.89321619642236,29.90147803759698,62649100
2013-12-23,30.248382568359375,30.47140488890228,30.190562316844627,30.40532595187145,25128700
2013-12-24,30.628353118896484,30.702690753206227,30.264907879331243,30.330989977785972,14243000
2013-12-26,30.925724029541016,30.96702693114406,30.702701594954377,30.72748396611,17612800
2013-12-27,30.80183219909668,31.074413139732794,30.70270899252922,31.04137522184673,14563000
2013-12-30,30.80183219909668,30.87617302853739,30.479689655176834,30.744011904083873,16290500
2013-12-31,30.900936126708984,31.04135902057105,30.743995858009598,30.892677439290324,17503500
2014-01-02,30.694446563720703,30.892689801749547,30.644884966471146,30.851386895223566,30632200
2014-01-03,30.48794174194336,30.744005243647266,30.231878240239457,30.727484712798393,31134800
2014-01-06,29.84366226196289,30.4714267944005,29.82714172808695,30.43838572664861,43603700
2014-01-07,30.074922561645508,30.14100465128689,29.909720488509503,30.008843622971582,35802800
2014-01-08,29.538022994995117,29.85190668668846,29.389344563106846,29.736266155793054,59971700
2014-01-09,29.34804916381836,29.661932935631146,29.240670443988652,29.63715371581951,36516300
2014-01-10,29.769315719604492,29.860177062992918,29.529772750847563,29.653675155644333,40548800
2014-01-13,28.89374542236328,29.75279408118298,28.769846173148412,29.728014861533794,45901900
2014-01-14,29.55455207824707,29.637154732066506,28.60464519159148,28.68724469444186,41623300
2014-01-15,30.36404037475586,30.388822747361463,29.61237352574904,29.653676429768645,44812600
2014-01-16,30.471416473388672,30.56227780344578,29.99233375713562,30.30621434155471,38018700
2014-01-17,30.050155639648438,30.421859668435363,29.860174280705955,30.421859668435363,46267500
2014-01-21,29.876689910888672,30.413596048942118,29.785831732251097,30.413596048942118,31567300
2014-01-22,29.6784610748291,30.00060361884742,29.529779415902222,29.95104201554854,21904300
2014-01-23,29.785839080810547,29.8436593682852,29.339794162318082,29.810618303737012,43954000
2014-01-24,30.405344009399414,31.016587931559627,30.17405971501486,30.933988423473952,76395500
2014-01-27,29.761045455932617,30.471412320322006,29.719745716345173,30.4548917942934,44420800
2014-01-28,29.95928192138672,30.058401904436828,29.529757793546317,29.835379579348498,36205500
2014-01-29,30.281431198120117,30.46315383467093,29.65366695971358,29.719745913297764,52745900
2014-01-30,30.446638107299805,30.463158636041733,29.926252480319373,30.388817832187385,35036300
2014-01-31,31.256126403808594,31.297426151888843,30.198837728303985,30.520980174686244,93162300
2014-02-03,30.132761001586914,31.380034413151467,30.091461246117817,31.173532484836613,64063100
2014-02-04,30.025379180908203,30.719225787571148,29.942779669793072,30.53750623292399,54697900
2014-02-05,29.58759307861328,30.12449929893806,29.571072547883542,29.975817673339478,55814400
2014-02-06,29.884946823120117,29.942767086796486,29.480201826417478,29.571063141042643,35351800
2014-02-07,30.1988468170166,30.2236260431286,29.744539998498265,30.00060355521135,33260500
2014-02-10,30.39708137512207,30.39708137512207,29.97581885332266,30.256661584845325,26767000
2014-02-11,30.702709197998047,30.777050027936266,30.446648790076235,30.4631693246147,32141400
2014-02-12,30.950498580932617,31.05787727525769,30.81007568309246,30.851375423291966,27051800
2014-02-13,31.066150665283203,31.272652594033058,30.834869513393567,30.834869513393567,37635500
2014-02-14,31.074405670166016,31.20656676285107,30.834865855965536,30.88442429636681,31407500
2014-02-18,31.14097785949707,31.440570900248932,31.132657241519166,31.31574258300013,32834000
2014-02-19,31.215883255004883,31.415613052692557,30.96622338884337,30.974547183320635,29750400
2014-02-20,31.415613174438477,31.5154764863706,31.124343858554187,31.265816619241573,27526100
2014-02-21,31.607009887695312,31.914923527491787,31.507146605117416,31.573721068637177,38021300
2014-02-24,31.36568260192871,31.60702186969545,31.240854245033916,31.36568260192871,32085100
2014-02-25,31.240846633911133,31.498827080067926,31.082726309263347,31.299100487856016,30736500
2014-02-26,31.182588577270508,31.407283344172928,30.94957001829956,31.27413124244518,41041800
2014-02-27,31.50714683532715,31.5321118625049,30.982859042418543,31.16594437397951,33903400
2014-02-28,31.88163185119629,32.006460137152686,31.473851831375196,31.607003907819568,41215000
2014-03-03,31.440568923950195,31.731841328415285,31.199232922600448,31.55707661589763,29717500
2014-03-04,31.964859008789062,32.02311285894796,31.68191037604724,31.79009745831237,26802400
2014-03-05,31.71519660949707,31.848348709651752,31.565400099998488,31.831704300307855,20520100
2014-03-06,31.748493194580078,31.82339146765117,31.532118994775924,31.740169400573706,23582200
2014-03-07,31.54044532775879,31.923257343339372,31.36568056012634,31.85667968431796,26591600
2014-03-10,31.473857879638672,31.631975008740167,31.390639006342415,31.615333773758135,19006600
2014-03-11,31.64029884338379,31.815060382298896,31.390639048562704,31.515467358674982,25216400
2014-03-12,31.848360061645508,31.981512209260792,31.44890361879965,31.45722423913915,30494100
2014-03-13,31.5321102142334,31.99814413630199,31.32405986637005,31.973175935832852,32169700
2014-03-14,31.37399673461914,31.74016424650882,31.215876420146643,31.332387295135703,27195600
2014-03-17,31.665267944335938,31.96486100650356,31.44889694087984,31.540439618164054,20479600
2014-03-18,32.91357421875,33.20484669743467,31.80674768862075,31.84003334151836,64063900
2014-03-19,32.6805534362793,32.91356884148018,32.38096038696571,32.84699437196427,35597200
2014-03-20,33.56269454956055,33.82899882741128,32.655594611069795,32.663915230866266,59269800
2014-03-21,33.421207427978516,34.070323491113434,33.296375950638875,33.88724134550399,80721800
2014-03-24,33.70415115356445,33.82065882245625,33.17154285314717,33.57099907846013,46098400
2014-03-25,33.57101058959961,34.11194286590097,33.25477311231896,33.83731483112112,43193100
2014-03-26,33.11329650878906,33.878920320170806,32.95517620130187,33.68751436732537,41977500
2014-03-27,32.755455017089844,33.263098493790224,32.73881060437541,33.07169250946989,35369200
2014-03-28,33.537723541259766,33.8206722096804,33.021759442821136,33.11330212592739,43472700
2014-03-31,34.111934661865234,34.53635595265383,33.62093573940992,33.64590076398684,46886300
2014-04-01,34.469783782958984,34.61125968537047,34.17851453475402,34.24509217697042,32605000
2014-04-02,34.411529541015625,34.66951313976801,34.26173302233317,34.48642780035686,28666700
2014-04-03,34.12858963012695,34.36160826014186,33.878929760094366,34.36160826014186,30139600
2014-04-04,33.179866790771484,34.444813218201105,32.98846086205859,34.32830553764509,51409600
2014-04-07,33.12162399291992,33.51275977198412,33.07169392723326,33.254776125746446,37559600
2014-04-08,33.13825988769531,33.22980255071821,32.622295902452954,33.080006042971,35918600
2014-04-09,33.6791877746582,33.7457622281604,33.18818887851981,33.229798308783195,27398700
2014-04-10,32.755455017089844,33.862281478524324,32.530760207340634,33.65423108148955,45960800
2014-04-11,32.63060760498047,33.113285814652,32.455846118552735,32.455846118552735,34330200
2014-04-14,32.605648040771484,32.7970539638262,32.372632686547675,32.54739420221553,32006600
2014-04-15,33.08000946044922,33.25477101267667,32.49746777842761,32.73880697413034,33968700
2014-04-16,33.62095260620117,33.637593847870136,33.21317234415989,33.338003878861734,30615800
2014-04-17,33.29637908935547,33.45449939883723,32.88027835846097,33.29637908935547,36688400
2014-04-21,33.238128662109375,33.412893399766574,33.11330033475076,33.39624898786604,22221200
2014-04-22,33.27973937988281,33.40456770011746,33.14658726687444,33.25477117615845,27056700
2014-04-23,33.03007125854492,33.27973420941923,32.846989115725734,33.27973420941923,24602800
2014-04-24,33.171546936035156,33.26308959417354,32.70551302851076,33.07168366106431,42381600
2014-04-25,33.21315383911133,33.85394922266604,33.08000175776204,33.5293912227894,56876800
2014-04-28,34.0120849609375,34.36161135009209,33.362968605561825,33.40457805854272,50610200
2014-04-29,33.71249008178711,34.278387502021396,33.61262676486271,34.20348922067869,29636200
2014-04-30,33.62095260620117,33.70417151293721,33.42954340643225,33.62095260620117,35458700
2014-05-01,33.288063049316406,33.58765612469578,33.24645360542417,33.48779282443502,28787400
2014-05-02,33.03007125854492,33.57100341931087,33.005106233296004,33.54603839406195,43416600
2014-05-05,32.813697814941406,32.98845932764663,32.70551075605891,32.888596059614514,22460900
2014-05-06,32.50580596923828,32.74714209724134,32.414263256210354,32.69721201711569,27112400
2014-05-07,32.80537033081055,32.88026856705149,32.04806735308354,32.638932627693514,41744500
2014-05-08,32.988468170166016,33.20484234592985,32.43089466838403,32.738808345866666,32120400
2014-05-09,32.90525436401367,33.1632348466025,32.76377843117045,32.90525436401367,29647600
2014-05-12,33.263092041015625,33.30470147743125,32.99678783843978,33.071686093826514,22782600
2014-05-13,33.87488555908203,33.94193288699549,33.397184537172606,33.4558493506006,27004800
2014-05-14,33.72404098510742,33.90003545419763,33.56480515374602,33.77432329228001,18818700
2014-05-15,33.18766784667969,33.858128366404685,33.11224119806026,33.59832475516161,37793200
2014-05-16,33.38043212890625,33.38881144796222,32.91111033694338,33.24633744806558,29867100
2014-05-19,33.31338119506836,33.37204601311157,33.070339407750595,33.196051558981935,24537400
2014-05-20,33.25471878051758,33.472616235141984,33.07034179791714,33.25471878051758,21320900
2014-05-21,33.816219329833984,33.816219329833984,33.30499786236425,33.35528015920156,22398700
2014-05-22,33.606693267822266,33.81621131362413,33.3971752220204,33.76592902870635,20201800
2014-05-23,33.62345886230469,33.832976931580994,33.522891084209824,33.832976931580994,18020000
2014-05-27,33.68212890625,33.74079371901515,33.36366369323705,33.74079371901515,26160600
2014-05-28,33.53126907348633,33.682122333155434,33.37203649805423,33.64021936035666,25711500
2014-05-29,33.807838439941406,33.816217756693675,33.447467076740615,33.648605845710094,19888200
2014-05-30,34.31069564819336,34.33584000348695,33.732426628339546,33.9000418099909,34567600
2014-06-02,34.184974670410156,34.43639575621242,34.09278619298439,34.3190661293042,18504300
2014-06-03,33.76593780517578,34.09278553006254,33.73241414185599,34.025738203422954,18068900
2014-06-04,33.791072845458984,33.832975818537314,33.405560377951325,33.69888438649152,23209000
2014-06-05,34.53696060180664,34.57048426291549,33.85812404780991,34.01735664258854,31865200
2014-06-06,34.76324462890625,34.91409792473939,34.56210903245717,34.76324462890625,24060500
2014-06-09,34.587257385253906,34.7632518680443,34.37773923041011,34.6878252044208,15019200
2014-06-10,34.45315170288086,34.49505467719124,34.24363363433694,34.386104386390635,15117700
2014-06-11,34.2436408996582,34.419635347296975,34.168214251099776,34.30230571553779,18040000
2014-06-12,34.00897979736328,34.2604008799668,33.76593803214979,34.20173606725906,29818900
2014-06-13,34.553714752197266,34.838659414304054,34.24362894834304,34.44476447630572,26310000
2014-06-16,34.78001403808594,34.87220253862149,34.39450139674942,34.39450139674942,24205300
2014-06-17,34.93085861206055,35.1236148844183,33.80784144489477,34.604010880802065,22518600
2014-06-18,34.90571975708008,34.98114640748189,34.51182467198254,34.8721960909031,27097000
2014-06-19,34.78839111328125,35.00629177266967,34.637540991311084,34.838676618600076,19828200
2014-06-20,34.93085861206055,35.05657075346422,34.679437526245756,34.73810233970279,47764900
2014-06-23,35.19065856933594,35.19903788596554,34.939234312556685,34.97275797305955,18743900
2014-06-24,34.989524841308594,35.1487574561361,34.830292226481085,35.05657217196819,26509100
2014-06-25,35.224185943603516,35.24094777714351,34.74648487718865,34.94762368267573,20049100
2014-06-26,34.96438217163086,35.14875592894847,34.72134040403884,35.14037661147644,23604400
2014-06-27,35.40856170654297,35.44208537247831,34.78838667471014,34.87219583954849,74640000
2014-06-30,34.9476203918457,35.375035917393156,34.9476203918457,35.34151225346991,30793100
2014-07-01,35.090091705322266,35.324754159385535,34.939238412350385,35.08171238770943,26917000
2014-07-02,35.11524200439453,35.11524200439453,34.80515285128331,34.97276800488527,20208100
2014-07-03,35.03143310546875,35.19066894129378,34.83029747715411,35.12362160052678,15969300
2014-07-07,35.19065856933594,35.2996056704819,34.95599614280812,34.98951980331098,21952400
2014-07-08,35.01467514038086,35.19905215087576,34.87220432099373,35.09010180858391,31218200
2014-07-09,34.92247009277344,35.19065616145378,34.80514048603379,35.18227364840552,18445900
2014-07-10,34.93924331665039,35.199046957012506,34.40287739834814,34.671060357499265,21854700
2014-07-11,35.27445983886719,35.27445983886719,34.763235273566075,34.94761218485285,24083000
2014-07-14,35.31637191772461,35.576175523626894,35.23256595297813,35.383419247115896,21881100
2014-07-15,35.576171875,35.59293370562876,35.224179825780666,35.47560408821975,28748700
2014-07-16,36.94222640991211,37.13498264427063,35.60130888825576,35.62645003278324,63318000
2014-07-17,37.31938934326172,38.308315730443574,37.084729928335435,38.09041815901127,82180300
2014-07-18,37.45345687866211,37.57916902576165,37.0847061492256,37.41993641016257,43407500
2014-07-21,37.57916259765625,37.84734548173471,37.059558659378254,37.344503373335634,37604400
2014-07-22,37.57078552246094,37.83896842253759,37.36964674890728,37.713256289442505,43095800
2014-07-23,37.60430908203125,38.090392626544684,37.39479097429117,38.090392626544684,52362900
2014-07-24,37.210411071777344,37.71325316856133,37.14336375381037,37.65458836383627,30725300
2014-07-25,37.294219970703125,37.42831142024619,37.12660485952622,37.12660485952622,26737700
2014-07-28,36.85004806518555,37.30260477585673,36.81652439861944,37.17689582172304,29684200
2014-07-29,36.782997131347656,36.950612250777446,36.573479031308544,36.799758962989884,27763100
2014-07-30,36.523197174072266,36.95899201405863,36.280155407816096,36.93385086478818,31921400
2014-07-31,36.171207427978516,36.61538481097895,36.10416329327691,36.355584393145215,31537500
2014-08-01,35.919769287109375,36.24661688157492,35.70186875947153,36.21309323163199,31170300
2014-08-04,36.347206115722656,36.43101529011147,35.87788752711775,36.01197900914674,34277400
2014-08-05,36.104156494140625,36.422621668737165,35.894638417541366,36.29691274097289,26266400
2014-08-06,35.8192138671875,36.17958203868315,35.37503334498586,35.8192138671875,24634000
2014-08-07,36.22987365722656,36.41425062958166,35.74379327146248,35.90302589495551,30314900
2014-08-08,36.20472717285156,36.30529496250884,35.96168541727011,36.22986832101778,28942700
2014-08-11,36.20472717285156,36.414245266216454,36.05387388986945,36.255009469184,20351600
2014-08-12,36.47290802001953,36.53157282709441,36.0371100267546,36.07063368708087,21431100
2014-08-13,36.94222640991211,37.02603235633166,36.4729047977836,36.60699623025004,22889500
2014-08-14,37.101478576660156,37.22718756266442,36.88357788572965,36.94224591559064,19313200
2014-08-15,37.537254333496094,37.6294427863473,37.21040668938126,37.36125994004837,41611300
2014-08-18,37.80543899536133,37.80543899536133,37.44506767890474,37.66296505311502,26891100
2014-08-19,38.22710037231445,38.23553202520141,37.80544695484066,37.92350939701968,28139500
2014-08-20,37.90664291381836,38.286131633332595,37.86447821541906,38.235532065077265,24770500
2014-08-21,38.13435363769531,38.159651824947076,37.805464335575394,37.81389599233873,22285500
2014-08-22,38.0753059387207,38.345163876017686,38.00783984591627,38.243964736811044,18294500
2014-08-25,38.092166900634766,38.31986012439612,37.98253933201499,38.28613029703013,16910000
2014-08-26,37.95723342895508,38.28612574660505,37.89820221688042,38.21022801437195,14873100
2014-08-27,37.83917236328125,37.94880313976712,37.74640810755935,37.86447375290716,21287900
2014-08-28,37.84762191772461,37.931951337305954,37.61992862450158,37.73799109869993,17657600
2014-08-29,38.31143569946289,38.31986735365503,37.830750986491765,38.024711202518645,21607600
2014-09-02,38.02470779418945,38.336730442702866,37.822312725151264,38.31143226543327,22976800
2014-09-03,37.91507339477539,38.04157070302359,37.55245120922143,37.55245120922143,33684500
2014-09-04,38.168060302734375,38.17649517133707,37.71267712394229,37.72954364418789,26475500
2014-09-05,38.71622848510742,38.73309501299152,38.04158345455002,38.04158345455002,36939400
2014-09-08,39.188472747802734,39.46676235251852,38.78368582105943,38.808983998680716,45736700
2014-09-09,39.43303298950195,39.61012990028274,39.1463084874769,39.188476410067125,40302400
2014-09-10,39.500492095947266,39.58482149227005,39.02823911244297,39.48362557329065,27302400
2014-09-11,39.63541793823242,39.63541793823242,39.18846638239871,39.41615959488758,29216400
2014-09-12,39.38242721557617,39.652285127450604,39.29809460751537,39.55952086706375,38244700
2014-09-15,38.99449920654297,39.39085112718114,38.876433578459,39.247490547089754,37667600
2014-09-16,39.43303298950195,39.508930746419196,39.03668089623264,39.121010307491424,27910600
2014-09-17,39.23063659667969,39.373997222697945,38.98607682845512,39.01137500552647,38311900
2014-09-18,39.36556625366211,39.492063575138815,39.18003770668575,39.28966850416819,35556600
2014-09-19,40.07395553588867,40.116120249345975,39.298111297036215,39.47520824069519,202522400
2014-09-22,39.68600845336914,39.95586629916762,39.61854238343989,39.88840022923836,38686100
2014-09-23,39.264373779296875,39.61856116343963,39.18847602312903,39.50893035631701,33430300
2014-09-24,39.702880859375,39.728179030870926,39.0788324878109,39.323392202137356,26582700
2014-09-25,38.82584762573242,39.7113191629734,38.81741275584768,39.534225498917266,33077400
2014-09-26,39.13787078857422,39.31496445504334,38.5897200491675,38.73308388651893,27078800
2014-09-29,39.16318130493164,39.26438047505347,38.58973220875333,38.77526080368201,26091000
2014-09-30,39.09571838378906,39.196914336885634,38.80055896322881,39.10415003947988,33033100
2014-10-01,38.707801818847656,39.239083039349836,38.6656338852216,39.01982458251807,38088400
2014-10-02,38.589725494384766,38.87644999258566,38.488529558831736,38.64875994183155,25119400
2014-10-03,38.86802291870117,39.04511663102851,38.46323591182675,38.77525862644556,32453200
2014-10-06,38.86802291870117,39.04511663102851,38.724659044225824,38.89332110133046,20604000
2014-10-07,38.39576721191406,38.7330913033665,38.303002925916594,38.67406006990647,25723700
2014-10-08,39.449886322021484,39.54265057355974,38.235525834421864,38.35358825748519,33031000
2014-10-09,38.665611267089844,39.46675328291757,38.57285023147509,39.21376191396139,34422800
2014-10-10,37.13080596923828,38.89331771788518,37.063343082441925,38.45479769434576,51978100
2014-10-13,36.81034851074219,37.57775768272359,36.67541953161229,36.95370914364743,37100200
2014-10-14,36.877811431884766,37.425962219735744,36.734450798823794,36.99587388663159,38115700
2014-10-15,36.44773483276367,36.59109549932483,35.50322854015777,36.26220623654441,60218700
2014-10-16,36.04292678833008,36.3296511712615,35.60440695461381,35.8658299511081,49040400
2014-10-17,36.7934684753418,37.05489146686878,36.08509079079227,36.430846373908146,40683300
2014-10-20,37.17295837402344,37.2235547137581,36.101958551192666,36.312785211979204,34527900
2014-10-21,37.84762191772461,37.931951337305954,37.26573798494538,37.40910185858706,36433800
2014-10-22,37.425960540771484,38.007841134617394,37.29946322095432,37.94880990989218,33570900
2014-10-23,37.96567916870117,38.3283014135424,37.55245734889581,37.62835510286166,45451900
2014-10-24,38.90174102783203,39.55108760718728,38.10059897709712,39.49205639242407,61076700
2014-10-27,38.71622848510742,38.87645567456441,38.54756642322776,38.54756642322776,30371300
2014-10-28,39.20532989501953,39.21376154655649,38.59814804164572,38.67404577331745,29049800
2014-10-29,39.31495666503906,39.38242274382715,39.078831823200176,39.163161204725576,30276100
2014-10-30,38.83428192138672,39.06197516936531,38.59815701990989,39.06197516936531,30073900
2014-10-31,39.59326934814453,39.61013587633314,39.19691397811555,39.584834475569565,35849700
2014-11-03,40.00648498535156,40.023351512256816,39.40773775653995,39.54266675482089,23130400
2014-11-04,40.116111755371094,40.25104074004218,39.846253786028925,39.8884184905585,21530800
2014-11-05,40.36066436767578,40.39439741208468,39.854678352422845,40.31006480106244,22449600
2014-11-06,41.06903076171875,41.20395968476384,40.301621908719966,40.36065311149224,33037800
2014-11-07,41.052162170410156,41.25455393627404,40.723273138162014,41.25455393627404,28000600
2014-11-10,41.22926712036133,41.44852868019641,40.94254269231853,41.02687529877818,36370100
2014-11-11,41.212398529052734,41.279864610831766,41.02687323808008,41.19553200860798,23445200
2014-11-12,41.13650894165039,41.25457139118335,40.91725056636925,40.9509836139388,22722100
2014-11-13,41.83645248413086,41.87018552950865,41.077475047931806,41.161807661376294,26210400
2014-11-14,41.811153411865234,42.207505427192935,41.65092305823726,41.946082373522366,29081700
2014-11-17,41.70995330810547,41.92078000685282,41.44009539106567,41.66778861174802,30318600
2014-11-18,41.362022399902344,41.86271174514025,41.3280765913861,41.69298593980952,23995500
2014-11-19,40.92073059082031,41.370501157225014,40.67462837109887,41.29412471790629,26177500
2014-11-20,41.32806396484375,41.32806396484375,40.62370322095502,40.73402544630195,21510600
2014-11-21,40.71707534790039,41.625104914637596,40.3691388151997,41.599647170397716,42884800
2014-11-24,40.3860969543457,40.73403335980403,40.2163711678965,40.72554852724412,35434200
2014-11-25,40.284271240234375,40.70858417687135,40.2672983342988,40.44550899074614,28008000
2014-11-26,40.52189636230469,40.72556805113423,40.12304105852482,40.301255000220046,27163600
2014-11-28,40.57279586791992,40.9037593728417,40.40307008053051,40.691602947917474,21534400
2014-12-01,41.260189056396484,41.39596906664426,40.48793964112773,40.63220772296957,31191600
2014-12-02,41.1243896484375,41.62507880704371,40.90374844982681,41.44686823463707,25773500
2014-12-03,40.80192565917969,41.158346903224434,40.57279632918656,41.10742819525368,23534800
2014-12-04,41.44688415527344,41.63358286698542,40.90376416183914,41.065001898249164,30320400
2014-12-05,41.0904541015625,41.55720081797333,41.05651153448269,41.42990567036127,27313400
2014-12-08,40.47945022583008,41.03105503874076,40.26729378149895,40.95467858929154,26663100
2014-12-09,40.3860969543457,40.6661417503243,39.92783830210788,39.97875700921768,24330500
2014-12-10,39.80055618286133,40.44551044535473,39.63083035465225,40.37762205642164,30431800
2014-12-11,40.02968215942383,40.51340190081917,39.61385728117729,39.95330893616503,29060400
2014-12-12,39.84299087524414,40.50491811147879,39.60537339672943,39.69872277358329,34248400
2014-12-15,39.60536575317383,40.453991579337405,39.503531560464374,40.055139642370946,29247800
2014-12-16,38.32394027709961,39.325318961229684,38.29848253949899,38.951924781668644,47801400
2014-12-17,38.8161506652832,38.994361329982404,38.10330476923545,38.23059671377018,34970900
2014-12-18,40.32670974731445,40.32670974731445,39.3253307626728,39.529002436350524,40105600
2014-12-19,40.44551467895508,40.818908950299054,40.02968651817892,40.42005693509677,64551200
2014-12-22,40.71707534790039,40.83588247068825,40.487945937987554,40.547349499381475,26566000
2014-12-23,41.115909576416016,41.41292723146741,40.84434965258342,41.048017976833044,23648100
2014-12-24,40.85284423828125,41.27715712523847,40.80192876368665,41.27715712523847,11437800
2014-12-26,40.632198333740234,41.08196890676914,40.58127962769449,41.08196890676914,13197800
2014-12-29,40.26729202270508,40.54733683362016,40.10605106021582,40.47944845776965,14439500
2014-12-30,39.90238571166992,40.41155989941369,39.74963280789669,40.258806995640455,16384700
2014-12-31,39.418678283691406,40.25881620947178,39.418678283691406,39.65629252738666,21552500
2015-01-02,39.68174362182617,40.24183655757359,39.495048134744195,39.59688233108443,27913900
2015-01-05,39.31684112548828,39.656289557164065,39.24894949680251,39.35078370258014,39673900
2015-01-06,38.739768981933594,39.673256065034195,38.64641962617343,39.359265426136794,36447900
2015-01-07,39.23196792602539,39.427151459518015,38.60398668561439,39.01981148910945,29114100
2015-01-08,40.3860969543457,40.521876936055044,39.64779350612929,39.67325124105913,29645200
2015-01-09,40.04664993286133,40.58128508790158,39.800550913652756,40.40307444863832,23944200
2015-01-12,39.54596710205078,40.34367754928058,39.34229869140774,40.24184010670803,23651900
2015-01-13,39.34230041503906,40.657670018677535,39.087713271956,39.85996277375029,35270600
2015-01-14,39.002830505371094,39.24044786681937,38.71429768145148,39.002830505371094,29719600
2015-01-15,38.595497131347656,39.35926156977975,38.536093590275186,39.22348158486406,32750800
2015-01-16,39.24044418334961,39.27438674272779,38.33241192843473,38.451222216631066,35695300
2015-01-20,39.36774826049805,39.58839276968071,38.67187540030723,39.291371813050255,36161900
2015-01-21,38.9688835144043,39.15558217042482,38.595489439612805,38.98585641379249,39081100
2015-01-22,39.9957275390625,40.004212371119095,39.10467125962379,39.35925830557058,35898000
2015-01-23,40.038177490234375,40.21638818464975,39.715698683255496,40.19093043894798,26211600
2015-01-26,39.89389419555664,39.995731614111214,39.24045523137454,39.88540936263555,42525500
2015-01-27,36.20237731933594,36.66063603866628,35.73563376620344,36.448479583856006,169164000
2015-01-28,34.95490264892578,36.31270614755077,34.92944490566601,36.27027549636744,84507100
2015-01-29,35.65077209472656,35.74412146027306,34.615450713735726,34.73425781997641,63585300
2015-01-30,34.284481048583984,35.28585967660725,34.242047171959896,35.260398703182744,78004900
2015-02-02,35.031280517578125,35.10765698766447,34.140223858071664,34.445729738417036,50352500
2015-02-03,35.302818298339844,35.58286625764663,34.83607493674446,35.32827926379908,52082400
2015-02-04,35.50649642944336,35.82048700558946,35.099156516193034,35.59135769740181,41614800
2015-02-05,36.0241584777832,36.185396181342945,35.52346922886102,35.82897497223725,36548200
2015-02-06,35.99021530151367,36.31269396940989,35.76957404700579,36.2193446257623,34616600
2015-02-09,35.94778060913086,36.27025924064683,35.82048547538122,35.84594644448098,31381100
2015-02-10,36.151458740234375,36.29572681341626,35.79503744869785,36.27026907466382,29670700
2015-02-11,35.96476364135742,36.193893004306744,35.82049556664831,36.193893004306744,38262500
2015-02-12,36.567291259765625,36.567291259765625,36.07508666908868,36.20238185281575,33268800
2015-02-13,37.22921371459961,37.22921371459961,36.61820532721012,36.81338887680335,40264900
2015-02-17,37.246307373046875,37.605265157337435,36.91298523869162,37.57962624711345,33695700
2015-02-18,37.203575134277344,37.348869913711866,37.08392252785421,37.2890436105003,27111700
2015-02-19,37.17792510986328,37.20356401492274,36.79332523253123,36.90443258826894,27603400
2015-02-20,37.48561096191406,37.502704654763036,36.998452126728196,37.18647622748982,29721100
2015-02-23,37.73345184326172,37.76763595709821,37.30611944757489,37.34885203508609,32518800
2015-02-24,37.682167053222656,37.86164585918174,37.53687235771736,37.73344810933402,25271700
2015-02-25,37.59672164916992,37.68218686065939,37.43433318293555,37.5625342604586,29759800
2015-02-26,37.65654754638672,37.80183905642213,37.511252776062506,37.59672124692639,28957300
2015-02-27,37.477073669433594,37.776208493127086,37.31468842934137,37.71638218044629,33807700
2015-03-02,37.50270462036133,37.76764870855603,37.22066357904478,37.323222475756005,31924000
2015-03-03,36.989898681640625,37.45996702112603,36.827513511819916,37.22920708909359,31748600
2015-03-04,36.8018798828125,36.93007768990842,36.64803990606652,36.759144020158615,25748700
2015-03-05,36.84462356567383,36.95573097346846,36.59676983301255,36.81043616938478,23193500
2015-03-06,36.203617095947266,36.844615972971006,36.02413819284995,36.750602282694636,36248800
2015-03-09,36.62239074707031,36.86169914316372,36.058312026751786,36.058312026751786,32108000
2015-03-10,35.921566009521484,36.50273842347117,35.921566009521484,36.1950585266404,39159700
2015-03-11,35.87882995605469,36.2121487253911,35.75917739888651,36.16087092105483,32215300
2015-03-12,35.05836486816406,35.59680482591244,34.92161857448228,35.32331223854888,59992500
2015-03-13,35.36604309082031,35.44296308097122,34.707950566260074,34.78487055641098,58007700
2015-03-16,35.51988983154297,35.588261357863075,35.28058133869942,35.442969826752055,35273500
2015-03-17,35.63953399658203,35.75064136833063,35.16946886112203,35.35749295913293,31673400
2015-03-18,36.32327651977539,36.605317643573784,35.32331964875818,35.40878487763009,44194800
2015-03-19,36.14379119873047,36.4001901003468,36.083964897029624,36.11814902636659,33879100
2015-03-20,36.64803695678711,36.73350215463985,36.31471812075779,36.374544411312364,71904500
2015-03-23,36.63094711303711,36.86170708382554,36.56257233934188,36.64804080646092,26246100
2015-03-24,36.665130615234375,36.89588730128561,36.53692955828297,36.56256846555793,25513300
2015-03-25,35.43441390991211,36.690772637666605,35.41732021684806,36.68222416099029,43469900
2015-03-26,35.22075271606445,35.56262010606733,34.972899021326825,35.229301193973505,37495600
2015-03-27,35.01563262939453,35.40877782031078,34.895980028706006,35.1438304471513,34401400
2015-03-30,35.007083892822266,35.50279124662001,34.96435128721976,35.12673649262481,35049700
2015-03-31,34.750675201416016,35.06690030606556,34.64811632482739,34.85323407800465,34887200
2015-04-01,34.80196762084961,34.836151750670034,34.45155502295079,34.699405450521446,36865300
2015-04-02,34.43446731567383,34.81906737055978,34.28917251258823,34.75069257845137,37487500
2015-04-06,35.51133346557617,35.70790604298308,34.340443217418255,34.477189499974735,39223700
2015-04-07,35.4942512512207,35.81902499992927,35.30622708958067,35.56262604475497,28809400
2015-04-08,35.40024185180664,35.631001917655674,35.07547132383245,35.43442925273761,24753400
2015-04-09,35.451507568359375,35.57116015940228,35.25493498874766,35.25493498874766,25723900
2015-04-10,35.65660858154297,35.853181050658456,35.39166137867248,35.57968863621197,28022000
2015-04-13,35.69081115722656,35.94721328120267,35.374586000688055,35.383134476974426,30276700
2015-04-14,35.596805572509766,35.92157598913514,35.374590802935685,35.725003391612766,24244400
2015-04-15,36.118141174316406,36.28907482499612,35.62243717366228,35.69080867776123,27343600
2015-04-16,36.032691955566406,36.18653198336007,35.742105598654994,35.853213009903676,22509700
2015-04-17,35.5711555480957,35.673717693084086,35.17801043983807,35.61388814503012,42387600
2015-04-20,36.67367935180664,36.89589084352939,35.62244166885977,35.66517427185007,46057700
2015-04-21,36.44293212890625,36.87881330860336,36.34891841327394,36.75061219450662,26013800
2015-04-22,36.74205780029297,36.861710404750646,36.36600303166717,36.46856194116105,25064300
2015-04-23,37.04118728637695,37.27194726533912,36.57966732845261,36.65658732144,46309500
2015-04-24,40.91281509399414,41.1435750490862,39.01546089705123,39.02400611303756,130933700
2015-04-27,41.04955291748047,41.13502136118336,40.35727645506972,40.36582166929613,59248200
2015-04-28,42.015342712402344,42.058075321982855,40.767532255032265,40.83590377830326,60730800
2015-04-29,41.929874420166016,42.14354071269793,41.45126075119054,41.639288131911066,47804600
2015-04-30,41.5709114074707,42.34011132869568,41.53672401979654,41.622192488981945,64725500
2015-05-01,41.58800506591797,41.776032437677124,41.36579356680248,41.519633550916566,38937300
2015-05-04,41.22903823852539,41.767474804603076,41.177757168299316,41.34014233358319,34039500
2015-05-05,40.68206024169922,41.16067390417749,40.43420982354634,40.87008761986726,50369200
2015-05-06,39.55390930175781,40.82736204168976,39.33169775681858,40.65642832850374,52433000
2015-05-07,39.91285705566406,40.246175891564114,39.45133716274631,39.54535083652085,32971700
2015-05-08,40.810264587402344,41.00683719836875,40.61369197643594,40.63933088995226,35364900
2015-05-11,40.48548126220703,40.9470011575018,40.48548126220703,40.63932122730529,24609400
2015-05-12,40.4683837890625,40.750424785484356,39.67354513042203,40.04105131711764,29928300
2015-05-13,40.70769500732422,41.297412685712956,40.65641393343849,41.186305322438,34184600
2015-05-14,41.6392936706543,41.72475889491985,41.049572538238266,41.049572538238266,32980900
2015-05-15,41.28032302856445,41.80166925300937,41.066656756925624,41.767481867077905,28642700
2015-05-18,41.032470703125,41.21195285494787,40.690606613577295,41.00683179298831,24136500
2015-05-19,40.929256439208984,41.12710658386676,40.5851672336872,40.91205165078511,28574800
2015-05-20,40.929256439208984,41.230332032932154,40.662587140855706,40.7658125899211,25047900
2015-05-21,40.79159927368164,40.94643901643556,40.43890947773689,40.671169091867775,22410700
2015-05-22,40.34430694580078,40.73140320196058,40.27548779178614,40.688392871440364,25720600
2015-05-26,40.07762908935547,40.32709354717932,39.733539955703456,40.28408322584211,29581900
2015-05-27,40.95505905151367,41.092694067581526,40.103440133577976,40.2754847240322,27335600
2015-05-28,40.81740951538086,41.30773429079064,40.765795172162186,40.860419827324854,19283700
2015-05-29,40.30989456176758,40.920649744466445,40.077634855358646,40.80021951480499,36519600
2015-06-01,40.6281623840332,41.092681653485066,40.10342801833498,40.48192665928538,28837300
2015-06-02,40.36149978637695,40.731394456086925,40.103434577189745,40.37010381952026,21498300
2015-06-03,40.30128860473633,41.06688683666133,40.27548306574787,40.74860320890872,28002200
2015-06-04,39.87978744506836,40.56796257686651,39.74215241870873,40.24968219368697,27745500
2015-06-05,39.69052505493164,40.0174093660379,39.4324598752064,39.83676406837791,25438100
2015-06-08,39.33784484863281,39.93999926984605,39.28623048745079,39.82816979469046,22121600
2015-06-09,39.2690315246582,39.518492749497376,39.1055876777371,39.36365293740254,24406100
2015-06-10,40.09482955932617,40.28407889061617,39.30342594968539,39.3894498645794,28417400
2015-06-11,39.9486083984375,40.3615135300324,39.68194234678066,40.13785781430619,27347800
2015-06-12,39.544288635253906,39.974398354474936,39.4840735370811,39.75934349486442,23931000
2015-06-15,39.122772216796875,39.269011199853054,38.72707213801728,39.09696668863007,33254500
2015-06-16,39.42387008666992,39.77656002937415,38.967951418190516,39.01096174652465,27070300
2015-06-17,39.544288635253906,39.63030926650742,39.019554252767975,39.33783452617804,28704100
2015-06-18,40.189456939697266,40.25827279478404,39.71633357951363,39.759347180604536,32658300
2015-06-19,39.656124114990234,40.28408734026386,39.56150271097508,40.2496777670888,63837000
2015-06-22,39.7679557800293,40.18946487097369,39.707740664391196,39.853979717710644,20318100
2015-06-23,39.492679595947266,39.810959912138365,39.24321513771337,39.681928947914656,25896500
2015-06-24,39.26042938232422,39.78516396177546,39.18300947254489,39.286234925091335,34890900
2015-06-25,39.2690315246582,39.6217214785458,39.13999725408657,39.59591265554479,20616000
2015-06-26,38.93352508544922,39.81094918801747,38.73567503508721,39.26901337760355,49835300
2015-06-29,38.16793441772461,38.90772363758672,38.15933366744845,38.744283130526554,34081700
2015-06-30,37.97868728637695,38.469012074936025,37.798038721005284,38.46040804343061,35945400
2015-07-01,38.23675537109375,38.907725494869155,37.93567659342973,38.245356121780475,28343900
2015-07-02,38.193748474121094,38.49482399726304,37.90127370243588,38.26256433020622,21752000
2015-07-06,38.18514633178711,38.262566224639215,37.80665090088638,37.81525165276895,23034000
2015-07-07,38.107723236083984,38.27116704141101,37.26470851892371,38.14213280367672,36435800
2015-07-08,38.056121826171875,38.62386670965807,37.875473191193414,38.22816314485184,39785900
2015-07-09,38.296966552734375,38.89912076498811,38.279761771644104,38.494816613057836,32424700
2015-07-10,38.37440490722656,38.8303203405107,38.33999532847507,38.71849085030737,25465800
2015-07-13,39.17439651489258,39.243212367992875,38.66686688255468,38.69267241728267,28178300
2015-07-14,39.24321365356445,39.53568842214507,38.97654770203425,39.09697791001267,22880300
2015-07-15,39.363651275634766,39.47548075331069,39.07978048642995,39.29483540731874,26629600
2015-07-16,40.137847900390625,40.16365343927946,39.54429753560511,39.57870382696439,26271700
2015-07-17,40.103431701660156,40.24106668878966,39.79375216024953,40.0432165998833,29467100
2015-07-20,40.36149978637695,40.542148386137455,39.94859479538198,40.12924339514248,30631900
2015-07-21,40.67117691040039,40.71419051058247,39.98300196668778,40.24106716039539,42781900
2015-07-22,39.17439651489258,40.37010108561823,38.88192175589316,39.088372596671014,59152400
2015-07-23,39.664710998535156,39.76793639194956,38.79588769965862,38.94212668168212,33934000
2015-07-24,39.518497467041016,39.845381918427435,39.39806721691923,39.49269192243726,32333200
2015-07-27,39.01095962524414,39.578704460224756,38.924938973253376,39.51848934753572,39701400
2015-07-28,39.00235366821289,39.260418871226825,38.52923358244116,39.208807799510296,34328900
2015-07-29,39.819576263427734,40.2410821376854,38.93354761724293,39.05398114850903,40945900
2015-07-30,40.32707977294922,40.774394181320005,39.50987082076175,39.793741469809405,39777900
2015-07-31,40.172245025634766,40.74859042541809,40.00020049623738,40.67977458254501,31201500
2015-08-03,40.266876220703125,40.4303167453633,39.95719667378742,40.41311196148165,24125900
2015-08-04,40.89484405517578,41.04107982452373,40.155054611120555,40.21526972573178,33403900
2015-08-05,40.929256439208984,41.64323711067158,40.894846862361234,41.27334236325291,26959700
2015-08-06,40.103431701660156,41.092685427668876,39.853970543503316,41.04107107694146,27368000
2015-08-07,40.206661224365234,40.24106751074268,39.79375297306583,39.90558242785429,19163000
2015-08-10,40.714202880859375,40.85183791141982,40.292693753936646,40.387318452724074,23079900
2015-08-11,39.92278289794922,40.378698137587534,39.48407244037907,40.275472726655146,29237400
2015-08-12,40.206661224365234,40.344296214306034,39.32063290023663,39.73353787005904,30181400
2015-08-13,40.198062896728516,40.51634324086127,39.991612023255506,40.481936949600744,22627200
2015-08-14,40.43032455444336,40.51634520898942,40.01741950596253,40.02602025882609,21473400
2015-08-17,40.70559310913086,40.81742258116338,40.060428379022305,40.26688253650715,21099700
2015-08-18,40.93072509765625,41.069267718910154,40.43716680299441,40.558391183702,23574100
2015-08-19,40.35922622680664,40.76619651955149,40.09079852048959,40.50642627977302,31485500
2015-08-20,39.53662872314453,40.23800243466589,39.53662872314453,39.89164431223453,36238200
2015-08-21,37.293975830078125,39.38077584625458,37.293975830078125,39.22491499001597,70053100
2015-08-24,36.090389251708984,36.964938971018356,34.39324123410623,35.02534218036286,88753700
2015-08-25,35.04264450073242,37.441165340376514,34.97337156669498,36.86101607871646,70616600
2015-08-26,36.98225021362305,37.09481710971609,35.55353025307851,36.37612509258165,63408000
2015-08-27,38.01266098022461,38.055954920579765,37.172744664247816,37.43251160949464,50943200
2015-08-28,38.03863525390625,38.22913254804704,37.571052788169276,37.57971355778429,28246700
2015-08-31,37.68361282348633,38.03862834152523,37.31993653740624,37.71824928942066,34441700
2015-09-01,36.211612701416016,36.87835011317888,36.07307007709624,36.51467365989154,49688900
2015-09-02,37.545082092285156,37.56240033070882,36.263562176980045,36.679189989799305,37671500
2015-09-03,37.66631317138672,38.08194105828318,37.47581581789037,37.58838273614883,28285200
2015-09-04,36.895652770996094,37.267986535932344,36.54063723967494,37.068831804031724,37138800
2015-09-08,38.00399398803711,38.0992426230933,37.40652978147832,37.493117648011925,32469800
2015-09-09,37.293975830078125,38.445614011939405,37.15543321376786,38.28109238417835,33469500
2015-09-10,37.484466552734375,37.91741256520823,37.016884066514784,37.337263190872974,31366600
2015-09-11,37.64898681640625,37.744235472628056,37.18140430574437,37.35458338040982,27132500
2015-09-14,37.26799392700195,37.61434875864774,37.11213309667076,37.605691291680884,23656000
2015-09-15,38.08193588256836,38.35036363482059,37.302634939221086,37.39788029990764,28882200
2015-09-16,38.3590202331543,38.42829318820999,37.96071065093296,38.07327755134031,23372200
2015-09-17,38.31572341918945,38.965142460192666,38.168523355391095,38.350359894124146,32768200
2015-09-18,37.64898681640625,38.09059362195895,37.51910498774425,37.666305054184406,63143700
2015-09-21,38.19449996948242,38.50622164508493,37.75289316134016,37.77021139921987,26177200
2015-09-22,38.01266098022461,38.14254280129006,37.50178455655562,37.56239673367602,28085900
2015-09-23,37.9866828918457,38.24644984337239,37.67496122876728,38.03863760339744,17145200
2015-09-24,38.02132797241211,38.211825321438575,37.467157469553385,37.623018336372,27905600
2015-09-25,38.04729461669922,38.73135011328407,37.89143378701873,38.51487710574071,29384600
2015-09-28,37.484466552734375,38.17717951206936,37.415193605242905,37.952049038953966,27613800
2015-09-29,37.61435317993164,37.726920082428,37.27665577555892,37.553740994691225,32763600
2015-09-30,38.324378967285156,38.359015440485436,37.80484508174449,37.995342381230145,34958900
2015-10-01,38.62745666503906,38.74868106052858,37.882788746326824,38.74868106052858,28657900
2015-10-02,39.458717346191406,39.458717346191406,38.0299935308205,38.333057859929376,41839000
2015-10-05,40.37655258178711,40.60168309133239,39.57127260402867,39.614566551658555,34369300
2015-10-06,40.48046875,40.85280273751141,40.02154684576759,40.116795536031056,27017200
2015-10-07,40.52374267578125,40.99998258855603,39.78773583813983,40.78350960064789,27711500
2015-10-08,41.08657455444336,41.14718672797213,40.26397652397555,40.315931231192664,33772700
2015-10-09,40.79218292236328,41.16451684038807,40.62766128693294,41.08658640863598,28600600
2015-10-12,40.696937561035156,40.75754975698309,40.263991416768825,40.67961931889047,19769100
2015-10-13,40.60167694091797,40.809492482424204,40.31593428735236,40.31593428735236,19987800
2015-10-14,40.41984176635742,40.783514847333116,40.289956635656914,40.393866061463754,24697800
2015-10-15,40.70558166503906,40.72289990149738,40.28995389938708,40.70558166503906,27189400
2015-10-16,41.13853454589844,41.164513556487776,40.61034310962263,40.71424924263074,26450300
2015-10-19,41.23377227783203,41.45890602662551,40.7142384474272,41.06059323332524,29387600
2015-10-20,41.36366653442383,41.398303011608036,40.714247451243224,41.07792055232856,30802200
2015-10-21,40.8701057434082,41.5541612610586,40.792175326168085,41.493545778213125,25144300
2015-10-22,41.58879470825195,42.385417123436945,40.77485735855771,41.155848676966826,56637100
2015-10-23,45.77971649169922,46.818787719749885,45.24286429006765,45.28615823642052,135227100
2015-10-26,46.97465133666992,47.03526352575823,45.45934000322895,45.485315711947784,64633300
2015-10-27,46.489749908447266,47.07855685450599,46.39450454336068,46.74952020467993,50999900
2015-10-28,46.7408561706543,46.7408561706543,45.77105792259111,46.359864827551405,47000800
2015-10-29,46.2039909362793,46.61096117415434,46.082766602388524,46.35985173788611,30202100
2015-10-30,45.58056640625,46.749522897274865,45.56324816529592,46.16937338622177,46619800
2015-11-02,46.100101470947266,46.20400760847337,45.5632459369765,45.76240074353344,30285000
2015-11-03,46.88805389404297,47.0958661277232,45.80568887620371,45.83166457963476,36596900
2015-11-04,47.10453414916992,47.520161983630565,46.81013068687074,46.9140368197068,37087800
2015-11-05,47.08721160888672,47.36429680655145,46.75817169799131,47.18246026491824,31468500
2015-11-06,47.55480194091797,47.606756666303426,46.723546153451935,46.83611307356199,32851200
2015-11-09,46.8967170715332,47.511499683781544,46.377183120951905,47.23441446972268,32513100
2015-11-10,46.33388137817383,46.870736818565675,46.126069139345226,46.818782107300535,55283700
2015-11-11,46.45511245727539,46.931352451355146,46.29059084438361,46.49840640162515,36516300
2015-11-12,46.16937255859375,46.74086128736699,46.05680564596847,46.30791518062615,35361100
2015-11-13,45.75373840332031,46.143390506449954,45.48531066491629,45.95289318867186,36848200
2015-11-16,46.55901336669922,46.66291948211763,45.76239100684912,45.961549074148536,32165200
2015-11-17,46.17545700073242,46.663622803855986,46.0708471925944,46.34980003020219,31551300
2015-11-18,46.942588806152344,47.05591446739311,46.18418577405412,46.201620746966626,29710000
2015-11-19,47.021034240722656,47.64867982681802,46.88155781329928,47.06462332616398,28149200
2015-11-20,47.23896026611328,47.33485092109264,46.436971743340294,47.291265166660175,37147600
2015-11-23,47.23896026611328,47.47432733050446,46.85540097157575,47.291265166660175,28235900
2015-11-24,47.291259765625,47.45688694370438,46.70720340709807,47.00358783354133,24600000
2015-11-25,46.80310821533203,47.27384246625883,46.80310821533203,47.15180099202909,21005100
2015-11-27,47.012325286865234,47.14308591153129,46.890283810713356,46.898999633846714,9009100
2015-11-30,47.37844467163086,47.91019961143944,47.07334101373108,47.54407522195971,56241400
2015-12-01,48.1368522644043,48.14556808685805,47.334860258055734,47.43075093194985,39952800
2015-12-02,48.128135681152344,48.78193213758112,47.99737838509503,48.22402636015615,47274900
2015-12-03,47.24768829345703,48.61630185725238,47.01232118482349,48.372218926245985,38627800
2015-12-04,48.73834991455078,49.017302823537676,47.160519821221634,47.177954793705936,43963700
2015-12-07,48.65116882324219,48.79064525034482,48.19786960381355,48.63373385418181,30709800
2015-12-08,48.63375473022461,48.90398855320741,47.936372295359995,48.35480175627877,32878000
2015-12-09,47.92763137817383,48.70346919245212,47.51791792890677,48.267604952935756,36373200
2015-12-10,48.18043518066406,48.52040876774254,47.953783905691495,48.2850416708312,31775800
2015-12-11,47.12564468383789,48.03223981149088,47.08205559781521,47.69226622294846,39549500
2015-12-14,48.06712341308594,48.12814416040618,46.79440021843327,47.36102524398561,46768900
2015-12-15,48.119407653808594,48.7296181901185,48.023516999125334,48.52040191395685,39843000
2015-12-16,48.93012619018555,49.03473268881511,47.73585563975724,48.41580619430097,37503300
2015-12-17,48.55528259277344,49.50546687841326,48.407087004909286,49.13062332281531,41280900
2015-12-18,47.186668395996094,48.81679988978041,47.0994935438217,48.616302717850196,84684200
2015-12-21,47.7968864440918,48.25018244390839,47.27384722638009,47.840472214222494,37246300
2015-12-22,48.25015640258789,48.3634820040691,47.50918873413386,47.93633703179113,28322200
2015-12-23,48.65987777709961,48.712182676898266,48.32862006246782,48.55527130288215,27279800
2015-12-24,48.52911376953125,48.78191577933525,48.31990083584351,48.694744277861965,9558500
2015-12-28,48.77320098876953,48.77320098876953,47.92762344003708,48.25016199275144,22458300
2015-12-29,49.296241760253906,49.55775962263323,48.86909669428969,49.06959383295984,27731400
2015-12-30,49.08702850341797,49.496738599359915,49.069593535980864,49.226504917534804,21704500
2015-12-31,48.36349105834961,48.982417422023936,48.311186157401664,48.85166015772397,27334100
2016-01-04,47.770713806152344,47.770713806152344,46.5415769427363,47.352284589391545,53778000
2016-01-05,47.98865509033203,48.285042924652224,47.54407500154197,47.88404859744857,34079700
2016-01-06,47.11692810058594,47.422035092446684,46.75951952326034,47.352295211319465,39518900
2016-01-07,45.478084564208984,46.62876950455857,45.39091302458876,45.94010303526317,56564900
2016-01-08,45.617549896240234,46.445689236415,45.46063851432964,45.652416505813676,48754000
2016-01-11,45.591392517089844,46.07084244953188,44.85914056241081,45.774454674414656,36943800
2016-01-12,46.00982666015625,46.28877949893389,45.382184435596635,45.99239169206013,36095500
2016-01-13,45.01607131958008,47.13437241054256,44.719683416821255,46.89900525317104,66883600
2016-01-14,46.297508239746094,46.56774198778521,44.95504534657213,45.329888924865905,52381900
2016-01-15,44.449440002441406,45.303733578067025,43.88281511766029,44.7283928709975,71820700
2016-01-19,44.074588775634766,45.0509236453179,43.63872457885373,44.8765773015295,43564500
2016-01-20,44.27508544921875,44.78940532911651,42.80186235109168,43.56898426059916,63273000
2016-01-21,44.00485610961914,44.9637594946955,43.84794470706811,44.45815534750207,40191200
2016-01-22,45.58269500732422,45.617564953787635,44.684812175487316,44.81557281203458,37555800
2016-01-25,45.146820068359375,45.89650711465909,45.024778609730184,45.2775773488705,34707700
2016-01-26,45.478084564208984,45.71345171164087,44.93761370272525,45.14683005334729,28900800
2016-01-27,44.649932861328125,45.50422635453675,44.475586503955306,45.33859581861149,36775200
2016-01-28,45.38218307495117,45.5129403436815,44.67608185243922,45.20783672459735,62513800
2016-01-29,48.023521423339844,48.023521423339844,47.07333726043802,47.70969864287609,83611700
2016-02-01,47.69225311279297,48.02351078829944,47.509190973189185,47.84044864869565,44208500
2016-02-02,46.20161437988281,47.299990918954066,45.896510709413185,47.22153521435036,56313800
2016-02-03,45.46936798095703,46.541593862206284,44.684810835954636,46.41955237862392,57559800
2016-02-04,45.32988739013672,46.03598875623552,44.780697438726534,45.41705892035007,46987100
2016-02-05,43.72589874267578,45.329879217223514,43.20286300493679,45.27757431329756,62009000
2016-02-08,43.072105407714844,43.21158183585156,42.008595564809674,43.194146866661924,59290500
2016-02-09,42.958778381347656,43.795640248483444,42.42702347709249,42.73213043997312,46740500
2016-02-10,43.333621978759766,43.926397611683335,43.16799476455886,43.49053337132072,38237000
2016-02-11,43.31618881225586,43.68231651859082,42.28754889617344,42.43574447326009,48878600
2016-02-12,44.02229309082031,44.17920450054081,43.368496658778426,43.80436094680635,34243300
2016-02-16,44.856380462646484,44.856380462646484,44.01351328612884,44.689564047270004,37291200
2016-02-17,46.02410125732422,46.33139887929198,45.172455694699934,45.207575997083055,40789000
2016-02-18,45.822166442871094,46.48943881879846,45.74314743386013,45.94508750630988,27176000
2016-02-19,45.49730682373047,45.901180224119116,45.242689673776525,45.62900627350144,33559100
2016-02-22,46.22604751586914,46.53334182975916,45.90118969917761,45.90118969917761,25008300
2016-02-23,44.93539047241211,45.980194158108745,44.759792341816635,45.95385561075894,28895300
2016-02-24,45.09343719482422,45.216354905287666,44.07497185908314,44.5051838457052,33014500
2016-02-25,45.743141174316406,45.743141174316406,44.43494185324168,45.41828678139434,26939500
2016-02-26,45.04076385498047,46.25238769811877,44.86516566261512,46.18214708146985,35975900
2016-02-29,44.67201614379883,45.34806709029747,44.47885777358283,45.08466809481843,31654000
2016-03-01,46.16457748413086,46.173355884150965,44.70711523584831,44.751017283716884,33024500
2016-03-02,46.489444732666016,46.49822313511436,45.79583371525373,46.015330618288736,29289900
2016-03-03,45.962650299072266,46.507005031760585,45.462197626533325,46.507005031760585,24427800
2016-03-04,45.681678771972656,46.0504351846287,45.40072310007082,46.0065364888795,33034200
2016-03-07,44.80370330810547,45.47975411904034,44.40861159262662,45.269038984019176,38407800
2016-03-08,45.348060607910156,45.769494251473475,44.42617095402996,44.6017691428289,33835100
2016-03-09,46.39286804199219,46.40164644491028,45.53244053796319,45.558779095974586,28251600
2016-03-10,45.699249267578125,46.480657616314026,44.917840918842224,46.471879214878854,38387800
2016-03-11,46.594791412353516,46.594791412353516,45.9889813073753,46.53333256181614,32275700
2016-03-14,46.68259048461914,47.05134695030143,46.20847981339374,46.27871706684124,24083600
2016-03-15,47.05134582519531,47.05134582519531,46.30505786022264,46.31383626072256,21104800
2016-03-16,47.71860885620117,47.938105683229246,46.884523592899114,46.928422288453575,31691700
2016-03-17,47.99079513549805,48.28931101025899,47.41132353734519,47.59570010283555,28223900
2016-03-18,46.96354293823242,48.2629637621125,46.92842264182209,48.21906171697168,67625500
2016-03-21,47.288414001464844,47.3498728672523,46.47188524256638,46.752841014525316,23925700
2016-03-22,47.472782135009766,47.63082014721754,46.93720924355634,47.06890870348162,23124100
2016-03-23,47.38497543334961,47.62203240516263,47.18303875719535,47.50789311889953,20129000
2016-03-24,47.59569549560547,47.70105639362088,47.17426195131209,47.27084109986484,19950000
2016-03-28,47.007450103759766,47.66594070844698,46.82307353826888,47.5957001029706,17025100
2016-03-29,48.034690856933594,48.16639030939633,46.92842818342022,47.11280473746309,23924300
2016-03-30,48.33319854736328,48.85121117067332,48.201502466406545,48.227841012746765,23008300
2016-03-31,48.49124526977539,48.80732127988791,48.166390859051404,48.24540986157954,26360500
2016-04-01,48.789764404296875,48.82488470761257,47.91177691694331,48.333210508962246,24399200
2016-04-04,48.666847229003906,48.868783951412894,48.28931233733513,48.666847229003906,18928800
2016-04-05,47.902992248535156,48.55270102859097,47.815191501733,48.456121881736614,19272300
2016-04-06,48.39466857910156,48.464909184592095,47.595700112557076,47.72739957322361,21188700
2016-04-07,47.815185546875,48.21028048513988,47.613248878263086,48.175160190792866,19225100
2016-04-08,47.78007888793945,48.535148685602955,47.69228147627203,47.999575766364586,22167200
2016-04-11,47.683494567871094,48.42100408177498,47.67471281871711,47.84153256008307,21414200
2016-04-12,47.98201370239258,48.096149655194345,47.20060208750238,47.73617494801724,24944300
2016-04-13,48.59661102294922,48.675630038809985,48.19273754155279,48.394674282251,20818000
2016-04-14,48.605384826660156,48.79854313368176,48.35076766726918,48.48246712192142,20877100
2016-04-15,48.86000442504883,49.09705809644609,48.38589038374145,48.552706798606,28793800
2016-04-18,49.5711669921875,49.68530629011879,48.47368276007607,48.719521505563165,23786000
2016-04-19,49.50972366333008,49.84335991227122,48.88635322789944,49.720442175623724,29596800
2016-04-20,48.807308197021484,49.606276408749714,48.7195108174161,49.4218999020252,36195700
2016-04-21,48.97414016723633,49.369235199897744,48.6580641411072,48.991700318605325,38909100
2016-04-22,45.462188720703125,46.032881898279385,44.57542287706439,45.57632802606963,126834100
2016-04-25,45.75193786621094,45.76949802146294,45.33050418793454,45.46220032843876,33226900
2016-04-26,45.163673400878906,45.96264184956838,44.85637913186616,45.88362284478562,33532600
2016-04-27,44.72467803955078,45.21635220125786,44.38226348109215,45.198792050919444,43369300
2016-04-28,43.811580657958984,44.57542889866174,43.51306475308276,44.44372942473583,43134800
2016-04-29,43.78524398803711,44.118880239079864,43.32868999957259,43.32868999957259,48411700
2016-05-02,44.43494415283203,44.55786185655533,43.70621298182075,43.89937128724662,33114500
2016-05-03,43.706214904785156,44.25934794513268,43.54817689325729,44.197889090567,26460200
2016-05-04,43.78524398803711,43.95206378818706,43.42526917876316,43.75890542980592,24257600
2016-05-05,43.84669494628906,44.16277098506814,43.66231837342011,43.78523608866608,25390700
2016-05-06,44.24178695678711,44.24178695678711,43.60085652183246,43.8291317845775,24787300
2016-05-09,43.96084213256836,44.417396120424186,43.89938326393942,44.329598693599166,17951600
2016-05-10,44.79491424560547,44.865151490811215,44.06618314971751,44.18910419002537,22891000
2016-05-11,44.821258544921875,45.462188979970655,44.77735984237865,44.89149914839609,24039100
2016-05-12,45.225135803222656,45.48853473933671,44.70712303105848,44.952961814814486,24102800
2016-05-13,44.84759521484375,45.567544570198194,44.81247491720306,45.16366784584215,22592300
2016-05-16,45.50608444213867,45.62022038237203,44.55785652808539,44.60175522427174,20032000
2016-05-17,44.65731430053711,45.73595179351742,44.524697092950625,45.72711199541757,27803500
2016-05-18,44.92256546020508,45.21432607998232,44.47165808507359,44.63080146774562,24907500
2016-05-19,44.489349365234375,44.75458726165398,44.04728508030742,44.6219699997856,23842400
2016-05-20,44.754573822021484,45.285052828242655,44.56006788848736,44.63079639904109,23905800
2016-05-23,44.232940673828125,44.807625455631424,44.18873493046219,44.7368935681003,26118700
2016-05-24,45.6121826171875,45.718277076943394,44.560071073959875,44.82530890969065,34757900
2016-05-25,46.08078384399414,46.40791386963388,45.789023146136365,45.903957441182975,24040200
2016-05-26,45.87742614746094,45.95699784532522,45.4088391337504,45.91279209599673,24335200
2016-05-27,46.25760269165039,46.25760269165039,45.77133269285346,45.90394994378941,17721400
2016-05-31,46.85882568359375,46.85882568359375,46.04542881891764,46.204568897615594,37653100
2016-06-01,46.72618103027344,46.814595887145316,46.36368854880357,46.36368854880357,25324800
2016-06-02,46.39905548095703,46.628930741043796,45.83321387563885,46.54051588228658,22840800
2016-06-03,45.78901290893555,46.34601140013852,45.62102634611485,46.3106488256289,23368300
2016-06-06,46.089603424072266,46.2841093321747,45.877411174791604,45.96582601727579,18243300
2016-06-07,46.063087463378906,46.62008928972308,46.063087463378906,46.18686827020816,20866800
2016-06-08,46.01005172729492,46.36370113272327,45.85974811615867,45.99236875112108,21149400
2016-06-09,45.638710021972656,45.9746797801014,45.52377575085374,45.9746797801014,20305700
2016-06-10,45.51493453979492,46.018887512372984,45.12591921597332,45.13475901694725,25833200
2016-06-13,44.3302001953125,44.842996318114416,43.3753432176806,43.835090419015366,83217800
2016-06-14,44.05612564086914,44.294837372606096,43.82625033764318,44.118014367272444,42577100
2016-06-15,43.93233871459961,44.312514194101624,43.93233871459961,44.01191040502287,33757600
2016-06-16,44.551231384277344,44.62196327809863,43.773197415654856,43.78204058872368,31188600
2016-06-17,44.32136535644531,44.5866032481092,44.047284290539054,44.56892027230724,45710500
2016-06-20,44.26831817626953,44.94025779253385,44.23295222326974,44.77227120212632,35607900
2016-06-21,45.2585334777832,45.47072578665242,44.34788226689294,44.3832482138182,34097800
2016-06-22,45.08170700073242,45.497245040567556,45.046341056543284,45.16127868881695,28816800
2016-06-23,45.89510726928711,46.02772788460218,45.22317113764053,45.33810540671909,29028800
2016-06-24,44.05612564086914,45.03750546212838,43.782044586309766,44.03844266579925,133503000
2016-06-27,42.818336486816406,43.454909981442015,42.47352696812154,43.41070086556256,50216300
2016-06-28,43.711299896240234,43.73782603742493,43.03052073231512,43.25155279699152,38140700
2016-06-29,44.683841705322266,44.842985057076994,44.02958532892152,44.1268399741807,31304000
2016-06-30,45.240848541259766,45.3557861774384,44.64848413303565,44.842993460002226,28527800
2016-07-01,45.232017517089844,45.727130730573855,45.15244581086353,45.20549473924202,21400400
2016-07-05,45.240848541259766,45.33810320474305,44.860676432697566,44.94024812348551,24806400
2016-07-06,45.42652893066406,45.56798937337079,44.55124012269659,44.89604974100157,28167500
2016-07-07,45.42652893066406,45.629878106262304,45.15244784737096,45.4618915118285,19585200
2016-07-08,46.239925384521484,46.2929743150075,45.576828930519696,45.73597234929476,28391000
2016-07-11,46.49633026123047,46.70852264139521,46.390235757489826,46.41675854025412,22269200
2016-07-12,47.04446029663086,47.212446811661785,46.673128074800935,46.80574528001959,27317600
2016-07-13,47.30970764160156,47.619154595017456,47.01794703300712,47.353916758291035,25356800
2016-07-14,47.51305389404297,47.73408595772953,47.37159350819084,47.60146537044494,24545500
2016-07-15,47.477691650390625,47.74292947292606,47.044467287859966,47.6987237312838,32024400
2016-07-18,47.70756912231445,48.04353886900182,47.3450766020694,47.47769721522244,31433900
2016-07-19,46.93838882446289,47.65453422470036,46.79692837940546,47.48654762747507,53336500
2016-07-20,49.431617736816406,50.25385740245825,49.09564800707362,49.64381003262294,89893300
2016-07-21,49.334354400634766,49.714529808125334,49.29898846210505,49.49349775133693,32776700
2016-07-22,50.01515197753906,50.06820090488925,49.31668961116733,49.58193087523552,32157200
2016-07-25,50.156612396240234,50.1654555704707,49.741070897160625,49.92674045648982,25610600
2016-07-26,50.18312072753906,50.65171101906179,49.96208865296401,49.97093182464883,28079000
2016-07-27,49.67917251586914,50.218491367926134,49.6084439991815,50.05050818969614,32327500
2016-07-28,49.696861267089844,49.83832168959662,49.26364019871143,49.511195094927665,37550400
2016-07-29,50.11239242553711,50.183120935900256,49.5553906509444,49.741056784914704,30558700
2016-08-01,50.02398681640625,50.174287026496835,49.6349681593582,50.041666416560965,26003400
2016-08-02,50.02398681640625,50.30690763643271,49.785271742131,50.262698517999276,35122000
2016-08-03,50.36880874633789,50.4925862139649,49.94442741189541,50.11241063614877,22075600
2016-08-04,50.74013137817383,50.8550690214152,50.10355781275379,50.21849545599517,26587700
2016-08-05,51.244075775146484,51.46510785151204,50.79317182334076,50.96999815896957,29335200
2016-08-08,51.3325080871582,51.35903086608411,51.084949784012146,51.3325080871582,19473500
2016-08-09,51.45627212524414,51.72150996334023,51.29712874785007,51.429745980557065,16920700
2016-08-10,51.2971305847168,51.56236843231063,51.120304228760176,51.420908022081775,15756900
2016-08-11,51.54469299316406,51.67731362268578,51.305977883634604,51.305977883634604,18162300
2016-08-12,51.22639465332031,51.44742673766397,50.943473855174986,51.305966338591304,21655200
2016-08-15,51.38554000854492,51.72150973407451,51.24407960400858,51.2882853480483,19283900
2016-08-16,51.100833892822266,51.26096909329854,50.94959697776219,51.25207420158387,20523500
2016-08-17,51.20760726928711,51.314362968211405,50.9140248551172,51.18981408718265,18856400
2016-08-18,51.24320602416992,51.3321719620963,50.949626913271715,51.08307072960598,14214300
2016-08-19,51.260986328125,51.35884713839649,50.88733966385494,51.091956179103214,17271000
2016-08-22,51.30546951293945,51.3766422480613,50.940717729697,51.24319506655924,15221900
2016-08-23,51.50119400024414,51.759190088830955,51.46560763070741,51.51009228947982,18732400
2016-08-24,51.5545768737793,51.63464451354043,51.34996032632379,51.421129676276344,18151500
2016-08-25,51.75029373168945,51.85705284428549,51.403335100010125,51.49230102717349,18552600
2016-08-26,51.62574768066406,52.22180754764128,51.32327029899725,51.848157420310145,20971200
2016-08-29,51.68801498413086,52.132834401872785,51.68801498413086,51.75918771994692,16417200
2016-08-30,51.50119400024414,51.76808498436364,51.25209620089301,51.58126163485029,16930200
2016-08-31,51.11865234375,51.42112971712084,50.97631025002861,51.2876859132151,20860300
2016-09-01,51.234310150146484,51.43892671291963,50.71831790112453,50.71831790112453,26075400
2016-09-02,51.30546951293945,51.768082110123046,51.08305980623789,51.30546951293945,18900500
2016-09-06,51.25210189819336,51.421132081728125,50.896244950674166,51.40333889498183,16278400
2016-09-07,51.29657745361328,51.45671272278703,51.07416773461674,51.12754728890899,17493400
2016-09-08,51.09196853637695,51.41223912247167,50.869558784222676,51.26989701684107,20146100
2016-09-09,50.00660705566406,51.172035359943116,50.00660705566406,50.52259930134139,35113900
2016-09-12,50.753902435302734,50.896244534405554,49.472823543377345,49.819782197834016,29303000
2016-09-13,50.291282653808594,50.3980417583179,49.86425641687991,50.264594574532694,30130200
2016-09-14,50.05106735229492,50.380236085714934,49.84645087659443,50.16672132332633,24062500
2016-09-15,50.878448486328125,51.02079057742542,49.80198621029836,49.953226591047255,26847000
2016-09-16,50.93183135986328,51.269895120873116,50.48701187200421,51.269895120873116,44607000
2016-09-19,50.64714050292969,51.37664409564872,50.57596776524835,50.9496178506695,20937100
2016-09-20,50.54039001464844,51.02079246884663,50.48701045586941,51.02079246884663,17384000
2016-09-21,51.38553237915039,51.465600001888,50.78058115521371,51.163122693068416,33707300
2016-09-22,51.438926696777344,51.59906198823712,51.269896508549124,51.52788923927568,19822200
2016-09-23,51.09196853637695,51.518994853268744,51.047487264686794,51.48340847843522,19955300
2016-09-26,50.620460510253906,50.83397197000256,50.55818605168526,50.78059580191713,21688700
2016-09-27,51.5545768737793,51.65243769945437,50.4247350210181,50.647144754387554,28065100
2016-09-28,51.62574768066406,51.65243915713984,51.30547711258117,51.49230387309839,20536400
2016-09-29,51.06528091430664,51.750299970683,50.89624732916919,51.43003277539297,25463500
2016-09-30,51.24320602416992,51.39444642179299,51.01190137296841,51.21651793964377,29910800
2016-10-03,51.08306121826172,51.198715219180194,50.762794082469085,51.074166322977014,19189500
2016-10-04,50.92293167114258,51.24319882155097,50.682728763058996,50.94961975191752,20085900
2016-10-05,51.278785705566406,51.56346988236196,50.94072197298304,50.9674134477285,16726400
2016-10-06,51.36775588989258,51.47451161661441,50.95851938233606,51.36775588989258,16212600
2016-10-07,51.42112731933594,51.58126259151823,51.08306358987297,51.46560858523034,20089000
2016-10-10,51.63465118408203,51.94602349354333,51.48341078112679,51.518997157551986,18196500
2016-10-11,50.878448486328125,51.61685041706627,50.611557489733585,51.50119640751748,26497400
2016-10-12,50.80727005004883,50.949612115686286,50.17562734588904,50.80727005004883,22177500
2016-10-13,50.638248443603516,50.97631220177406,50.10446642013705,50.44253017830759,25313700
2016-10-14,51.08306121826172,51.36774877291555,50.81617024158307,50.81617024158307,27402500
2016-10-17,50.9051399230957,51.11865136272866,50.59376426588485,51.02968882849879,23830000
2016-10-18,51.29657745361328,51.55457354213798,51.07416773461674,51.180923449498245,19149500
2016-10-19,51.18092727661133,51.45671657052257,51.06527665755137,51.12755111203081,22878400
2016-10-20,50.93183135986328,51.17203429055158,50.406944228441446,51.15424110379281,49455600
2016-10-21,53.07585906982422,53.77867464751115,52.92462207887306,53.62743426285676,80032200
2016-10-24,54.26797103881836,54.26797103881836,53.31605771996155,53.32495261542714,54067000
2016-10-25,54.25907516479492,54.59713548563765,54.09004161067065,54.13452287460229,35137200
2016-10-26,53.93879318237305,54.44588694967479,53.79645113179189,54.09892841348962,29911600
2016-10-27,53.46729278564453,54.116732123591916,53.458397890497224,53.92101049332268,28479900
2016-10-28,53.26268005371094,53.84094669685387,53.00468735163006,53.387228956860966,33574700
2016-10-31,53.30715560913086,53.75197501198557,53.30715560913086,53.520670415730315,26434700
2016-11-01,53.20040512084961,53.396126763287924,52.71110440845686,53.35164549738005,24533000
2016-11-02,52.871238708496094,53.316058146801666,52.75558470429981,53.21819732738196,22147000
2016-11-03,52.67551803588867,53.05806303134476,52.586555504076905,52.960202210129985,21600400
2016-11-04,52.23069763183594,52.737791520012756,52.061667467011326,52.177321471208685,28697000
2016-11-07,53.751983642578125,53.84094957365535,53.1826152584969,53.1826152584969,31664800
2016-11-08,53.79646682739258,54.07225272189908,53.51178264317111,53.867636176596356,22935400
2016-11-09,53.52955627441406,53.90320627446283,52.666609086264984,53.378319331950564,49632500
2016-11-10,52.221797943115234,53.81425220058907,51.26988470400019,53.80535391216593,57822400
2016-11-11,52.5064811706543,52.59544369111871,51.60794410293169,51.80366572039654,38767800
2016-11-14,51.705806732177734,52.55986256973865,50.95850999537615,52.50648301935899,41328400
2016-11-15,52.72684860229492,53.28215336779802,52.234242401682906,52.2432008037942,35904100
2016-11-16,53.425453186035156,53.43440817086913,52.67310804470474,52.789539930691895,27332500
2016-11-17,54.31214904785156,54.58980143836419,53.71206592153548,54.106150209714876,32132700
2016-11-18,54.05239486694336,54.75995812313204,54.007613117598304,54.43752406124209,27686300
2016-11-21,54.50920104980469,54.60772299073668,54.115113286076685,54.18676684916539,19652600
2016-11-22,54.7420654296875,54.86745574189598,54.46441642883437,54.61667511747902,23206700
2016-11-23,54.09718704223633,54.72413844755753,53.962838360165264,54.64352992164067,21848900
2016-11-25,54.21363067626953,54.21363067626953,53.85537314078827,54.00763182462613,8409600
2016-11-28,54.28528594970703,54.65250189974781,53.92702498626881,54.04346031188069,20732600
2016-11-29,54.715179443359375,55.00178675520083,54.204659955602494,54.32109524373454,22366700
2016-11-30,53.9717903137207,54.7957889120018,53.93596696159183,54.50918159519848,34655400
2016-12-01,53.02241897583008,53.873286168917474,52.78954833353014,53.837459390620616,34542100
2016-12-02,53.06718826293945,53.26423208061252,52.66414564343947,52.91492961592214,25515700
2016-12-05,53.93598175048828,54.267370910789,53.344853570419325,53.470243878823396,23552700
2016-12-06,53.69414520263672,54.150924578466736,53.559796518589025,54.12405620830879,19907000
2016-12-07,54.96596908569336,54.97492748752493,53.55980066150881,53.74788610042106,30809000
2016-12-08,54.6435432434082,55.15406630976335,54.49128455546156,54.90328226986632,21220800
2016-12-09,55.50336837768555,55.5212817672791,54.75102309790489,54.79580486357391,27349400
2016-12-12,55.6824836730957,55.79891897253291,55.279444450618215,55.36900796302899,20198100
2016-12-13,56.407955169677734,56.80203937086093,55.74517703965924,55.97804420021552,35718900
2016-12-14,56.13926696777344,56.82891695266875,56.00491828133615,56.42587430998591,30352700
2016-12-15,56.049713134765625,56.56023276479139,55.79892910454571,56.1571900525001,27669900
2016-12-16,55.798927307128906,56.3811004746442,55.63771022740558,56.3811004746442,42453100
2016-12-19,56.98118591308594,57.11553462381924,55.906406477108476,56.03180020155338,34338200
2016-12-20,56.9095344543457,57.1424016753745,56.45275158173946,57.043879745336696,26028400
2016-12-21,56.9095344543457,57.052838148047165,56.53336012298588,56.811012524307905,17096300
2016-12-22,56.918495178222656,57.41110146144037,56.793104860672315,57.17823421693687,22176600
2016-12-23,56.64083480834961,56.90952878017098,56.24674712749099,56.828920246961644,12403800
2016-12-27,56.676658630371094,57.38422204805043,56.6139634836531,56.6139634836531,11763200
2016-12-28,56.416927337646484,56.7841432605475,56.27362364618827,56.7841432605475,14653300
2016-12-29,56.3363151550293,56.60500913206136,56.18405307084591,56.30048838032388,10250600
2016-12-30,55.65562057495117,56.41692416907698,55.557098651988944,56.390052379504986,25579900
2017-01-03,56.049713134765625,56.28258035929525,55.64667042247434,56.237798594958356,20694100
2017-01-04,55.798927307128906,56.20197000643723,55.63771022740558,55.960144386852235,21340000
2017-01-05,55.798927307128906,56.121361466575564,55.55710168754392,55.7004053787836,24876000
2017-01-06,56.28257751464844,56.5602299061114,55.5660590715837,55.7989262843437,19922900
2017-01-09,56.10345458984375,56.497542348965524,56.013891053659655,56.21093151659065,20382700
2017-01-10,56.08552169799805,56.488564303945864,55.781000997574,56.184043603521815,18593000
2017-01-11,56.5960578918457,56.63188467108471,55.91536616945313,56.07658325939895,21517300
2017-01-12,56.07658004760742,56.78414352221834,55.48545189053957,56.47962274938766,20968200
2017-01-13,56.15718078613281,56.30943944308033,55.84370165424179,56.08552724171348,19422300
2017-01-17,56.00492858886719,56.15719068929475,55.5571041071609,56.13927730003094,20664000
2017-01-18,55.97805404663086,56.157184502905935,55.63770652137114,56.13031271365564,19670100
2017-01-19,55.798927307128906,56.407968849054924,55.70936378134017,55.74519055830747,18451700
2017-01-20,56.19301986694336,56.264670010428,55.86162727635878,56.130321293528326,30213500
2017-01-23,56.390071868896484,56.533375601834535,56.04076923339939,56.157204584108584,23097600
2017-01-24,56.8916015625,57.08864535502686,56.37212371552132,56.60499427334914,24672900
2017-01-25,57.0349235534668,57.411094460244335,56.82892471166536,57.27674917209357,23672700
2017-01-26,57.563350677490234,57.80517970241468,56.918485805332665,57.429008811708535,43554600
2017-01-27,58.915775299072266,59.03221401305373,58.118648436349645,58.56647282364361,44818000
2017-01-30,58.33359909057617,58.924730529964954,58.03804020413927,58.83516702397627,31651400
2017-01-31,57.90370559692383,58.35153006892903,57.55440305542051,58.091791055174916,25270500
2017-02-01,56.94536590576172,57.87684169958759,56.84684396763766,57.6439710428162,39671500
2017-02-02,56.5781364440918,56.793093672280875,56.201965565547454,56.64978999236457,45827000
2017-02-03,57.0349235534668,57.05283694187946,56.48857716508367,56.87370647438228,30301800
2017-02-06,56.999107360839844,57.00806576502442,56.55128281725483,56.87371703529686,19796400
2017-02-07,56.81100845336914,57.124484193181445,56.63187799492097,57.08866083479526,20277200
2017-02-08,56.730403900146484,57.15135999455471,56.62292698418486,56.93640274600191,18096400
2017-02-09,57.37527084350586,57.715621825462726,56.71249251888045,56.89162299624369,22644400
2017-02-10,57.321529388427734,57.59022679073951,57.30361600049832,57.54544161260128,18170700
2017-02-13,57.966400146484375,58.09179045068031,57.43796372172231,57.53648565119899,22920100
2017-02-14,58.182647705078125,58.317810876468634,57.68705170154109,58.0384786970302,23108400
2017-02-15,58.1466178894043,58.18266186886182,57.81322311012299,58.1195866234827,17005200
2017-02-16,58.137596130371094,58.786373910292305,58.065515057357125,58.33583454920092,20546300
2017-02-17,58.22770690917969,58.290782141936035,57.93936200590998,58.09254373193472,21248800
2017-02-21,58.11056900024414,58.52506441695611,58.07452502383194,58.21870092948075,20655900
2017-02-22,57.99342346191406,58.02045472192969,57.71409127550642,57.966392201898444,19292700
2017-02-23,58.22770690917969,58.32682611418035,57.840242800909316,58.047487047958136,20273100
2017-02-24,58.22770690917969,58.389901346936696,57.79518611693274,58.1466062529588,21796800
2017-02-27,57.87628936767578,58.15562157173534,57.714094922647796,58.15562157173534,15871500
2017-02-28,57.651023864746094,57.849258872476184,57.45278541967302,57.74113381129886,23239800
2017-03-01,58.516056060791016,58.561105873353505,57.68705838835512,57.786177600551966,26937500
2017-03-02,57.67804718017578,58.3448434663076,57.56090599145553,58.29078094639234,24539600
2017-03-03,57.894317626953125,57.921348893210464,57.326636974147156,57.660038632255564,18135900
2017-03-06,57.91232681274414,58.173640468776924,57.497834860247316,57.64200731920634,18750300
2017-03-07,58.02947998046875,58.371887472508796,57.84025424476088,57.84025424476088,18521000
2017-03-08,58.56110382080078,58.64220448006712,57.89430749595374,57.903320208024454,21510900
2017-03-09,58.32682418823242,58.75032538007835,58.10155452515745,58.74131954332822,19846800
2017-03-10,58.50705337524414,58.804411062795324,58.34485889791499,58.66924785257329,19538200
2017-03-13,58.30879592895508,58.74131668588042,58.182645473744394,58.579122261368944,20100000
2017-03-14,58.038482666015625,58.164633134691094,57.804200277896214,58.14660771077463,14280200
2017-03-15,58.3448486328125,58.49803036925991,57.89430926113055,58.16463563401381,24833800
2017-03-16,58.245723724365234,58.35385563787978,57.93936028143419,58.344842926415765,20674300
2017-03-17,58.452980041503906,58.786374773810344,58.28177288187508,58.489024015882876,49219700
2017-03-20,58.50705337524414,58.732323100718716,58.31782763080787,58.48903482206821,14598100
2017-03-21,57.85826873779297,59.02066121103362,57.78618078409921,58.741328983827366,26640500
2017-03-22,58.597145080566406,58.6962642846986,57.77716706191838,57.77716706191838,20680000
2017-03-23,58.452980041503906,58.786374773810344,58.36286666821388,58.51605527799581,19269200
2017-03-24,58.5521125793457,58.975613906649585,58.35387411248314,58.89452010185312,22617100
2017-03-27,58.66022872924805,58.76836066054814,57.984419626665265,58.23672059167979,18614700
2017-03-28,58.83143997192383,58.99363444275219,58.25475004779771,58.53408229629081,20080400
2017-03-29,58.993621826171875,59.020653086414576,58.525057066349426,58.67824566553255,13618400
2017-03-30,59.20988082885742,59.45317592881843,58.89450465731995,58.94856717967353,15122800
2017-03-31,59.345035552978516,59.64239313292075,58.975590037047134,59.15580987701998,21040300
2017-04-03,59.06570816040039,59.41712828334867,58.7413192969582,59.299983659242905,20400900
2017-04-04,59.2279167175293,59.299997801841506,58.822427104178125,58.921546329129335,12997400
2017-04-05,59.07472610473633,59.78657920792716,58.96660104455123,59.741529391078686,21448600
2017-04-06,59.2279167175293,59.525267517696776,59.00264700167403,59.11077206548542,18103500
2017-04-07,59.18285369873047,59.43515465357142,58.96659671953614,59.33603543921456,14108500
2017-04-10,59.047691345214844,59.30900501634066,58.89450960256073,59.11977929752931,17952700
2017-04-11,59.002647399902344,59.11978517805067,58.43496331231644,59.11077246444351,18791500
2017-04-12,58.77736282348633,59.02966374321511,58.66923091159494,58.94856309062545,17108500
2017-04-13,58.525047302246094,59.34503205778979,58.525047302246094,58.831417574813955,17896500
2017-04-17,59.002647399902344,59.01165323882331,58.579139231286256,58.606170497421544,16689300
2017-04-18,58.921531677246094,59.20987656685133,58.714287440018445,58.867469158784004,15155600
2017-04-19,58.606178283691406,59.24594354107362,58.4710150603713,59.15583701708926,26992800
2017-04-20,59.02065658569336,59.24592626731814,58.69626769417886,58.98461261167118,22299500
2017-04-21,59.831626892089844,60.101946376543154,58.975598004608806,59.17383641801883,32522600
2017-04-24,60.84983825683594,60.966982877519165,60.46237417430499,60.804788450536805,29770000
2017-04-25,61.20125961303711,61.30939152478387,60.91291472306354,61.18324106508821,30242700
2017-04-26,61.12015914916992,61.552672999474396,60.93093348032625,61.34542878465292,26190800
2017-04-27,61.51663589477539,61.61575509541896,60.894896306274624,61.408510857480195,34971000
2017-04-28,61.687870025634766,62.30060404555954,60.99404219225945,62.093359716949855,39548800
2017-05-01,62.543880462646484,62.67003093994138,61.72389548554427,61.8860899384499,31954400
2017-05-02,62.44476318359375,62.814201914353546,62.29157456382933,62.814201914353546,23906100
2017-05-03,62.24650192260742,62.51682133690881,61.91310041615097,62.51682133690881,28928000
2017-05-04,62.003211975097656,62.246507030083265,61.85003027362296,62.20145035332781,21749400
2017-05-05,62.17443084716797,62.201462108456276,61.714878781211894,62.08432435131196,19128800
2017-05-08,62.120365142822266,62.219484345592534,61.65180038887471,62.147396402726045,18566100
2017-05-09,62.210487365722656,62.42674437432413,61.88609841547728,62.04829289059997,22858400
2017-05-10,62.45375061035156,62.679020242476255,62.102330534211724,62.16540575621929,17977800
2017-05-11,61.687870025634766,61.93116521536132,61.38150645301611,61.59776349690501,28789400
2017-05-12,61.61577224731445,61.823023417629905,61.30940872345013,61.823023417629905,18714100
2017-05-15,61.66082000732422,61.705876695333934,60.885891721417636,61.39950634117568,31530300
2017-05-16,62.902381896972656,62.92956810317084,61.76957721144087,61.833013997267,34956000
2017-05-17,61.15332794189453,62.6214383114453,61.108012991240685,62.431127964062455,30548800
2017-05-18,61.36177062988281,61.74239138983351,60.845211908780605,61.08083724717043,25201300
2017-05-19,61.34362030029297,61.71517651315109,61.107995071353244,61.1714318352114,26961100
2017-05-22,62.032386779785156,62.07770173647033,61.171457915499964,61.52489245255107,16237600
2017-05-23,62.240806579589844,62.30424335080163,61.968930752059634,62.277057150866504,15425800
2017-05-24,62.32236099243164,62.42204832822286,62.03236335579059,62.41299087157932,14593900
2017-05-25,63.09267807006836,63.328296413542084,62.44924598303248,62.50361838320495,21854100
2017-05-26,63.40079116821289,63.63641640203448,63.00204183622078,63.25579581099957,19827900
2017-05-30,63.80862808227539,63.80862808227539,63.228625700168784,63.24675444772065,17072800
2017-05-31,63.29206466674805,64.10768548236936,63.264878458575936,63.917375111072985,30436400
2017-06-01,63.52768325805664,63.989869490248104,62.93862345845432,63.654556825467495,21603600
2017-06-02,65.03205108642578,65.12267407533346,63.65455676430176,63.835809656208,34770300
2017-06-05,65.5032730102539,66.05608204720875,65.07733749842754,65.22233976376782,33316800
2017-06-06,65.72079467773438,65.81142458534482,65.49423373689069,65.52142685762855,31511100
2017-06-07,65.60297393798828,65.94734401842305,65.20422453973434,65.82953483897984,22301800
2017-06-08,65.20425415039062,65.72081296266826,64.79644710904786,65.7117555006602,24588300
2017-06-09,63.72703170776367,65.32202193000548,62.1592276796024,65.28577136653543,49187400
2017-06-12,63.237693786621094,63.382696119183656,61.74239007400559,62.75738565966821,47761700
2017-06-13,64.02611541748047,64.18017517898899,63.4008050848878,63.4551774915166,25258600
2017-06-14,63.681739807128906,64.43392371448194,62.92049844119852,64.2617421183351,25510700
2017-06-15,63.346435546875,63.627368879299574,62.349568867025575,62.77549759505646,26068700
2017-06-16,63.437076568603516,63.46426278087809,62.7302073930939,63.19239374403966,48345100
2017-06-19,64.22550964355469,64.28894644192839,63.754258929270776,63.89019690124084,23798300
2017-06-20,63.3554801940918,64.22547303913035,63.31922962795413,64.18015810293612,21512200
2017-06-21,63.681739807128906,63.99893062369043,63.38268464999369,63.6273673993026,19891100
2017-06-22,63.672698974609375,63.97175420983316,63.17426205908254,63.926446162844016,22965700
2017-06-23,64.53363037109375,64.56988095851597,63.36457485457478,63.51863466554971,27617300
2017-06-26,63.91736602783203,64.98673385321491,63.83580741490592,64.7058005232375,19607000
2017-06-27,62.721126556396484,63.60018406439217,62.69394035125696,63.536747281036334,25215100
2017-06-28,63.255821228027344,63.29206489632722,62.3405130363938,62.72113378036717,25806200
2017-06-29,62.068599700927734,62.97484297201654,61.706101009674725,62.875155659069776,28918700
2017-06-30,62.46738815307617,62.875195115343566,62.29519961100728,62.33145019428977,24161100
2017-07-03,61.778629302978516,63.0745580271903,61.64269136970781,62.82987527857543,16165500
2017-07-05,62.603294372558594,62.92954254260436,61.82392451234797,61.86017507725175,21176300
2017-07-06,62.14112854003906,62.33143888216512,61.73332165178187,61.86925267180724,21117600
2017-07-07,62.94768142700195,63.292051515780685,62.25893433535434,62.25893433535434,16878300
2017-07-10,63.4189567565918,63.663639588967754,62.71208064442077,62.94770601514445,15014500
2017-07-11,63.42798614501953,64.05329642690769,63.21048962205009,63.437050516752784,17460000
2017-07-12,64.4792709350586,64.59708018234163,63.93552584238415,64.06239946687172,17750900
2017-07-13,65.04109191894531,65.28578153194582,64.62422074526236,64.7964092200339,20269800
2017-07-14,65.95640563964844,66.40046305112695,65.21328619195205,65.4670332842255,25868100
2017-07-17,66.4729995727539,66.56362259478263,65.90206831128886,65.9745694945492,21803900
2017-07-18,66.42765045166016,66.50920904683656,65.84765517233086,66.23733323473697,26435300
2017-07-19,66.93517303466797,67.09829720842468,66.56360972785299,66.60892468715454,22416200
2017-07-20,67.26141357421875,67.3339147350482,66.40954221970084,67.22516299380402,42361000
2017-07-21,66.87173461914062,67.32485654480433,66.30986094224455,66.56360811436153,46717100
2017-07-24,66.69955444335938,66.83549242093237,66.27361867354062,66.63611764237102,21394800
2017-07-25,67.23421478271484,67.34295958951321,66.6089044872644,66.88078033244022,22018700
2017-07-26,67.10736083984375,67.40641606000878,66.88985733451577,67.37016547578745,16252200
2017-07-27,66.30078125,67.44264314163898,65.53953307481778,66.8445259956504,36844200
2017-07-28,66.1920394897461,66.43672224215486,65.73891764787824,65.85672683769127,18306700
2017-07-31,65.8839111328125,66.55453641748926,65.62110655654423,66.42766285856996,23600100
2017-08-01,65.7751693725586,66.53641076141517,65.69360384427212,66.24641305412351,22132300
2017-08-02,65.48517608642578,65.7570450661906,64.74205647918934,65.74798760672894,26499200
2017-08-03,65.38548278808594,65.6482942845478,65.11360691889351,65.42173336491763,18214400
2017-08-04,65.86578369140625,66.19203193343469,65.46703430357375,65.61203659518186,22579000
2017-08-07,65.61205291748047,66.06517482034415,65.48517933780596,65.97455182258973,18705700
2017-08-08,65.96549987792969,66.27361951116953,65.02300531269564,65.33112494593549,22044600
2017-08-09,65.67550659179688,65.7117571830366,65.29488575491975,65.47613179702505,22213400
2017-08-10,64.71485900878906,65.42172791287244,64.66047969102804,65.15891643831247,24734500
2017-08-11,65.70269775390625,65.8839438096588,64.59707883717171,64.89614105184788,21443700
2017-08-14,66.6904525756836,66.8082686499229,66.11045731725417,66.21014465049255,20096600
2017-08-15,66.70870971679688,67.0458019929182,66.54471643754641,67.0458019929182,19181400
2017-08-16,67.1004638671875,67.5104435459423,66.66314618571081,66.81802677982452,18150400
2017-08-17,65.96162414550781,67.30090129978795,65.96162414550781,67.03668954580021,22977500
2017-08-18,66.04358673095703,66.36246044129648,65.53338879441391,65.84314984133636,18761500
2017-08-21,65.73384857177734,66.034504010893,65.32386198636655,66.02539134430307,17734800
2017-08-22,66.65403747558594,66.72691796011833,65.91606435566999,65.91606435566999,14343700
2017-08-23,66.253173828125,66.64493516595137,66.08006787973466,66.47182921756102,13766500
2017-08-24,66.225830078125,66.38071065966356,65.66096290019073,66.27137951043908,17098300
2017-08-25,66.34426879882812,66.82713589061723,66.03450762708734,66.38071251625558,12794300
2017-08-28,66.35335540771484,66.59022905157603,66.09825643683318,66.56289801197094,14569700
2017-08-29,66.55378723144531,66.65400566964962,65.64271557571533,65.82492712649129,11478400
2017-08-30,67.42842864990234,67.6106402370595,66.35336360345157,66.51735681226361,16897800
2017-08-31,68.12083435058594,68.29394021414548,67.23710055733599,67.44664317550439,27652800
2017-09-01,67.36465454101562,68.09350784751372,67.09133020674973,68.06617680427244,21736200
2017-09-05,67.06401062011719,67.31910966851666,66.49003776121837,66.8180172870693,21556000
2017-09-06,66.87268829345703,67.45577383572194,66.8271319116531,67.18244944675429,16535800
2017-09-07,67.72911071777344,67.96599145948845,67.05491916927834,67.12780662071833,17471200
2017-09-08,67.401123046875,67.82021541626033,67.27356654660814,67.71999692021936,14703800
2017-09-11,68.11175537109375,68.27574863490497,67.70176873610126,67.70176873610126,17910400
2017-09-12,68.03885650634766,68.54905459656412,67.75642641368178,68.11174393378649,14394900
2017-09-13,68.52174377441406,68.53996911211713,67.92043969787734,68.2666446540088,13380800
2017-09-14,68.12083435058594,68.77680714836305,67.893066404187,68.33038391968044,15733900
2017-09-15,68.61283111572266,68.68571854502888,67.48310376518754,68.17552044174099,38578400
2017-09-18,68.47616577148438,69.21413176927909,68.36683464365572,68.53994052498605,23307000
2017-09-19,68.73128509521484,68.97727151685848,68.33952379339064,68.52173544268749,16093300
2017-09-20,68.27574157714844,68.83149608311913,67.7017617376778,68.64927750276016,21587900
2017-09-21,67.61064910888672,68.54905211264304,67.5195433033533,68.43061526054233,19186100
2017-09-22,67.79288482666016,67.88399065524897,67.2826796748903,67.41022922510048,14111400
2017-09-25,66.74514770507812,67.64710718799125,66.4353795593639,67.50133230743658,24149200
2017-09-26,66.74514770507812,67.2462332173948,66.49915433187435,67.11868367237392,18019600
2017-09-27,67.28266143798828,67.5742041810076,66.66313224020632,67.00934402630428,19565100
2017-09-28,67.30087280273438,67.39197858772235,66.7906678951352,67.00021745644081,10883800
2017-09-29,67.86573791503906,67.91129428640257,67.30998354885095,67.36465258467243,17079100
2017-10-02,67.97509002685547,68.33952025752251,67.69265989977956,68.06619584679011,15304800
2017-10-03,67.65621948242188,68.22107976413203,67.59244471026335,68.02975544765644,12190400
2017-10-04,68.0479965209961,68.07532757953808,67.15514255335167,67.50134754643436,13317700
2017-10-05,69.21412658691406,69.3507887487357,68.2939421116365,68.53082272873222,21195300
2017-10-06,69.24148559570312,69.26881664892119,68.82239322752483,68.94083010844616,13959800
2017-10-09,69.50568389892578,69.74256456581541,69.11392265984699,69.21414113618769,11386500
2017-10-10,69.50568389892578,69.81544504330412,69.36902170837685,69.54212761313401,13944500
2017-10-11,69.6241226196289,69.66056633481215,69.19591765488569,69.56946052231801,15388900
2017-10-12,70.26184844970703,70.41672896264494,69.57854470929558,69.68786885916936,16876500
2017-10-13,70.59896850585938,70.9451803202011,70.4167568832053,70.6900743171864,15335700
2017-10-16,70.74473571777344,70.89050360995476,70.4714113624087,70.53518611853686,12380100
2017-10-17,70.69007110595703,70.71740910394833,70.38030997133102,70.58074691770199,16824000
2017-10-18,70.70831298828125,70.92696836689842,70.48965760966409,70.76297509520326,13300700
2017-10-19,70.98163604736328,70.9998544323407,70.47143090591811,70.67186789531489,15092800
2017-10-20,71.80158996582031,71.9473648382439,71.26406076334746,71.35516658314795,22866400
2017-10-23,71.81982421875,72.28446604270916,71.75604944187741,71.9655921583462,20627200
2017-10-24,71.84711456298828,72.15687560344429,71.48268449409706,71.88355826496993,17517200
2017-10-25,71.6375961303711,72.06580112599124,71.07273588161979,71.59204669630353,20410800
2017-10-26,71.75603485107422,72.35733877490019,71.746922184537,72.15690181664888,32120700
2017-10-27,76.35694122314453,78.53440272218766,76.17472960559783,76.86714626394509,71066700
2017-10-30,76.42985534667969,76.83072938641672,75.71922005873137,76.25674938389686,31756700
2017-10-31,75.782958984375,76.85802407695257,75.71918423104103,76.85802407695257,27086600
2017-11-01,75.782958984375,76.31138234110038,75.50963464098551,76.23849492273962,22307400
2017-11-02,76.57559204101562,76.94912788634181,75.72829493951158,75.93783757322645,23992900
2017-11-03,76.65760803222656,77.02203827236856,75.9834166060675,76.6029459290303,17633500
2017-11-06,76.95825958251953,77.16780226805324,76.60294202798121,76.71226622880634,19860900
2017-11-07,76.77604675292969,77.35002665401191,76.46628555946151,77.23158282633267,17939700
2017-11-08,77.04024505615234,77.08580143590872,76.37516639764618,76.6575964895383,18034200
2017-11-09,76.61205291748047,76.77604618072046,75.52788179749328,76.6302782528009,21178400
2017-11-10,76.41160583496094,76.62114848788706,75.82852035153492,76.33871841180087,19397800
2017-11-13,76.46627044677734,76.47538311270448,76.03806551025974,76.22028407416482,14196900
2017-11-14,76.57559204101562,76.62114146311917,75.60074543613906,76.07449974139031,18801300
2017-11-15,75.98043060302734,76.63053947243702,75.71489199678916,76.42909591006075,19383100
2017-11-16,76.181884765625,76.38332837450312,75.94382139680309,76.09032139409061,20962800
2017-11-17,75.44934844970703,76.10861570673472,75.30284150999626,76.10861570673472,22079000
2017-11-20,75.56840515136719,75.62334177905369,75.31202490771325,75.4493734627672,16315000
2017-11-21,76.65801239013672,76.76788562288867,75.76067473625703,75.76067473625703,21237500
2017-11-22,76.09947967529297,76.82284218489627,76.03538461676293,76.75874712636623,20553100
2017-11-24,76.23683166503906,76.39249010194425,75.7973176825469,76.00791973341221,7425600
2017-11-27,76.79534912109375,76.8960708928696,76.2734303881803,76.28258183227979,18265200
2017-11-28,77.72015380859375,77.88497063065476,76.93269643495067,76.97848160223707,21926000
2017-11-29,76.31005859375,77.75678330702189,76.16355862773445,77.56449817209375,27381100
2017-11-30,77.07003784179688,77.39051302573286,76.31004884429507,76.46571420720832,33054600
2017-12-01,77.15245819091797,77.65606011061023,76.20018397872401,76.54812750428425,29532100
2017-12-04,74.24071502685547,77.30813333520541,73.89276444006983,77.29897490243808,39094900
2017-12-05,74.70767974853516,75.70573920395341,74.14914117376347,74.47876786257568,26152300
2017-12-06,75.79730987548828,76.12694358194597,74.56118696919049,74.67106719995539,26162100
2017-12-07,75.5317611694336,75.81561664799824,75.08309584541583,75.57754633928354,23184500
2017-12-08,77.0609130859375,77.44548343984683,76.30092382523276,76.57561394123765,24489100
2017-12-11,78.04064178466797,78.16883187955592,77.02427247103047,77.17993087398924,22857900
2017-12-12,78.36113739013672,78.79149295733752,77.90331350772531,78.11390858156525,23924100
2017-12-13,78.1505126953125,78.74568496723204,77.98569586594763,78.50761466129701,22062700
2017-12-14,77.54617309570312,78.62663720339343,77.39966617256937,78.22375015061021,19306000
2017-12-15,79.52400970458984,79.74376321964806,77.72018242830117,78.06813306180149,53936700
2017-12-18,79.09363555908203,80.11916336505594,78.95629401055412,79.77121979905746,22283800
2017-12-19,78.59004211425781,79.06617583447259,78.07727466267565,79.06617583447259,23524800
2017-12-20,78.30618286132812,79.02039388646325,77.5645105106474,78.92882353407154,23674900
2017-12-21,78.2878646850586,78.837251811997,78.19630132820825,78.79147362649,17990700
2017-12-22,78.29700469970703,78.40687790774886,77.75676914544081,78.19628293511222,14145800
2017-12-26,78.19628143310547,78.31531306814264,77.85748941453645,78.11386954282239,9891200
2017-12-27,78.48014831542969,78.72737705857377,78.03148298543736,78.42521169954709,14678000
2017-12-28,78.48931121826172,78.68159637064157,78.33365280716896,78.6541280611354,10594300
2017-12-29,78.324462890625,78.79144492202303,78.28783616406106,78.40686778601852,18717400
2018-01-02,78.69990539550781,79.02953907768298,78.28786678570712,78.8647222365954,22483800
2018-01-03,79.0661849975586,79.21269199665736,78.71824135345634,78.80064630107074,26061400
2018-01-04,79.76204681396484,80.2656556861351,79.26759637197095,79.28590624648834,21912000
2018-01-05,80.75096893310547,80.95241253494737,80.05507475924358,80.26567679367027,23407100
2018-01-08,80.83333587646484,81.10803283820054,80.21069548425334,80.7600824218908,22113000
2018-01-09,80.77843475341797,81.24541699911678,80.44880104890551,81.17216351237246,19484300
2018-01-10,80.41217041015625,80.75096253055902,80.03675853399227,80.44879715175412,18652200
2018-01-11,80.6502456665039,80.69602385692144,79.88109801761614,80.69602385692144,17808900
2018-01-12,82.04202270507812,82.20683955078843,80.9890265789199,81.19047016654768,24271500
2018-01-16,80.89749145507812,83.13167459105011,80.58617451886651,82.49987529765232,36599700
2018-01-17,82.53646850585938,82.66465860229602,81.26371898706964,81.56588435117158,25621200
2018-01-18,82.49984741210938,83.02176626498765,82.09696721823776,82.22515732344738,24159700
2018-01-19,82.40828704833984,82.96683266386778,82.09697020602567,82.53647715821474,36875000
2018-01-22,83.88247680664062,83.89163523863255,82.17021328766411,82.40828361859657,23601600
2018-01-23,84.14800262451172,84.51426300417002,83.81836898140281,84.14800262451172,23412800
2018-01-24,84.07475280761719,85.54894583512001,83.85499936459995,84.74317855349946,33277500
2018-01-25,84.541748046875,85.37498376436372,84.17548759470802,84.66993815725789,26383200
2018-01-26,86.12581634521484,86.12581634521484,84.77066172550174,85.26511229837129,29172200
2018-01-29,85.99761199951172,87.39855156453403,85.81448529283227,87.11470307343008,31569900
2018-01-30,84.91717529296875,85.75957658095382,84.33116125792421,85.42994281301148,38635100
2018-01-31,86.99565124511719,87.35275313044308,85.62218030591474,85.84193370015348,48756300
2018-02-01,86.3089370727539,87.96625684621124,85.68629648057518,86.79422913995393,47227900
2018-02-02,84.03816223144531,86.04343334613262,83.78178193996436,85.74126786581334,47867800
2018-02-05,80.57699584960938,85.3749877373471,80.57699584960938,82.92105167522095,51031500
2018-02-06,83.62609100341797,83.76343953076176,78.05895231699519,79.56061371472502,67998600
2018-02-07,82.05119323730469,84.02898869166187,81.67577431666412,82.85696072080758,41107600
2018-02-08,77.8392105102539,82.29841019952326,77.6102985923789,82.14275177196922,55628700
2018-02-09,80.7417984008789,81.42853403924457,76.7587330955253,79.02038358227666,63499100
2018-02-12,81.61163330078125,82.20680538436329,80.51285944327121,81.2545314477988,35720300
2018-02-13,82.25260925292969,82.4082676374221,80.39384611173038,81.42852517938839,26407700
2018-02-14,83.5405502319336,83.70614130054472,81.332678675322,81.42467215373873,34960900
2018-02-15,85.2424545288086,85.29764920783016,83.36575823690377,83.9085246303544,27823900
2018-02-16,84.63529205322266,86.01521529322085,84.45130509535058,85.04926621776109,30596900
2018-02-20,85.29767608642578,85.61045539097879,83.72456407073196,84.15694124238809,30911700
2018-02-21,84.16609954833984,85.88640604084682,84.16609954833984,85.53682808253387,26922500
2018-02-22,84.38692474365234,85.30687374240351,84.04654108739902,84.68130814250657,24392800
2018-02-23,86.5303726196289,86.53957407186662,84.96646263449422,86.10719705916483,26329200
2018-02-26,87.78152465820312,87.80912200294318,86.70518610142089,86.84317984377451,30199800
2018-02-27,86.6591567993164,88.16787196770876,86.6591567993164,88.07587850986063,25869100
2018-02-28,86.26358795166016,88.04829070543867,86.13479569300105,87.24793279635567,31167300
2018-03-01,85.41724395751953,86.99955700318941,84.48809371211529,86.46598501920263,37135600
2018-03-02,85.60124969482422,85.69324318296607,83.58655931684739,84.24892366131392,32830400
2018-03-05,86.14399719238281,86.723562356665,84.87447049119965,84.94806105429379,23901600
2018-03-06,85.8496322631836,86.9259708067008,85.50005420302891,86.78797706604786,22175800
2018-03-07,86.34635925292969,86.41995681099723,85.03083273173245,85.70239816646227,26716100
2018-03-08,86.87076568603516,87.48712969912867,86.26359610753536,86.72357050870707,25887800
2018-03-09,88.81185913085938,88.81185913085938,87.39513711848977,87.6619231161424,36937300
2018-03-12,89.02342987060547,89.42820953211465,88.35187127072128,88.77504681745752,26073700
2018-03-13,86.85236358642578,89.4558131766805,86.44758389637617,89.23502744513155,35387800
2018-03-14,86.33720397949219,87.77232905476376,86.01522326405258,87.50554302807004,32132000
2018-03-15,86.6407699584961,87.00875084694823,85.39884060129032,86.04280189209283,27611000
2018-03-16,87.02716064453125,87.74471963145847,86.40159513975958,87.1007582377168,49081300
2018-03-19,85.45405578613281,86.38320617326447,84.73649674170268,86.2360109750976,33344100
2018-03-20,85.67481994628906,86.26358655308559,85.555229141945,85.60122938442818,23075200
2018-03-21,85.07687377929688,86.52119321075892,84.82848365630595,85.49084795941134,24457100
2018-03-22,82.6021957397461,84.40529437405445,82.4826049338326,83.9637159038363,38604700
2018-03-23,80.20114135742188,83.21857247499142,80.10914787576968,82.3354224175554,44068900
2018-03-26,86.2728042602539,86.47519413547032,83.16337959358715,83.35656801484294,56396800
2018-03-27,82.30780029296875,87.52390703918236,81.42465050143925,87.33992013127437,56569000
2018-03-28,82.23422241210938,83.92693184848972,81.75585212581954,82.62980067561247,52501100
2018-03-29,83.96375274658203,84.90210477554393,81.32350327505173,82.96101157888768,45867500
2018-04-02,81.4338607788086,83.60494040408472,80.50471758883897,83.22776506388908,48515400
2018-04-03,82.5285873413086,82.84137351226889,80.85428118471145,82.40899655106978,37213800
2018-04-04,84.93887329101562,85.33445155065061,80.707110269423,80.8174996320592,35560000
2018-04-05,84.98486328125,85.61963016683214,84.08331743369332,85.04006497911713,29771900
2018-04-06,83.00699615478516,85.05847836573864,82.31703444803648,84.16612676869246,38026000
2018-04-09,83.50375366210938,85.71163229621074,83.36576695013335,83.7521437809716,31533900
2018-04-10,85.44485473632812,85.81283571483505,84.30412001974473,84.99408172245018,26812000
2018-04-11,84.5064926147461,85.82201960609693,84.15691461696443,84.64448633077768,24872100
2018-04-12,86.08878326416016,86.62235508452224,85.0308410737595,85.0308410737595,26758900
2018-04-13,85.62881469726562,86.64075672192043,85.0400481731519,86.52116593437097,23346100
2018-04-16,86.63158416748047,87.08236417118624,85.94162250889526,86.5395906833997,20288100
2018-04-17,88.37947845458984,88.81185550143812,87.28473716734865,87.39513354696484,26771000
2018-04-18,88.71986389160156,88.97744843079862,87.87350566740112,88.51747403404606,21043300
2018-04-19,88.4162826538086,89.29943268877997,87.70791812393453,88.71986745232604,23552500
2018-04-20,87.3951416015625,88.41628539650456,86.521192993008,88.23229843217293,31154400
2018-04-23,87.71713256835938,88.58188684299937,87.0547681893716,88.07591210386882,22331800
2018-04-24,85.66564178466797,88.74746911283324,85.01247892551943,88.53587778333161,34524800
2018-04-25,84.92047882080078,85.83123326493724,83.05298371839751,85.83123326493724,33729300
2018-04-26,86.71435546875,87.53310914678839,85.64721174265686,86.0611928165312,42529000
2018-04-27,88.14949035644531,90.06298547157677,86.39239186549489,89.78699803469455,48272800
2018-04-30,86.03360748291016,88.68306448174256,85.69323092361456,88.61866834739051,41523600
2018-05-01,87.3951416015625,87.66192761290034,85.36205546549081,85.74843230177893,31408900
2018-05-02,86.02442169189453,87.55153318224714,85.73003833118482,87.38594210318212,27471000
2018-05-03,86.5395736694336,87.33073011055954,85.04925425317623,85.51843005399547,31142500
2018-05-04,87.54232025146484,87.7355086331162,85.48163014321415,85.84961102101974,22531300
2018-05-07,88.5174789428711,88.96825191146401,87.48713371029172,87.55152984866214,24242000
2018-05-08,88.14030456542969,88.46229230522438,87.45034286927533,88.17710336479632,23484600
2018-05-09,89.1798324584961,89.20742979751279,87.44112991392596,88.32427985571938,27327400
2018-05-10,90.07218170166016,90.10897347370249,89.28102524836812,89.6582005703413,22388100
2018-05-11,89.8790054321289,90.03540208054001,89.271842803035,89.97100593777773,16778300
2018-05-14,90.18255615234375,90.78972557048213,89.52019206661116,90.0813612493207,19454100
2018-05-15,89.52940368652344,90.01697535538729,88.6278509077299,89.45580610893799,24594000
2018-05-16,89.7603988647461,89.99138290348755,89.27071383046595,89.9544246114001,17384700
2018-05-17,88.86419677734375,90.12075075397215,88.54082047065442,89.40008154218597,17246700
2018-05-18,89.0304946899414,89.55713805318216,88.70711842287673,88.70711842287673,17865800
2018-05-21,90.1761703491211,90.55498756895888,89.43702562972157,89.62181004730303,19422500
2018-05-22,90.0837631225586,90.70279857223878,89.80657949332172,90.25007189028622,15441200
2018-05-23,91.1555404663086,91.22021571237924,88.99352629223954,89.35386081307219,21251200
2018-05-24,90.83216094970703,91.41424523752954,89.4462567201463,91.22021949127985,26649300
2018-05-25,90.87834930419922,91.45119218569383,90.4163812849827,90.82291539759646,18363900
2018-05-29,90.55499267578125,91.35881269157285,89.83432353786847,90.39791815799778,28671000
2018-05-30,91.4234848022461,91.70066848379138,90.46259735078984,90.83216619408509,22158500
2018-05-31,91.32183074951172,92.384358558082,91.10932941724101,91.73760617846823,34140900
2018-06-01,93.12354278564453,93.18821804625306,91.62676340560832,91.72839696500381,28655600
2018-06-04,93.93659973144531,94.11214988004193,93.17897226513404,93.55778952282687,27281600
2018-06-05,94.41703796386719,94.54638846168065,93.80723671782648,94.24148783866029,23514400
2018-06-06,94.69422149658203,94.79585504501118,94.14910250871115,94.68498720968772,21122900
2018-06-07,93.20670318603516,94.87903289375917,92.74473497765044,94.84207459119934,28232200
2018-06-08,93.89958953857422,94.1952487022908,92.89250293528262,93.40066337810178,22165100
2018-06-11,93.36376190185547,93.86268127911943,93.01266161161325,93.3268036055629,23490900
2018-06-12,93.60396575927734,93.73331625173385,93.0865637894513,93.40994002059259,18325200
2018-06-13,93.178955078125,94.25072434691567,92.91101276092733,93.98278202971801,29492900
2018-06-14,93.7055892944336,94.26919082958388,93.31753785848262,93.91809768025763,25691800
2018-06-15,92.51371765136719,93.80722958015357,92.45828374197173,93.78875396004607,65738600
2018-06-18,93.18820190429688,93.41918594489863,91.85773157472727,92.40285757606563,23586000
2018-06-19,93.18820190429688,93.31755240310798,91.93164815949747,92.07023999367321,28653100
2018-06-20,94.12139129638672,94.7219442385856,93.42843908701164,93.65942315680333,26180800
2018-06-21,93.44690704345703,94.66650254992344,93.20668165684391,94.31540933031489,23198200
2018-06-22,92.77243041992188,93.10504094237423,92.0517543155675,92.77243041992188,38923100
2018-06-25,90.90608215332031,92.49525354515895,89.89899507888408,92.39361999923388,35433300
2018-06-26,91.5436019897461,92.46753820591452,91.23870134663277,91.30337659980161,26897200
2018-06-27,90.12074279785156,92.41210075359811,89.99139228659527,92.00557359639582,31298400
2018-06-28,91.1278305053711,91.57132301039738,89.86204234447847,89.97291018392937,26650700
2018-06-29,91.10932159423828,92.31044110932791,90.85062066460584,91.40498080654274,28053200
2018-07-02,92.4028549194336,92.44904749678177,90.54574131264793,90.63813351641761,19564500
2018-07-03,91.51587677001953,92.97569050249281,91.4142432314895,92.83710572183665,14670300
2018-07-05,92.17186737060547,92.31969348118511,91.49739091556795,91.93164201070638,18977400
2018-07-06,93.46539306640625,93.71485274866468,92.08872299870986,92.29199009858847,19234600
2018-07-09,94.10289764404297,94.472473522405,93.54853735103673,93.91811322939876,18212000
2018-07-10,94.35234832763672,94.7126828093248,94.11212299015386,94.24147346824331,19293100
2018-07-11,94.22303009033203,94.55564068417857,93.40996160804663,93.45616124420368,19644600
2018-07-12,96.26490783691406,96.46817491378073,94.91596193024918,94.95291317234015,24335900
2018-07-13,97.41057586669922,97.56764329992804,96.17249792172078,96.4312059311872,24635200
2018-07-16,96.93013763427734,97.77091580240884,96.56979607756627,97.3828643401943,21786900
2018-07-17,97.89103698730469,98.39920471390741,96.38502352794147,96.6529658702344,25901700
2018-07-18,97.12416076660156,97.98342158084101,96.7545849343025,97.88178805073196,29493900
2018-07-19,96.45895385742188,97.29973224867813,95.98774435735643,96.94863898241697,40171600
2018-07-20,98.18669128417969,99.9698883306532,98.01114820954078,99.8590205043704,56004000
2018-07-23,99.75740814208984,99.91447562871717,98.0573616044194,98.2144361401216,29707000
2018-07-24,99.4709701538086,100.5427324315701,99.101394280794,100.31174839207016,26316600
2018-07-25,102.39981079101562,102.69546997771431,99.41549492762215,99.74811239379204,30702100
2018-07-26,101.28187561035156,102.5569048628724,101.17100074310385,102.3166795083721,31372100
2018-07-27,99.48945617675781,101.79929681324543,98.06659349879253,101.79929681324543,37005300
2018-07-30,97.35515594482422,99.35085438957894,96.79155432197865,99.03671947799867,34668300
2018-07-31,98.01111602783203,98.60243440409371,97.36435670755947,98.38992605837261,27655200
2018-08-01,98.1959457397461,98.35301321401542,97.40135998287572,97.96496167202969,23628700
2018-08-02,99.38780975341797,99.86825344199397,96.86546100344243,97.38287003237808,26104300
2018-08-03,99.82205200195312,99.83129333622254,98.69484888955505,99.60030932299581,18659600
2018-08-06,99.90521240234375,100.17315472915924,99.37856908386456,99.89597811626528,20265900
2018-08-07,100.5981674194336,100.80143450421558,99.94217358613854,100.30250812767986,16080200
2018-08-08,101.16177368164062,101.40199907003469,100.4873041956721,101.01394755352618,15487500
2018-08-09,101.32806396484375,101.7807977004454,101.26338872391102,101.3650222523871,13677200
2018-08-10,100.70903778076172,101.34655596370116,100.13619484470937,101.09708926208432,18183700
2018-08-13,99.97913360595703,101.2449287154656,99.87750006181025,100.93078674744636,18472500
2018-08-14,101.22644805908203,101.40199819320668,99.82206813330617,100.30251185686602,16788300
2018-08-15,99.85376739501953,101.0873260717042,99.07467062828121,100.6235801865173,29982800
2018-08-16,99.83518981933594,100.96673064188663,99.51984608909012,100.44733763856459,21384300
2018-08-17,99.77957153320312,100.07636863207712,98.95410438082854,99.57552220093957,18061500
2018-08-20,99.12104797363281,100.07636336421592,98.75932674955185,99.71464214013496,17914200
2018-08-21,98.29557037353516,99.56622943361616,98.17499192757718,99.16740773217033,22881900
2018-08-22,99.2972640991211,99.55696065590512,98.11007579599384,98.17499993518985,18000600
2018-08-23,99.7610092163086,100.33605664211588,99.1210447279977,99.38074128281376,18167700
2018-08-24,100.54010009765625,100.6884950876742,99.76100340241206,99.8630280538869,17234000
2018-08-27,101.65309143066406,101.69019194872996,100.64212884911944,101.34701746377063,19662300
2018-08-28,102.26525115966797,102.48784721753718,101.829328867365,101.96845405710867,19151500
2018-08-29,103.89763641357422,103.9069133136329,102.2745256371733,102.4414744572226,20818000
2018-08-30,103.83269500732422,104.44484293782575,103.35967932597329,103.572998458457,22798700
2018-08-31,104.1851577758789,104.60252626414608,103.43388459031657,103.59156357753398,23222700
2018-09-04,103.61011505126953,103.84198801676146,102.22815415827401,102.8124714838812,22634600
2018-09-05,100.62358093261719,103.34113212301044,100.26185970558538,102.96086417396192,32872400
2018-09-06,100.85543823242188,101.08731114076691,99.71462748603606,100.40096931340149,23477600
2018-09-07,100.3638916015625,100.83691442339288,99.45495355701134,100.3824454011173,22498600
2018-09-10,101.44905853271484,101.69020840105836,100.50301993567709,100.94821207209435,20727900
2018-09-11,103.17418670654297,103.49880742399567,100.99458237370227,101.00385927311548,24301800
2018-09-12,103.61011505126953,103.7399633458489,102.49712764738881,103.3504184621108,18891100
2018-09-13,104.72310638427734,105.48364940518745,103.99038698619792,103.99038698619792,26055600
2018-09-14,105.14974975585938,105.48364737580597,104.28718208369749,105.14047285636059,19122300
2018-09-17,104.00891876220703,105.45580355107921,103.74922221817357,105.44653372893525,20736500
2018-09-18,105.00135040283203,105.45581942329297,103.61938954196852,104.05531183914992,22170900
2018-09-19,103.60079956054688,105.10333836467906,102.98865883929216,104.85291876875638,21728400
2018-09-20,105.33524322509766,105.54856945218484,103.81415724233963,104.13877795642809,23714500
2018-09-21,105.9752197265625,106.93053519053329,105.2796008458613,105.73406986658308,71229700
2018-09-24,106.35547637939453,106.56880259362794,104.08312444149307,104.83439048828816,27334500
2018-09-25,106.15144348144531,106.75431462235404,105.50220199197531,106.47607130238184,22668000
2018-09-26,105.71552276611328,106.71720857283623,105.49291963021827,106.16999178521358,19352000
2018-09-27,106.1143569946289,106.57810296787449,105.91957745880802,106.45752448606136,19091300
2018-09-28,106.07720184326172,106.26269730655842,105.4372304653509,105.91025309581534,21647800
2018-10-01,107.2273178100586,107.29224194710467,106.41112764773645,106.42967436852095,18883100
2018-10-02,106.80067443847656,107.4406389222403,106.14215615738615,106.93979961362533,20787200
2018-10-03,106.8192367553711,107.75600552352867,106.59664068835393,107.05110972240604,16648000
2018-10-04,104.61177825927734,106.43893784078179,103.53588460828412,106.29981268574655,34821700
2018-10-05,103.99964141845703,104.96423363230741,102.61768077151183,104.46338726687355,29068900
2018-10-08,102.81246948242188,103.90691014128626,101.41195481677818,103.56374268780753,29640600
2018-10-09,104.12022399902344,104.88076693755482,102.7660869170627,103.08143070992189,26198600
2018-10-10,98.4625244140625,103.41532680340741,98.11934993015274,103.17417697481676,61376300
2018-10-11,98.23065948486328,101.03168159451144,96.64464228706751,97.71125926742457,63904300
2018-10-12,101.6252670288086,103.1741764960841,99.35291515531817,101.10587393228512,47742100
2018-10-15,99.798095703125,101.54178445663729,99.19522474209573,101.01311452260842,32068100
2018-10-16,102.95157623291016,103.33185121737345,101.05021546299355,101.59743923250416,31610200
2018-10-17,102.68258666992188,103.70282593999484,101.60670017230639,103.5822545882531,26548200
2018-10-18,100.63285827636719,102.51566546031356,100.01144048115152,102.11684371128545,32506200
2018-10-19,100.78125762939453,102.82173666263786,100.36388209336712,101.03167729005055,32785500
2018-10-22,101.68090057373047,102.52492131811472,100.39168782833853,101.39338044490471,26545600
2018-10-23,100.26185607910156,101.0687764435557,97.4886577467644,99.95578210539132,43770400
2018-10-24,94.90097045898438,100.62359375559767,94.2238982617801,100.54939978187521,63897800
2018-10-25,100.44737243652344,101.34703360717594,98.45326349909486,98.82426166264925,61646800
2018-10-26,99.20450592041016,100.86471682113884,97.16402712324401,98.02659463979691,55523100
2018-10-29,96.31999206542969,100.8183244814971,94.26095977746432,100.27110788622272,55162000
2018-10-30,96.2087173461914,96.81158129143232,92.85119483807064,96.14379321011006,65350900
2018-10-31,99.06536865234375,100.29893409297065,97.74833237008889,97.7947097773481,51062400
2018-11-01,98.23990631103516,99.538395936368,97.87818516146233,99.28797632366341,33384200
2018-11-02,98.4625244140625,99.5384111298819,97.36808390116677,98.75932148148168,37680200
2018-11-05,99.71465301513672,99.92797218275669,98.22139053699132,98.65731284847745,27922100
2018-11-06,99.90939331054688,100.94817934286148,98.57380318191481,99.59404249630914,24340200
2018-11-07,103.84197998046875,104.10167654952967,101.46760326196797,101.50470378271963,37901700
2018-11-08,103.6471939086914,104.07383922686732,102.86810430407449,103.69357132257569,25644100
2018-11-09,101.6252670288086,103.36894890728041,100.87400100330854,102.81245529297665,32039200
2018-11-12,99.12104797363281,101.98699414538214,98.40687534830326,101.48614774060833,33621800
2018-11-13,99.18598937988281,100.85547061020337,98.90773897006179,99.75176002397086,35374600
2018-11-14,97.77941131591797,100.84404262970372,97.31366200573966,100.69499943919682,39495100
2018-11-15,99.93115997314453,100.41554318277635,96.79201451270134,97.7980275119949,38505200
2018-11-16,100.87198638916016,101.42156716358255,99.48405543557858,99.74487391203466,33502100
2018-11-19,97.45338439941406,101.12348398712622,96.4566811989798,100.8533485450012,44773900
2018-11-20,94.74270629882812,95.91639633327237,92.54436939287757,94.82654485467302,64052500
2018-11-21,96.04682159423828,97.27639946682828,95.23641525059722,96.50325392014697,28130600
2018-11-23,96.00955963134766,96.69886659980608,95.01285642178213,95.17120947686023,13823100
2018-11-26,99.17664337158203,99.32567943146275,97.41611182945199,97.61172565560318,32336200
2018-11-27,99.80073547363281,99.97772243930534,98.1426695008122,98.99032932777132,29124500
2018-11-28,103.50813293457031,103.70374679899133,100.4714453342876,100.49938915680907,46788500
2018-11-29,102.64181518554688,103.50810901739531,101.56127358592126,102.77222439836113,28123200
2018-11-30,103.2938461303711,103.36836770014831,101.86865486553013,103.11685917884223,33665600
2018-12-03,104.41168212890625,105.65057706112067,103.14485048054775,105.25934932677006,34732800
2018-12-04,101.08623504638672,104.9240122203262,100.79747272569772,104.27196597787652,45197000
2018-12-06,101.71034240722656,101.75691307682693,97.80736069210813,98.571189319909,49107400
2018-12-07,97.63968658447266,101.95252270379027,97.15531042150945,100.95581944914147,45044900
2018-12-10,100.21992492675781,100.58321589710641,96.77338315704243,97.62105024323934,40801500
2018-12-11,101.15143585205078,103.3497732532786,100.08021808086185,102.27855548208967,42381900
2018-12-12,101.60786437988281,103.64784138864907,101.57060358476228,103.29387449515909,36183000
2018-12-13,101.95252227783203,103.27525573444744,101.18869368500059,102.07362164814482,31333400
2018-12-14,98.76678466796875,101.77552794537948,98.27309160080141,100.83471247191235,47043100
2018-12-17,95.84188842773438,98.55255270961447,94.74271981791584,98.18926883157675,56957300
2018-12-18,96.84791564941406,97.35092577256086,95.49723834463913,96.64298480960196,49319200
2018-12-19,96.58708953857422,99.55856516091758,94.40737917704242,96.54982874275306,68198200
2018-12-20,94.55644226074219,97.16463455621393,92.01344748821633,95.99095122129889,70334200
2018-12-21,91.50110626220703,95.9443512463454,90.78384839445772,94.66819566647624,111242100
2018-12-24,87.68196868896484,91.25892733604238,87.54224957158644,90.98879186449251,43935200
2018-12-26,93.67150115966797,93.79260053145383,87.52361154419525,88.62278022595936,51634800
2018-12-27,94.24903106689453,94.2583480430309,89.79646878096001,92.49781621209479,49498500
2018-12-28,93.51314544677734,95.3947766299849,92.70273909280928,95.09669025050847,38196300
2018-12-31,94.61231231689453,95.38545785887824,93.55972145956619,94.35149384653143,33173800
2019-01-02,94.19313049316406,94.77997198732669,92.1624634871992,92.73067813841664,35329300
2019-01-03,90.72794342041016,93.32682474732268,90.54163948078623,93.24298619779975,42579100
2019-01-04,94.9476547241211,95.48792562993353,92.15315886108223,92.88904362449493,44060600
2019-01-07,95.06877899169922,96.19589184975948,94.06276554347237,94.67755114479029,35656100
2019-01-08,95.75804901123047,96.84790055480005,94.7427119468028,95.98160666219535,31514400
2019-01-09,97.12735748291016,97.69557220674126,96.16791504630794,96.74544674618706,32280800
2019-01-10,96.50325775146484,96.64298396891861,95.36682827277113,96.14929082644984,30067600
2019-01-11,95.75804901123047,96.3542074849832,94.67750733582264,96.12133285908699,28314200
2019-01-14,95.0594253540039,95.82325384444417,94.32354068165286,94.9196991567882,28437100
2019-01-15,97.81665802001953,97.85391881227768,94.9010632100521,95.48791180465614,31587600
2019-01-16,98.16130065917969,98.98102381475704,97.77007302952809,98.0495253974329,29853900
2019-01-17,98.85062408447266,99.32568320599165,97.58378554688275,97.80734319858404,28393000
2019-01-18,100.33169555664062,100.50868253341369,98.65500263810978,100.09882094794725,37427600
2019-01-22,98.44075775146484,99.76348386192099,97.67692929687207,99.4374608215648,32371300
2019-01-23,99.40021514892578,99.70761139377449,98.12405950340775,98.85063438398751,25874300
2019-01-24,98.92513275146484,99.67033435571054,98.12404351426993,99.53992514098293,23164800
2019-01-25,99.82869720458984,100.49006031768445,98.92514248028162,99.89390181836622,31225600
2019-01-28,97.88187408447266,99.18597353904319,97.49064638013259,98.98104271102594,29476700
2019-01-29,95.88847351074219,97.77941463721287,95.17121556891286,97.69557606301235,31490500
2019-01-30,99.09280395507812,99.09280395507812,97.18323636961247,97.45337177674814,49471900
2019-01-31,97.27642059326172,98.01230550280232,96.11204708578073,96.68957890392919,55636400
2019-02-01,95.73941040039062,96.96898808099108,95.33886577907846,96.6709088586264,35535700
2019-02-04,98.4966812133789,98.55257597403556,95.7301286377317,95.8232842032355,31315100
2019-02-05,99.8752670288086,99.92183768821825,98.70157696743796,98.79472539302657,27325400
2019-02-06,98.76678466796875,99.6703393486801,98.30103541867585,99.6703393486801,20609800
2019-02-07,98.05884552001953,98.35692476046651,97.14598095536239,97.98433103998504,29760700
2019-02-08,98.43145751953125,98.53392293632469,97.11804816018798,97.23914042241182,21461100
2019-02-11,98.04022979736328,99.27912466812353,97.77941132073386,98.92515064403747,18914100
2019-02-12,99.56787109375,99.8007457117271,98.25446194387918,98.86924723981868,25056600
2019-02-13,99.49337005615234,100.39692489757431,99.40022161107984,100.13610640866298,18394900
2019-02-14,99.57720947265625,99.94049338624748,98.42215310910387,99.02762156057535,21784700
2019-02-15,100.8067855834961,100.88130718152279,100.00569617163606,100.51802327460611,26606900
2019-02-19,100.76019287109375,101.21663226126545,100.39690901803118,100.40622599309603,18038500
2019-02-20,100.23634338378906,100.97537093315574,99.43183274205428,100.90053107412884,21607700
2019-02-21,102.35050964355469,102.41599272737103,99.97439795817183,100.00246111736158,29063200
2019-02-22,103.80984497070312,104.02500060337063,102.73404539600429,102.94920816579223,27763200
2019-02-25,104.38984680175781,104.94178179394864,104.08114489937165,104.54888327300539,23750600
2019-02-26,105.11019134521484,105.93340849711565,103.99697148371584,104.08116812105814,21536700
2019-02-27,104.93244171142578,105.11018460554494,103.72567565913093,104.48341679813421,21487100
2019-02-28,104.80146026611328,105.59661408457713,104.52082152042553,104.81081703210592,29083900
2019-03-01,105.26919555664062,105.72757715712973,104.46468499579466,105.60596775127947,23501200
2019-03-04,105.0166015625,105.94272136678296,103.65080662914862,105.72755861572742,26608000
2019-03-05,104.49273681640625,105.13821797560405,104.05306879506546,105.00725181824801,19538300
2019-03-06,104.53952026367188,105.39080747866157,104.2401680079095,104.65178003600305,17687000
2019-03-07,103.26728820800781,104.35244477254916,102.78084338960363,104.21212181856579,25339000
2019-03-08,103.3795394897461,103.5666319882436,101.77987507509204,102.11664728208461,22818400
2019-03-11,105.5498275756836,105.66208020108043,103.81919727532129,103.82854690269093,26491600
2019-03-12,106.28888702392578,106.63500890616037,105.38147329686981,105.5405026555788,26132700
2019-03-13,107.1120834350586,107.57982179067021,106.43853906103854,106.76595448254248,35513800
2019-03-14,107.19627380371094,107.76691517326698,106.95305499549957,107.14950425003381,30763400
2019-03-15,108.43112182617188,109.68465734139798,107.19628556992394,107.89789318618023,54681100
2019-03-18,109.98399353027344,110.02141345411441,108.5620721099197,108.67432474432194,31207600
2019-03-19,110.058837890625,110.79786535826463,109.4414198276143,110.47044279551113,37588700
2019-03-20,109.93721008300781,111.08784947474227,109.17947629889015,109.81560069084085,28113300
2019-03-21,112.4630126953125,113.02429730126065,109.53496598679597,109.58174267775873,29854400
2019-03-22,109.49755096435547,111.87365550981598,109.48819419892963,111.78946603234603,33624500
2019-03-25,110.06820678710938,110.39562224882705,108.81466412880512,109.03917656867985,27067100
2019-03-26,110.30204772949219,111.0504247163487,109.31043769465538,110.96623524938933,26097700
2019-03-27,109.23560333251953,110.58269196837978,108.06625754086872,110.27398296647507,22733400
2019-03-28,109.38529205322266,109.99335334252171,108.6369078299129,109.86238717401064,18334800
2019-03-29,110.33012390136719,110.6856024767777,109.41335359819583,110.45173330258429,25399800
2019-04-01,111.34043884277344,111.42463546097007,110.47980195188099,111.27495575622991,22789100
2019-04-02,111.49946594238281,111.77075503158302,110.87269115286203,111.37784940822239,18142300
2019-04-03,112.22913360595703,112.65945200376156,111.46204304689326,112.12623060462113,22860700
2019-04-04,111.65850067138672,112.47236797841246,110.74173035529608,112.35075143836075,20112800
2019-04-05,112.1543197631836,112.47238560572077,111.66787493810098,111.68658133489869,15826200
2019-04-08,112.19172668457031,112.27591616608073,110.98496082307267,112.07946690543524,15116200
2019-04-09,111.58367919921875,111.82690518225999,110.92884824924857,110.97561781017669,17612000
2019-04-10,112.43497467041016,112.5846472681325,111.82691323756718,112.03271930441765,16477200
2019-04-11,112.56591796875,113.05236273378559,112.18236907908332,112.76236722792521,14209100
2019-04-12,113.14590454101562,113.17397483732881,112.60333347668178,112.85590904653368,19745100
2019-04-15,113.23944854736328,113.7352500177085,112.7904166260935,113.13654554742897,15792600
2019-04-16,112.9775161743164,113.80074022536331,112.35074850790258,113.79138346011395,14071800
2019-04-17,113.91299438476562,113.98783423352094,112.76236204291591,113.41719287672299,19300900
2019-04-18,115.40975952148438,115.55007531249971,113.47332309714598,114.30589676373317,27991000
2019-04-22,115.77461242675781,115.99912486358359,114.66139273491385,114.70816943043332,15648700
2019-04-23,117.34620666503906,117.47717284003048,115.84008851551653,116.09266409953676,24025500
2019-04-24,116.9439468383789,117.72974385784991,116.4855581065665,117.67361753849369,31257000
2019-04-25,120.81684112548828,122.89360107481555,120.51749592721113,121.66812856694803,38033900
2019-04-26,121.50908660888672,122.0984415879413,120.6952263229495,121.33134372477541,23654900
2019-04-29,121.39681243896484,121.78034702832593,121.00391394731408,121.51841470055876,16324200
2019-04-30,122.17324829101562,122.26678738541601,121.04131533712342,121.4342137917809,24166500
2019-05-01,119.6287612915039,122.22002868522291,119.46037519514202,122.10777604572901,26821700
2019-05-02,118.0665054321289,119.74100946786045,117.42102426908771,119.72230307546404,27350200
2019-05-03,120.58293914794922,121.07874064972249,119.03940832533303,119.14231133179021,24911100
2019-05-06,119.88134765625,120.26489657469453,117.97298124189926,118.2349136071191,24239800
2019-05-07,117.42102813720703,118.97392283071704,116.20491275200963,118.30037848833297,36017700
2019-05-08,117.41168975830078,118.216200340214,116.70072542465444,117.34620667080186,28419000
2019-05-09,117.40232849121094,117.67361759676865,115.59685813410827,116.2704025152004,27235800
2019-05-10,118.92716217041016,119.67554645994625,115.8307362682696,116.8504096843345,30915100
2019-05-13,115.39105987548828,117.44911308249895,115.10106435633591,116.1020242297008,33944900
2019-05-14,116.6820297241211,117.75782238347155,115.71848258100876,115.87751906847197,25266300
2019-05-15,118.32515716552734,118.97302773764963,116.14681772871896,116.67262874004524,24722700
2019-05-16,121.05746459960938,121.47999884235203,118.7382900186178,119.01058333715997,30112200
2019-05-17,120.25,122.49406504387602,120.10915046544845,120.4753363319527,25770500
2019-05-20,118.51294708251953,119.79928963723597,118.08103576395764,118.79462463973465,23706900
2019-05-21,119.15142059326172,119.7429498825604,118.85096024835038,119.64905736793929,15293300
2019-05-22,119.87443542480469,120.40963795600788,118.79465328624796,118.88855299150296,15396500
2019-05-23,118.47539520263672,118.57867912839684,117.12331992980627,118.49417084207474,23603800
2019-05-24,118.53172302246094,119.63967194282175,118.27821250396839,119.16081794527584,14123400
2019-05-28,118.45661163330078,120.1842568875603,118.35332771445485,119.22654174244512,23128400
2019-05-29,117.31108856201172,117.73360841807327,116.46604168634961,117.72421701847176,22763100
2019-05-30,118.0528793334961,118.08104637539486,117.16088241330488,117.61157657430707,16829600
2019-05-31,116.12804412841797,117.0106496000148,115.7900253164677,116.64446374765873,26646800
2019-06-03,112.52249145507812,116.77589284851813,111.74317721677703,116.28764036109636,37983600
2019-06-04,115.6397933959961,115.75246155243883,113.28305322202273,113.87458253396697,29382600
2019-06-05,118.14677429199219,118.18433273647689,116.62568952629525,117.32050284041028,24926100
2019-06-06,120.0152359008789,120.15607824602701,117.93078925059689,118.71950208530272,21459000
2019-06-07,123.37663269042969,124.17473691941989,120.4283635173731,121.3015846183806,33885600
2019-06-10,124.50338745117188,125.89301394446198,123.94001800214821,124.31558808344383,26477100
2019-06-11,124.03392791748047,126.04325810502874,123.26399056210855,125.70523927314767,23913700
2019-06-12,123.46117401123047,123.91186101074868,122.72880226435784,123.37665855806716,17092500
2019-06-13,124.240478515625,124.87895048320266,123.52687534353302,123.92122820475676,17200800
2019-06-14,124.36255645751953,125.62073217713781,123.60201761696047,124.18415562784126,17821700
2019-06-17,124.7381362915039,125.56439342822556,124.43766873118197,124.53156842555303,14517800
2019-06-18,126.90704345703125,126.98216032278452,125.41413335876248,125.99627115950389,25934500
2019-06-19,127.40467834472656,127.63001461170487,125.63946784231928,126.75680792300997,23744400
2019-06-20,128.58779907226562,129.2544526151439,127.43290716283161,129.05726895885812,33042600
2019-06-21,128.6064910888672,129.32007965497584,128.12763730034249,128.24030540891917,36727900
2019-06-24,129.36709594726562,129.94923391012415,128.63472421106255,128.63472421106255,20628800
2019-06-25,125.2826919555664,129.18868375607914,124.62543716391279,128.86944776114453,33327400
2019-06-26,125.7521743774414,127.4516670966558,125.44233691572948,126.14654161923751,23657700
2019-06-27,125.95870971679688,126.4845277944096,125.35778909803145,125.94932548092221,16557500
2019-06-28,125.78031921386719,126.38123981324132,125.02916488288021,126.35307277944857,30043000
2019-07-01,127.3953628540039,128.35308559440313,126.72872352672258,128.28736724937326,22613500
2019-07-02,128.24038696289062,128.24977120221527,127.07609656790167,127.80846839354673,15237800
2019-07-03,129.06661987304688,129.32952176630556,127.96804813619187,128.44691641304627,13629300
2019-07-05,128.69107055664062,128.94458828243083,127.43289482092752,127.63946269718878,18141100
2019-07-08,128.5972137451172,128.72866475674292,127.10428843019217,128.0713953715285,16779700
2019-07-09,128.12771606445312,128.6065701473444,127.50801243218257,127.69579750427232,19953100
2019-07-10,129.43283081054688,130.1182527134232,128.65350921595316,128.75679314600973,24204400
2019-07-11,129.94923400878906,130.71917135245343,129.45159717040355,129.7614489555064,22327900
2019-07-12,130.41868591308594,130.63465230545916,129.58303036260477,130.37175040151538,18936800
2019-07-15,130.41868591308594,131.01960659739734,130.0055645833737,130.925721247177,16651500
2019-07-16,128.7097930908203,130.55950454485037,128.18398940731294,130.4750034515172,22726100
2019-07-17,127.94930267333984,129.50793151308068,127.90235282815485,129.29197941772716,20211000
2019-07-18,128.09010314941406,128.2778881521538,126.44695930305605,127.27323050760369,30381800
2019-07-19,128.27792358398438,132.08063182989423,128.1183055712134,131.65811187525563,48992400
2019-07-22,129.97740173339844,130.69100499753577,128.94457677137632,129.01969365850033,25074900
2019-07-23,130.78489685058594,131.44216606376384,129.60183805561326,131.22619962991078,18034600
2019-07-24,132.12754821777344,132.14633101660243,130.37173619482098,130.41867170127696,20738300
2019-07-25,131.6299285888672,132.02428145300124,130.81305582223808,131.85526489575548,18356900
2019-07-26,132.70968627929688,133.02892222458237,131.73319564457722,131.7989139499818,19037600
2019-07-29,132.4186553955078,132.8693424081042,130.86001216505483,132.85995816951657,16605900
2019-07-30,131.78016662597656,132.59703941914336,131.26374702744815,131.5829830239639,16846500
2019-07-31,127.94930267333984,131.91162891198903,126.83196226251054,131.76139513822952,38598800
2019-08-01,129.62997436523438,132.33412448643287,128.56896823324885,128.6347008698151,40557500
2019-08-02,128.54080200195312,129.87410859795295,127.00094191264206,129.6581422139498,30791600
2019-08-05,124.13719177246094,125.7521544557483,122.79450090039946,125.16063234092599,42749600
2019-08-06,126.46578979492188,127.39533092351425,125.07616305809142,125.63013403956727,32696700
2019-08-07,127.01976776123047,127.36717088277113,123.78042850119981,125.62074238118574,33414500
2019-08-08,130.40931701660156,130.50321670494685,127.63004957030374,128.25915169347147,27496500
2019-08-09,129.30136108398438,130.8693882840778,128.12768674315882,130.14640087854704,23466700
2019-08-12,127.49859619140625,129.44220795216162,126.98219089651707,128.7004520057545,20484300
2019-08-13,130.1370391845703,130.3248242462156,126.75685076662751,127.74274024911765,25154600
2019-08-14,126.2179946899414,128.9876709428983,125.92595653908157,128.46011629943715,32527300
2019-08-15,125.93541717529297,126.78328547751407,124.58826925452,126.60429057899658,28074400
2019-08-16,128.24346923828125,128.5543527918804,126.91515252057269,127.06588655409749,24449100
2019-08-19,130.39134216308594,130.5232308115599,128.9593979976653,129.86378756919007,24355700
2019-08-20,129.30796813964844,130.67397527772653,129.2891371703459,130.2029422990198,21170800
2019-08-21,130.74935913085938,131.40881695837308,130.00513317166792,130.52327244694763,14970300
2019-08-22,129.79786682128906,131.13559896566568,128.3941831496518,130.62688959377687,18697000
2019-08-23,125.6622314453125,130.33488692548528,125.10641574171298,129.242086495675,38508600
2019-08-26,127.60285186767578,127.70647971488354,126.14264652058024,127.16950950647102,20312600
2019-08-27,127.87602996826172,128.79925052190953,126.85859707504822,128.48836705108445,23102100
2019-08-28,127.70649719238281,127.89490756542179,125.81294922493764,127.06589904909232,17393300
2019-08-29,130.11817932128906,130.41964740606196,128.97828726586653,129.29858632484562,20168700
2019-08-30,129.8732147216797,131.1167343226189,128.37533328483565,131.08847349360568,23940100
2019-09-03,128.15867614746094,129.2514763606266,127.8383770978469,128.69566076721597,18869300
2019-09-04,129.65650939941406,129.7130310425425,128.5731251985846,129.34562598742554,17995900
2019-09-05,131.93637084960938,132.24725441272497,130.72109743244937,131.05082634402962,26101800
2019-09-06,131.0414276123047,132.05884656285806,130.19355932045568,131.91754236827867,20824500
2019-09-09,129.5529327392578,131.6537360953013,128.55434498368882,131.50300207093187,25773900
2019-09-10,128.1963653564453,128.95943664952355,126.71731457867034,128.87465414469017,28903400
2019-09-11,128.23406982421875,128.37538840474798,127.26374261204462,128.03624393618668,24726100
2019-09-12,129.5529327392578,130.40078647045735,128.94058115580236,129.86381627397438,27010000
2019-09-13,129.3645477294922,130.06166757283842,128.65799802353388,129.79789016593057,23363100
2019-09-16,128.43190002441406,128.78045995445083,127.80071733025433,127.96086687580612,16731400
2019-09-17,129.4304656982422,129.55293889571084,128.526075883836,129.02538416013576,17814200
2019-09-18,130.4949951171875,130.63629927677184,128.6202784762406,129.40219503377762,23982100
2019-09-19,132.89724731445312,134.12192152057884,131.95518138679623,132.17185252521745,35772100
2019-09-20,131.36167907714844,133.44363678800835,130.24061829063047,132.8407151517448,39167300
2019-09-23,131.0790557861328,131.54067327683077,130.4196124956969,131.1638382717348,17139300
2019-09-24,129.42103576660156,132.53927202509888,128.95000275172796,132.2283885103079,29773200
2019-09-25,131.28636169433594,131.85160723093153,128.1492791532917,129.53411778063892,21382000
2019-09-26,131.45590209960938,132.058823850773,130.41963797640327,131.36170411102069,17456600
2019-09-27,129.75079345703125,132.22843254021143,128.7333600811412,132.03059228318074,22477700
2019-09-30,130.97544860839844,131.1544434671942,129.79786598451886,130.05222785621746,17280900
2019-10-01,129.12901306152344,132.1247764949872,129.06306153164525,131.56896092082206,21466600
2019-10-02,126.84922790527344,128.46958317250093,125.84122438862369,128.35653981076607,30521700
2019-10-03,128.384765625,128.82753783738573,125.5020456888973,127.1318160000348,24132900
2019-10-04,130.11817932128906,130.24065252757674,128.51666965160405,128.82755322348007,22897700
2019-10-07,129.17613220214844,130.1747202246016,129.08193419283285,129.1949775539282,15303700
2019-10-08,127.81008911132812,129.77900354925353,127.76298293761796,129.13840558611045,25550500
2019-10-09,130.2312469482422,130.66458938458436,129.03481875481043,129.49643640419197,19749900
2019-10-10,131.0414276123047,131.57839792649725,130.24066551024578,130.4667665963637,17654600
2019-10-11,131.5878143310547,132.8596095902909,131.4182492963784,132.00232580442918,25446000
2019-10-14,131.46534729003906,132.16246711107746,131.43708645268833,131.59723598927255,13304300
2019-10-15,133.36830139160156,133.57554270369167,131.71025589658038,131.94577241577883,19695700
2019-10-16,132.27549743652344,132.82189747010992,131.4464747131802,132.63347276041398,20751600
2019-10-17,131.59722900390625,133.22699949537883,130.96604637859363,132.7842272340001,21460600
2019-10-18,129.4492950439453,131.88924258175905,128.64853317835568,131.66314156240998,32273500
2019-10-21,130.41021728515625,130.4761688191154,129.07248500490974,130.4290626341145,20078200
2019-10-22,128.46958923339844,131.8987103241201,128.365961355322,130.91896760168206,27431000
2019-10-23,129.28916931152344,129.48699516187958,127.75359681926605,128.95002490755215,29844600
2019-10-24,131.83277893066406,132.28496679355064,130.63635053584218,131.31463951756854,37029300
2019-10-25,132.57696533203125,132.9632159036771,131.13560527178078,131.26749395785637,25959700
2019-10-28,135.83657836914062,137.23083284050418,135.19596563918776,136.03440429508277,35280100
2019-10-29,134.5553436279297,136.12859276746443,134.3857642035696,135.73292661034722,20589500
2019-10-30,136.232177734375,136.59958293417193,134.51761055213072,135.20532914709477,18496600
2019-10-31,135.0640106201172,136.53363141942768,134.70603528104652,136.5053705867323,24605100
2019-11-01,135.39376831054688,136.0532118384025,134.68721859324643,135.90247778209527,33128400
2019-11-04,136.1756591796875,136.59958605455438,135.8082539714978,136.43943654070637,16912000
2019-11-05,136.09085083007812,136.61840545191018,135.57271169264115,136.57129928036403,18250200
2019-11-06,135.7140350341797,136.14739174901885,134.903857643227,136.00607321438574,16575800
2019-11-07,135.9024658203125,136.48655664339515,135.4408625788381,135.50679973842463,17786700
2019-11-08,137.50396728515625,137.5322281167354,135.43141047077083,135.63866615220937,16732700
2019-11-11,137.6453094482422,137.93734770505276,136.34525333749465,136.91991436291875,14362600
2019-11-12,138.54965209960938,139.02068509478076,137.5981562495,137.8054119173583,18641600
2019-11-13,138.7758026123047,138.9171212007731,137.80547534561825,138.2388322255447,16919200
2019-11-14,139.48231506347656,139.81204397344354,138.48372722157296,138.5025725699454,19729800
2019-11-15,141.28167724609375,141.30052259611287,139.68016748943623,140.30192029216403,23485700
2019-11-18,141.63023376464844,141.82807399813032,140.3490231150802,141.37588623204445,21534000
2019-11-19,141.6772918701172,142.5628361269842,141.4982970469481,142.13890934172244,23935700
2019-11-20,141.43154907226562,142.58478171593035,140.33504484728581,142.0837888619762,25696800
2019-11-21,141.29920959472656,141.60170346192638,140.37284736790474,141.2235861279266,18576100
2019-11-22,141.40321350097656,142.0743628652784,140.67536455680172,141.85695437699914,15901800
2019-11-25,142.95347595214844,143.0669183966426,141.71517197952124,141.7907954679488,22420900
2019-11-26,143.70970153808594,144.07835704250238,143.03856649287692,143.0763710265862,24620100
2019-11-27,143.9838409423828,144.15398298252413,143.22762044199553,143.99328847004412,15184400
2019-11-29,143.09523010253906,143.96487830859544,143.00069716600424,143.77582685922684,11977300
2019-12-02,141.36541748046875,143.52063628831266,140.20273706606196,143.50172681141444,27418400
2019-12-03,141.13853454589844,141.25196254984613,138.62410801789912,139.41814731664337,24066000
2019-12-04,141.6489715576172,141.96089852915804,141.03453629170258,141.92309400717485,17574700
2019-12-05,141.72457885742188,142.09324866665452,141.29920947776307,141.83802126937863,17869100
2019-12-06,143.4449920654297,143.55842006301026,142.04599387502634,142.72659070791502,16403500
2019-12-09,143.07630920410156,143.87979582937618,142.6509398710679,142.80218678796427,16687400
2019-12-10,142.8589630126953,143.5773645453765,142.50920256203605,143.01019557177662,16476100
2019-12-11,143.3977508544922,143.55844535394203,142.1027329082931,143.24650388193757,18856600
2019-12-12,144.8534393310547,145.0424907847881,142.7549350201009,143.35044637817603,24612100
2019-12-13,146.07281494140625,146.41311328444695,144.4658561529305,144.6265505894081,23845400
2019-12-16,147.0181121826172,147.367858109915,146.34697732625102,146.62109978370296,24144200
2019-12-17,146.22410583496094,147.18828716752594,145.99723539679744,146.94250725358953,25425600
2019-12-18,145.92161560058594,146.97086796505727,145.74201163546948,145.85545406926653,24129200
2019-12-19,147.1883087158203,147.24502272773813,145.33556925883798,145.57188725763285,24958900
2019-12-20,148.7952423095703,149.81613761741565,147.7365280512288,148.7385283075295,53477500
2019-12-23,148.7952423095703,149.4663772319914,148.66290483024056,149.4663772319914,17718200
2019-12-24,148.7668914794922,149.07883292735974,148.5211115621822,148.86141001224644,8989200
2019-12-26,149.9862518310547,150.0429658225864,148.7857527900638,148.9369997166156,14520600
2019-12-27,150.26043701171875,150.81814400607198,149.56093056923316,150.72361104065038,18412800
2019-12-30,148.96542358398438,150.31717015833533,148.1524890184627,150.28881314983983,16348400
2019-12-31,149.06935119628906,149.1355271417693,147.88776151587507,148.19025539743808,18369400
2020-01-02,151.8295440673828,151.93352453696647,149.66487810348934,150.0902475068035,22622100
2020-01-03,149.9390411376953,151.19625463787472,149.40969112155793,149.65547107455467,21116200
2020-01-06,150.32656860351562,150.3927445508696,147.94447970171677,148.48329153461876,20813700
2020-01-07,148.9559326171875,150.93154722601824,148.71016714066076,150.60071074881336,21634100
2020-01-08,151.3285369873047,151.99968621410528,149.30565620651117,150.23201839712107,27746500
2020-01-09,153.21908569335938,153.34197562938405,152.21710000371593,152.98276776943587,21385000
2020-01-10,152.5101776123047,154.28729354820234,152.35893063399303,153.90919052612892,20725900
2020-01-13,154.34397888183594,154.3723358820374,152.43452580062083,152.9071617022491,21626500
2020-01-14,153.25694274902344,154.64649364113086,152.86937779572435,154.44798018924195,23477400
2020-01-15,154.2494659423828,154.96788183722586,153.67286391435027,153.7201159716805,21417900
2020-01-16,157.07579040527344,157.14196634501582,155.05290962474845,155.35540348008348,23865400
2020-01-17,157.95492553710938,158.30467149192543,156.37630891838617,158.25740501659007,34371700
2020-01-21,157.3877716064453,158.985283427841,157.3215956499593,157.55791362534438,29517200
2020-01-22,156.6315155029297,158.3235598983311,156.61260603057121,158.23847448456866,24138800
2020-01-23,157.59573364257812,157.6713571260564,156.22509226083278,157.09474068527607,19680800
2020-01-24,156.0076141357422,158.36134554616424,155.44990736909463,158.34243607605939,24918100
2020-01-27,153.39866638183594,154.43847085903872,151.4324998218429,152.33050491195482,32078100
2020-01-28,156.40463256835938,156.68820248634813,154.14543420495667,154.81656890912845,24899900
2020-01-29,158.84344482421875,159.5145940552649,156.62206505752158,158.65439337526382,34754500
2020-01-30,163.32403564453125,164.52453468683692,161.44293985569806,164.52453468683692,51597500
2020-01-31,160.91363525390625,162.9648735939353,160.29921427404815,162.7852840446557,36142700
2020-02-03,164.8364715576172,164.9498995377037,161.07428008281042,161.10263707783204,30107000
2020-02-04,170.26235961914062,170.75390501577263,166.66087620777762,167.44545356772943,36433300
2020-02-05,170.0543975830078,174.11906936388917,168.64595177807354,173.9583748825606,39186300
2020-02-06,173.5802459716797,173.75984990152529,170.20561909708994,171.06581980124434,27751400
2020-02-07,173.8259735107422,175.47075109390153,172.4931372497526,172.84289750874808,33529100
2020-02-10,178.37274169921875,178.50507914156995,173.22101454695508,173.53295589471847,35844300
2020-02-11,174.34591674804688,180.2633124685266,173.45735903159144,180.2160459982191,53159900
2020-02-12,174.6011505126953,175.67875972595644,171.89767274276622,175.42353231595447,47062900
2020-02-13,173.65586853027344,176.03794280419976,172.86182934859667,173.06034274994119,35295800
2020-02-14,175.2061309814453,175.26284498070825,172.65388562499024,173.2210544650253,23149500
2020-02-18,176.9832305908203,177.42750947945905,175.3479144568941,175.4518949292075,27792200
2020-02-19,177.51405334472656,178.36711595467847,176.7462941031497,178.25337813017842,29997500
2020-02-20,174.80316162109375,177.48558908217993,171.6562951458951,177.20123010558348,36862400
2020-02-21,169.27716064453125,173.93112500826635,168.00704036902022,173.6183316037425,48572600
2020-02-24,161.97869873046875,165.4478463263177,154.71813679067944,159.02140017038658,68311100
2020-02-25,159.30575561523438,165.72271383699095,158.90764439039998,165.1160881339019,68073300
2020-02-26,161.29623413085938,164.2250980795155,159.43844930371904,160.86022960459255,56206100
2020-02-27,149.93148803710938,158.31999888346724,149.74192019388477,154.80346983288783,93174900
2020-02-28,153.56178283691406,155.17314580344524,144.0737718821789,144.46239539589996,97012700
2020-03-02,163.77964782714844,163.90287344639816,153.8461442900306,156.68970562212584,71030800
2020-03-03,155.93138122558594,165.87437010304947,153.79871075283245,164.73694874353373,71677000
2020-03-04,161.6564483642578,161.79862063132381,156.98352219099715,159.70387209335476,49814400
2020-03-05,157.59967041015625,161.9597896282365,157.0499134181391,157.39114139721516,47817300
2020-03-06,153.14474487304688,154.60443335618072,147.86519228321035,154.1305064578371,72821100
2020-03-09,142.7656707763672,149.52386997124515,142.17800631180205,143.12585968721407,70419300
2020-03-10,152.5286102294922,152.63287471129829,144.6235141245197,149.91253931749316,65354400
2020-03-11,145.6187744140625,149.4765316073589,143.268086730117,148.9362624974482,56371600
2020-03-12,131.8085174560547,145.46709111192325,131.35355178409353,137.72312904394167,93226400
2020-03-13,150.54757690429688,153.46696749285394,133.39142234015029,139.80839474524316,92727400
2020-03-16,128.3583526611328,141.56196287538836,127.9602558230332,132.6995245572196,87905900
2020-03-17,138.9269256591797,139.8084226699975,127.96025125728585,132.69951982237052,81059800
2020-03-18,133.07864379882812,138.386629909358,127.97920110693828,130.8038008732288,81593200
2020-03-19,135.2682342529297,142.32025500628072,131.7516899768333,135.32510317191682,85922700
2020-03-20,130.18768310546875,139.4292546662423,128.77537619356914,138.38661003824973,84866200
2020-03-23,128.88914489746094,133.23980446764403,125.60957912301353,129.865433072782,78975200
2020-03-24,140.60462951660156,141.79893456349842,133.90331065731874,136.25398403659477,82516700
2020-03-25,139.25868225097656,146.28228256625601,136.9080088143488,141.14491656968082,75638200
2020-03-26,147.9694366455078,148.4907590553709,140.63304405067825,140.66147850366175,64568100
2020-03-27,141.89370727539062,146.81307068348792,141.41978038772191,143.8368104074525,57042300
2020-03-30,151.87452697753906,152.2252425259797,142.18746530062617,144.49075629142226,63420300
2020-03-31,149.4860076904297,156.1873255730772,148.3959672991363,151.0878682333424,77927200
2020-04-01,144.17796325683594,149.52385518706035,142.9552388872131,145.02155209901892,57969900
2020-04-02,147.1637725830078,147.372301571524,142.51929484918563,143.9410755182864,49630700
2020-04-03,145.8083038330078,149.1731866089132,144.25382469080233,147.0120818127518,41243300
2020-04-06,156.6517791748047,157.8176351324215,149.3627821810192,151.95990642835253,67111700
2020-04-07,154.96463012695312,161.1351534432699,154.74661332944947,160.74652989617405,62769000
2020-04-08,156.5190887451172,157.9787771039358,154.97408255990595,157.0309233879731,48318200
2020-04-09,156.52859497070312,158.64230515183712,154.81298169836325,157.6849779042444,51385100
2020-04-13,156.8792724609375,156.9361558362128,153.83666995479288,155.7797730783277,41905300
2020-04-14,164.64215087890625,164.68954644676208,159.23938879456708,160.18724229929663,52874300
2020-04-15,162.9170379638672,164.51891243491653,160.41470570549205,162.27249016688722,40940800
2020-04-16,167.80799865722656,168.03548873292664,163.88388524576575,165.2108889927018,50479600
2020-04-17,169.28668212890625,170.61367156696483,166.69903103004185,170.13974470150103,52765600
2020-04-20,165.9312744140625,169.42885704991627,165.86493217267332,167.41941173715273,36669600
2020-04-21,159.06881713867188,164.6137526846759,157.4479809248554,164.4526192889561,56203700
2020-04-22,164.47154235839844,164.92650798593397,161.91234081675324,162.4526097876211,34620200
2020-04-23,162.48106384277344,165.93125039938644,161.99766370912621,165.0307923638797,32790800
2020-04-24,165.44784545898438,165.4573187880793,161.80809117902592,163.087684835539,34277600
2020-04-27,164.97396850585938,167.67534334996145,164.2630781053427,167.38151096517757,33194400
2020-04-28,160.9550323486328,166.50945553550488,160.55693553548355,166.43362550493845,34392700
2020-04-29,168.1776580810547,168.41462148214717,162.9170821472806,164.18720250599264,51286600
2020-04-30,169.86483764648438,170.9927711993211,167.04022371080399,170.61363557217732,53875900
2020-05-01,165.466796875,169.3245532026523,164.93598675176287,166.63265266160045,39370500
2020-05-04,169.51417541503906,169.66583549891993,164.73699847760517,165.39101993412743,30372900
2020-05-05,171.33404541015625,174.0733422773213,170.51889057443753,171.20134645843928,36839200
2020-05-06,173.02120971679688,174.59465034524186,172.15867383336482,172.5852051098927,32139300
2020-05-07,174.02593994140625,174.92639803706723,173.05912514642642,174.56620901356314,28316000
2020-05-08,175.04959106445312,175.35291115035147,173.79843186786684,175.33395002920838,30877800
2020-05-11,177.00216674804688,177.73200352529332,173.31501723341563,173.59936171125372,30892700
2020-05-12,172.99278259277344,177.28655892042042,172.7937414047397,177.0590832769533,32038200
2020-05-13,170.37669372558594,174.45246731650903,167.33407714285644,173.0306868403567,44711500
2020-05-14,171.11605834960938,171.26771844026905,166.5189612853163,168.2819700657037,41873900
2020-05-15,173.60888671875,177.30551035404773,167.77010447055184,169.72268077345782,46610400
2020-05-18,175.26759338378906,176.49031802963836,174.36713545537643,176.06378684913727,35264500
2020-05-19,174.0543670654297,176.86949350940563,173.9216681354789,175.38135636493746,26799100
2020-05-20,176.46861267089844,176.64920874209136,174.83376282051205,175.66068745873378,31261300
2020-05-21,174.34901428222656,177.42861841763434,174.21594577347696,176.22148762180447,29119500
2020-05-22,174.42506408691406,175.32804455149363,173.50308419399207,174.12091369625077,20826900
2020-05-26,172.58111572265625,177.26704182371978,172.13438260711965,177.11495937941368,36073600
2020-05-27,172.80923461914062,172.980331004467,167.85717121330865,171.27893938264498,39517100
2020-05-28,172.41954040527344,175.03339791391855,171.450047335411,171.7922256257689,33810200
2020-05-29,174.17796325683594,175.14747085132717,171.47856474228936,173.68370249251345,42130400
2020-06-01,173.7787322998047,173.94031445807596,172.47656081625482,173.50308105663945,22622400
2020-06-02,175.75575256347656,175.84129349571745,172.37199810107265,175.12842338695103,30794600
2020-06-03,176.18350219726562,176.73479025045705,174.49162467347008,175.6702420116775,27311000
2020-06-04,173.8642578125,176.6396969090423,173.2749565224485,175.17594339707023,28761800
2020-06-05,177.93240356445312,178.43616402505074,172.99933933390125,173.57914102484705,39893600
2020-06-08,179.0349578857422,179.2155539729429,175.3090250719007,176.73476533500545,33211600
2020-06-09,180.40365600585938,181.25909429194024,177.989394570547,178.69276493031884,29783900
2020-06-10,187.09510803222656,188.6919444062421,181.55373004654078,181.66779911114176,43872300
2020-06-11,177.0484161376953,186.0685895505903,176.85832035143625,183.56880167969496,52854700
2020-06-12,178.44561767578125,182.228576955462,176.01234264068265,181.1069873177415,43373600
2020-06-15,179.58624267578125,181.3731750815915,174.9003022190702,175.44209047106233,32770200
2020-06-16,183.98704528808594,185.89753212160974,181.98150329725257,183.3407021258186,42556700
2020-06-17,184.6238555908203,186.60088373551318,184.10108128516464,185.3747390455772,25687800
2020-06-18,186.6008758544922,186.76245799607426,184.39572415045265,184.39572415045265,23061600
2020-06-19,185.4888153076172,189.42385812687283,184.74743147959663,188.75851552523656,44441100
2020-06-22,190.6405029296875,190.8210845257473,185.56485622646053,186.0971303068874,32818900
2020-06-23,191.91412353515625,193.85312366603114,191.45787626628606,192.08520538344897,30917400
2020-06-24,188.045654296875,193.18782826180146,186.8290236235657,191.6195195901801,36740600
2020-06-25,190.42185974121094,190.6784970410009,185.79296114833386,188.00761269061277,27803900
2020-06-26,186.6103973388672,189.99415200060372,185.23218461473925,189.84206955429684,54675800
2020-06-29,188.6159210205078,188.70146194950837,183.96800866755066,186.08760498304542,26701600
2020-06-30,193.43495178222656,194.28089052562854,187.95061402599853,188.08368255293655,34310300
2020-07-01,194.5659942626953,196.13431706007913,191.7810555883194,193.0832268930802,32061200
2020-07-02,196.04879760742188,197.72167556493906,194.85118093605638,195.49750959900197,29315800
2020-07-06,200.2689971923828,200.67771697922893,197.78820833392348,198.49157881412916,31897600
2020-07-07,197.94027709960938,204.0424438056839,197.6931540036791,200.0313599594094,33600700
2020-07-08,202.29354858398438,202.70225385814945,198.35850577769656,199.67019154758614,33600000
2020-07-09,203.70977783203125,205.66779215946096,201.00086550314717,205.6202645828633,33121700
2020-07-10,203.09197998046875,203.48168586454517,200.63020486504772,203.04445239646734,26177600
2020-07-13,196.81871032714844,205.1165151249502,196.2769220311056,203.86185665203897,38135600
2020-07-14,198.03530883789062,198.51055554544172,192.02818349282316,195.92521229609352,37591800
2020-07-15,197.74066162109375,200.867793362139,194.87968140351137,199.1854158039586,32179400
2020-07-16,193.82467651367188,195.5165541651522,192.29438105324493,195.23140315013552,29940700
2020-07-17,192.83609008789062,194.88914464381924,191.4198498148425,194.34737099125022,31635300
2020-07-20,201.1244354248047,201.78977799074687,192.95968503330636,194.85117236676646,36884800
2020-07-21,198.41554260253906,203.34860679664743,197.731186037843,203.0824697440858,37990400
2020-07-22,201.26698303222656,201.78975731740158,198.07332453951392,198.84322189432683,49605700
2020-07-23,192.512939453125,200.47807930746816,192.14224758300097,196.93274275439686,67457000
2020-07-24,191.33436584472656,192.81713354998143,187.7319869550339,190.4979268301186,39827000
2020-07-27,193.75808715820312,193.8721417261621,190.91610664507132,191.4959082044936,30160900
2020-07-28,192.0186767578125,194.56599205550995,191.75253977158675,193.52995775174696,23251400
2020-07-29,193.95770263671875,194.5184903248029,192.0091880475081,192.47493508696,19632600
2020-07-30,193.80560302734375,194.33789152672946,189.6899792712966,191.0491779037162,25079600
2020-07-31,194.86065673828125,194.94621217125055,189.15769604486636,194.28085515431556,51044000
2020-08-03,205.81980895996094,206.86535737180193,200.02180864017643,201.04834312542675,78983000
2020-08-04,202.73074340820312,204.1374841693981,199.8982769624529,203.56718229287267,49280100
2020-08-05,202.39808654785156,204.3561008212258,201.09591510463036,204.26104567065477,28806400
2020-08-06,205.63929748535156,205.65829691503933,201.07692527530068,201.8278088426474,32656800
2020-08-07,201.9608612060547,205.02145153311608,200.4875933337867,204.21354073459383,27820400
2020-08-10,197.94027709960938,201.39057324547656,196.13434519873215,201.19096322321653,36716500
2020-08-11,193.31137084960938,197.36996761393385,193.08324719054212,196.9042350854853,36446500
2020-08-12,198.83370971679688,199.86974400577404,194.6135168477628,195.1267768843366,28013100
2020-08-13,198.3679656982422,200.8867818597186,197.84519143805818,199.07133602134232,22588900
2020-08-14,198.55809020996094,199.21393305825572,197.23690479940333,198.42502169750838,17958900
2020-08-17,199.86978149414062,200.73473410095306,198.577109692729,199.22345284512505,20184800
2020-08-18,201.01991271972656,201.84683757660483,198.85278829913472,200.10743240945408,21336200
2020-08-19,199.80030822753906,202.08701579049102,199.37155510274798,201.5058125871485,27627600
2020-08-20,204.449951171875,204.85012175813844,199.047626449657,199.6478750598317,26981500
2020-08-21,202.9635772705078,206.0410886510413,202.8016045176839,203.76391835685175,36249300
2020-08-24,203.6019287109375,205.34553813622844,202.4014026425913,204.6499901784463,25460100
2020-08-25,206.25074768066406,206.38413789005565,203.039845437025,203.039845437025,23043700
2020-08-26,210.70974731445312,211.6053732804045,207.09867541897606,207.59413086494803,39600800
2020-08-27,215.88343811035156,220.23768646081993,209.0423895356834,212.3676361540944,57602200
2020-08-28,218.10342407226562,219.75174867918676,215.8834189640669,217.40787607007542,26292900
2020-08-31,214.8830108642578,217.90335740203147,213.72060436852902,216.28361517405492,28774200
2020-09-01,216.54083251953125,216.71232793524112,213.83489480690253,214.86391091647602,25725500
2020-09-02,220.7140655517578,221.86694924784757,216.61707521022916,217.207801074862,34080800
2020-09-03,207.04147338867188,218.48448730106884,204.81194608670688,218.4463820605244,58400300
2020-09-04,204.13552856445312,208.05150124587362,195.50324202808818,204.94540695523105,59664100
2020-09-08,193.0926513671875,200.11471725105895,192.6543610562122,196.75136576926477,52924300
2020-09-09,201.31517028808594,204.69758067947646,196.9418638195075,197.79938429900005,45679000
2020-09-10,195.6746826171875,204.60234415505118,194.47417119348202,203.32559316845246,35461500
2020-09-11,194.39794921875,198.7807936939121,191.73966868940005,197.41829498533878,33620100
2020-09-14,195.71286010742188,199.32393265789574,194.39800349010872,194.59809605561162,30375800
2020-09-15,198.92372131347656,199.87651239728032,197.16105199306432,198.58071594176965,21823900
2020-09-16,195.3698272705078,200.70544896164475,194.97917941167134,200.6768663903581,26328100
2020-09-17,193.33082580566406,194.68378728459578,190.5200952559886,190.60584295698837,34011300
2020-09-18,190.92979431152344,194.03588784185274,186.98524002077554,193.22602418775512,55225300
2020-09-21,192.97830200195312,193.1402892819436,187.109119905432,187.88087836630214,39839700
2020-09-22,197.62791442871094,198.27581989149397,192.54001379892355,195.37932700805936,33517100
2020-09-23,191.1203155517578,198.2757842311892,190.58675499509692,198.08521442800907,30803800
2020-09-24,193.5976104736328,195.8652577628293,189.79596905441002,190.41529194301134,31202500
2020-09-25,198.00906372070312,199.17145554804117,192.9783130746284,193.94064144048286,29437300
2020-09-28,199.55259704589844,202.5348382407548,198.2377404994357,200.9246187398699,32004900
2020-09-29,197.4755096435547,200.15286527380047,197.04675648786915,199.46685440932734,24221900
2020-09-30,200.40060424804688,201.97270414336592,196.78951692861784,197.92334094914924,33829100
2020-10-01,202.43002319335938,203.8877925550821,201.34384181524362,203.4113969587429,27158400
2020-10-02,196.4560089111328,201.02940932407267,195.83668594256645,198.18055856092133,33154800
2020-10-05,200.44821166992188,200.47679424204267,197.2087129579813,197.4373880733873,21331600
2020-10-06,196.18922424316406,200.25763188349316,195.1506854050532,198.9618499090392,28554300
2020-10-07,199.9241943359375,200.19097472900563,196.9610128986642,197.28495844189817,25681100
2020-10-08,200.6387481689453,201.21995131159426,198.48544555341942,200.57204581462975,19925800
2020-10-09,205.62184143066406,205.66948389253287,201.25805652305527,201.25805652305527,26458000
2020-10-12,210.94796752929688,213.29184029670688,206.574659376011,208.4611818961351,40461400
2020-10-13,212.33900451660156,214.57806919963946,210.02371480834992,212.20561435708677,28950800
2020-10-14,210.43344116210938,213.634819812789,208.78511664370075,212.47241351746592,23421700
2020-10-15,209.2900848388672,209.95703566397012,205.81238879482586,206.85094208509787,22733100
2020-10-16,209.2900848388672,211.795915405928,208.96613937216543,209.75694314722043,26057900
2020-10-19,204.10691833496094,211.80547245913127,203.630522766919,210.0142204709931,27625800
2020-10-20,204.5166015625,207.1081944892267,203.03024978890875,205.61232003857742,22753500
2020-10-21,204.65953063964844,206.67944311393921,203.05883403594683,203.05883403594683,22724900
2020-10-22,204.7452850341797,205.86004890997927,201.70587900793112,203.8305991538514,22351500
2020-10-23,206.0220184326172,206.06966089598714,203.09695727371624,204.87867200393134,18879600
2020-10-26,200.16233825683594,206.12680477931295,198.2758161171347,203.75436445560234,37111600
2020-10-27,203.18275451660156,204.53571648318933,200.4006055311397,201.60111739315477,36700300
2020-10-28,193.11170959472656,198.9809067591582,192.5591035035503,197.8661428219542,51195600
2020-10-29,195.05540466308594,197.57077270816046,193.7691308000109,194.43609623327302,31432600
2020-10-30,192.91163635253906,194.64570878486924,190.19617560413607,193.89301013017186,36953700
2020-11-02,192.77822875976562,195.58895965178482,190.67255399086878,194.64569121058761,30842200
2020-11-03,196.68467712402344,198.29489655104663,193.53094063130447,194.2645939137079,27512000
2020-11-04,206.1744842529297,208.01337880275392,202.39190207967457,203.91637379335975,42311800
2020-11-05,212.7487335205078,213.5395519346152,210.7097610023845,211.55774456042553,36080100
2020-11-06,213.15841674804688,213.76820244388458,207.73703329960784,211.76733540587205,25231900
2020-11-09,208.08009338378906,217.35074874927537,207.59417505005482,213.84448371072838,44395000
2020-11-10,201.04847717285156,206.27930638855238,199.81938285271593,204.3737238814988,44045100
2020-11-11,206.32688903808594,207.74653828963662,202.182242471535,202.36327508336842,29440800
2020-11-12,205.2693328857422,208.76607475027214,204.33560160583502,206.95577733475665,21593900
2020-11-13,206.28880310058594,207.15584652138176,204.04975265970353,206.1458902459224,18621100
2020-11-16,206.97479248046875,207.4607252129614,204.3927369169169,204.72620505613375,24953300
2020-11-17,204.3356170654297,207.40359150295538,203.97355173955768,205.8981941277248,24154100
2020-11-18,201.64169311523438,205.54880785492185,201.498391524417,204.09676961168395,28372800
2020-11-19,202.9217529296875,203.50447769292882,200.5430866843581,201.9282623804157,24792700
2020-11-20,200.98251342773438,203.75283551495997,200.6099526701213,202.7115778304131,22843100
2020-11-23,200.71507263183594,202.79758839493735,198.8522684913318,201.5175090959758,25683500
2020-11-24,204.29737854003906,204.66993934014192,199.52095055077086,200.21830495578362,33979700
2020-11-25,204.3069305419922,205.66343437093508,202.95998889819435,205.49148995634454,21012900
2020-11-27,205.60614013671875,206.59964544209117,204.46934780485185,205.24314147743166,14512200
2020-11-30,204.4979705810547,205.15710532083375,201.4123879722859,204.52662797945814,33064800
2020-12-01,206.54232788085938,207.60269559230667,203.8102101922251,204.91833052753248,30904500
2020-12-02,205.73985290527344,205.83538729489786,203.28477651814012,205.27177229501723,23724500
2020-12-03,204.660400390625,206.7047110734639,204.0967707859038,205.01385141230443,25120900
2020-12-04,204.7750244140625,205.74941981992606,203.6477798118867,204.64128501141468,24666000
2020-12-07,204.70814514160156,205.90225214353387,203.46628552079312,204.7845697389054,24620000
2020-12-08,206.35122680664062,207.24919755761567,203.3707405493624,204.40245069453582,23284100
2020-12-09,202.3294677734375,205.60608997626164,201.76585283805662,205.53922757237729,32440600
2020-12-10,201.10671997070312,203.55224866960762,200.9538707828964,202.3008269195042,26733300
2020-12-11,203.72418212890625,203.78151150362953,199.75975310246673,200.6577238119639,30979400
2020-12-14,204.6221923828125,206.54232595336725,203.36122284871206,203.57138686714595,28798400
2020-12-15,204.55532836914062,205.78764048898248,202.749839007766,205.54881906776095,27000600
2020-12-16,209.47503662109375,210.26792546149707,205.1189363798678,205.1475937833099,35023300
2020-12-17,209.60877990722656,211.01305100787835,208.17585140260252,210.03865554331327,32515800
2020-12-18,208.8158721923828,209.86669216480047,206.36079582264512,208.8158721923828,63354900
2020-12-21,212.6370086669922,213.98396480092967,207.56444469078173,207.82237587263162,37181900
2020-12-22,213.92665100097656,215.54108593235114,211.93010767555515,212.73254404895405,22612200
2020-12-23,211.13722229003906,213.5636412417296,210.92705829699878,213.1337656474204,18699600
2020-12-24,212.7898712158203,213.6114174296126,211.30917559396767,211.51933959585654,10550600
2020-12-28,214.9010467529297,215.92319472597202,213.04779042772108,214.41384178664234,17933500
2020-12-29,214.12722778320312,217.0217415305332,213.58272265649208,216.19064785352728,17403200
2020-12-30,211.76771545410156,215.54110542494223,211.56711363086075,215.15898241983697,20272300
2020-12-31,212.474609375,213.02867674081537,209.8571217316309,211.78680261581542,20942100
2021-01-04,207.9561004638672,213.0286640789787,205.20487359065424,212.5796787329613,37130100
2021-01-05,208.15670776367188,208.7489946946385,206.05508254722616,207.54532561749676,23823000
2021-01-06,202.75938415527344,206.8098006575534,202.46324792879471,202.68295955223013,35930700
2021-01-07,208.5292510986328,209.5323037202311,204.15405663562112,204.46928800171017,27694500
2021-01-08,209.79981994628906,210.71690054092753,207.3256337272198,208.90184914517474,22956200
2021-01-11,207.7650604248047,209.1215641625514,207.0390340746721,208.7012361864748,23031300
2021-01-12,205.3195343017578,207.3925169546865,203.78153842458812,206.81933974373354,23249300
2021-01-13,206.6664581298828,207.06767628402105,204.3642166148636,204.4502033865716,20087100
2021-01-14,203.49493408203125,207.73640430086755,203.22745529133894,206.25570876749887,29480800
2021-01-15,203.14146423339844,204.91829592070977,202.5491918631282,203.97257256514928,31746500
2021-01-19,206.76205444335938,207.27790234562812,203.12241799097905,204.19233338916848,30480900
2021-01-20,214.3087615966797,215.6939227599558,207.57399540278436,207.96566598543168,37777300
2021-01-21,214.9105987548828,216.18113032934212,212.47461760314508,214.65266756607497,30709400
2021-01-22,215.84678649902344,219.7825732306377,215.70349948425073,216.92626393198466,30172700
2021-01-25,219.2666778564453,219.505499229493,214.19411422515188,218.8750073062871,33152100
2021-01-26,221.9415283203125,223.70879811853584,219.79213549637652,221.49254287541453,49169600
2021-01-27,222.48602294921875,229.6888849420293,219.84943979215547,227.35798561441428,69870600
2021-01-28,228.24636840820312,231.79048419595736,224.5780754115442,225.0748279766649,49111200
2021-01-29,221.58802795410156,227.37705567245254,221.0053032240349,225.43782730017324,42503100
2021-02-01,228.93418884277344,231.65675864090633,222.0370256255715,224.54943142500284,33314200
2021-02-02,228.80044555664062,231.47524811392537,228.0171189555544,230.51041491917857,25916300
2021-02-03,232.13442993164062,234.13097358783594,228.56165609173593,228.85780690916252,27158100
2021-02-04,231.18865966796875,232.36367143508832,229.6219918883106,231.80960404543467,25296100
2021-02-05,231.3701629638672,232.40187313232684,229.66975580932288,231.3988203649493,18054800
2021-02-08,231.6280975341797,232.78398493204895,230.04231996079577,232.27768473686635,22211900
2021-02-09,232.86997985839844,233.81570329400722,230.58684780779984,231.05492843301977,23565000
2021-02-10,231.96241760253906,234.92379372146974,230.11870912304278,234.04493286560327,22186700
2021-02-11,233.55776977539062,234.1882471613524,231.32239050634175,233.83479617171466,15751100
2021-02-12,234.03541564941406,234.331551842112,231.87646094509842,233.0228007069779,16561100
2021-02-16,232.80308532714844,235.12443679051168,232.05796376520485,234.0736168562319,26728500
2021-02-17,233.81802368164062,233.92334770145064,230.69662531011264,231.0604745803787,21653500
2021-02-18,233.4254150390625,233.55946244270447,230.61998915924417,231.5200279880137,16925600
2021-02-19,230.72535705566406,233.4924904651733,229.96893508329921,233.38716644155568,25262600
2021-02-22,224.53997802734375,227.81457753992933,222.5196825099507,227.3262650669372,36446900
2021-02-23,223.35272216796875,224.84639771521285,219.0057283470669,220.53771150889756,30228700
2021-02-24,224.57827758789062,225.20063745920083,219.26422894259488,220.23128425603434,26339700
2021-02-25,219.2546844482422,224.6165963051779,218.1918745974985,222.21331214271885,39542200
2021-02-26,222.5005645751953,225.36343789150433,219.78129368104075,221.6866957656996,37819200
2021-03-01,226.86666870117188,227.374134963668,223.23778964286245,225.87087537131603,25324000
2021-03-02,223.9272003173828,227.21138422250442,223.5250580328917,226.93370515768925,22812500
2021-03-03,217.88543701171875,223.64950484345542,217.5981883883298,222.28987694349104,34029500
2021-03-04,217.0907745361328,222.60590268379033,214.72578318866238,217.100358745604,44727800
2021-03-05,221.75372314453125,223.35272272073442,216.8322465833186,219.7621508732522,41872800
2021-03-08,217.7227020263672,223.44846319176875,217.473760970506,221.5334915341693,35267400
2021-03-09,223.841064453125,225.37304781873598,221.82076851213768,222.97933294126645,33080500
2021-03-10,222.53887939453125,226.92416673270142,222.17503006378618,226.92416673270142,29746800
2021-03-11,227.04861450195312,229.001879123352,224.34849750846828,224.97087205019426,29907600
2021-03-12,225.72726440429688,225.794295419288,223.3143962358568,224.06123394821893,22653700
2021-03-15,224.82723999023438,225.19108927209567,221.95478256941098,224.97087162731992,26034900
2021-03-16,227.60397338867188,229.85405642506078,225.90921930197513,226.23476099250502,28092200
2021-03-17,226.96243286132812,228.40824580326876,223.31441421643075,226.11027106399007,29562100
2021-03-18,220.9110870361328,224.2335633607968,220.537668222615,222.67285709939273,34833000
2021-03-19,220.55686950683594,222.58673481626653,219.59938366501783,221.19838326764514,46430700
2021-03-22,225.9570770263672,226.82837799232317,220.35577930626062,220.48025713428592,30127000
2021-03-23,227.47950744628906,230.80198476946413,226.9911948849572,227.39333721959682,31638400
2021-03-24,225.44960021972656,227.8816075865458,225.31555279966682,227.73799056865073,25620100
2021-03-25,222.46226501464844,226.8667058900846,221.72501140908014,225.2964296372037,34061900
2021-03-26,226.42623901367188,226.6464712680149,221.70584100914797,221.70584100914797,25479900
2021-03-29,225.23892211914062,226.7325973461477,222.02176985709806,226.53151893786395,25227500
2021-03-30,221.9930877685547,223.90805936160643,221.27497342116027,223.60165689388273,24792000
2021-03-31,225.74644470214844,228.93487436067073,222.51013782873864,223.00803456543431,43623500
2021-04-01,232.0467071533203,232.51586588061755,227.92951497762283,228.3316572910526,30338000
2021-04-05,238.4810028076172,239.33316461233116,232.38180813268252,232.43925494489872,36910600
2021-04-06,237.32241821289062,238.79693983718127,236.38408627016022,237.0830467757603,22931900
2021-04-07,239.27572631835938,240.26193565026267,236.68094764862093,237.27458424566834,22719800
2021-04-08,242.4832763671875,243.33543813605917,241.28641912944224,242.02368727871396,23625200
2021-04-09,244.9727325439453,245.10677996320857,241.70770266251623,242.11941451808443,24326800
2021-04-12,245.03018188476562,246.71536615587158,243.79501708514152,243.8812019063308,27148700
2021-04-13,247.50048828125,248.17074001086624,245.91105839056755,246.3227994805502,23837500
2021-04-14,244.72378540039062,247.82602995681816,244.3120735305234,246.53344753840463,23070900
2021-04-15,248.4675750732422,248.87928697093244,246.7728356584702,246.96431529406738,25627500
2021-04-16,249.6548614501953,249.90381713188594,246.64837095197575,248.43886488991882,24878600
2021-04-19,247.7398681640625,250.3633991429451,246.85899758557616,249.12823427121432,23209300
2021-04-20,247.2803192138672,249.1378442074656,245.9206763716912,246.85902307799017,19722900
2021-04-21,249.5016326904297,249.59738711284092,246.3132178871805,247.93137119944473,24030400
2021-04-22,246.23663330078125,250.65062876395623,244.77166660182715,249.14736906186104,25606200
2021-04-23,250.04739379882812,250.39210385783167,246.33234447258323,246.9164259652866,21462600
2021-04-26,250.430419921875,251.28259637971237,249.1091139540054,250.53575856302515,19763300
2021-04-27,250.83261108398438,252.00074518441065,249.0612561223329,250.45917751459578,31014200
2021-04-28,243.73757934570312,245.63341172122958,242.19602664584554,245.19294722116507,46903100
2021-04-29,241.77476501464844,245.21215057985066,238.41399468652585,244.59936017389475,40589000
2021-04-30,241.45872497558594,242.320470829382,238.9884248475567,239.1224722545821,30945100
2021-05-03,241.15237426757812,243.53651917014565,240.4438295156719,242.62689597172758,19626600
2021-05-04,237.25537109375,240.52998498828993,235.31167632498756,240.30018316461653,32756100
2021-05-05,235.99154663085938,238.89272768605636,235.3691866512584,238.47143156014027,21901300
2021-05-06,239.1129150390625,239.23739286323433,234.28719323134123,235.972362911324,26491100
2021-05-07,241.7268829345703,243.48865338351683,240.4917180124829,241.43005005006262,27032900
2021-05-10,236.6713409423828,241.02790440002454,236.61389413007436,240.2044660000965,29299900
2021-05-11,235.76168823242188,236.1159678588581,232.25730184631848,234.15311934831823,33641600
2021-05-12,228.839111328125,233.9903897227852,227.948656527006,231.8743396289335,36684400
2021-05-13,232.69778442382812,235.15853006552896,231.15623162445522,231.5200809218459,29624300
2021-05-14,237.60008239746094,238.58629154857746,235.05318141277328,235.13935162363052,23901100
2021-05-17,234.75634765625,236.10640606144966,233.16693242516902,236.0681130601291,24970200
2021-05-18,232.7456512451172,235.9340807291474,232.5732962029695,235.80003330084318,20168000
2021-05-19,233.3214874267578,233.42705466326876,228.98366832095294,229.66504486622338,25739800
2021-05-20,236.54603576660156,237.95679107071055,234.0316351278429,234.12761065425127,21800700
2021-05-21,235.28887939453125,238.32152501223842,234.87621677027855,237.59216066425566,21863100
2021-05-24,240.67276000976562,241.03744947626555,237.53454740378538,237.80326133368715,21411500
2021-05-25,241.5748748779297,242.56336139082663,240.71115363257866,241.62286264574047,17704300
2021-05-26,241.3541717529297,242.74572928938528,240.64399079545984,241.29657763977363,17771600
2021-05-27,239.2620086669922,241.3445489814195,239.2044292015683,241.04704531418864,24426200
2021-05-28,239.61705017089844,241.92033089438252,239.50189126005725,240.88385676538599,18270200
2021-06-01,237.42893981933594,241.16215911508314,237.00668560397568,241.10457966043438,23213300
2021-06-02,237.3330078125,239.22361157042198,235.9318441224372,238.1295578675878,19406700
2021-06-03,235.8070831298828,236.41168209445024,233.20629862376543,235.33682647405521,25307700
2021-06-04,240.682373046875,241.50771294584385,237.53456846564782,237.77449268460606,25281100
2021-06-07,243.58062744140625,243.84934135732763,239.74184047817525,239.90498716685534,23079200
2021-06-08,242.39059448242188,245.69195336357788,242.33300038153834,244.87620533819828,22455000
2021-06-09,243.3695068359375,245.23132096206123,243.00483201146952,243.58064130243469,17937600
2021-06-10,246.87237548828125,247.08350993870562,243.4462658042312,244.04127308607627,24563600
2021-06-11,247.49618530273438,248.07197986770322,246.2677454638202,247.592131538484,18999700
2021-06-14,249.4155731201172,249.47315257534447,246.45008473782653,247.50575689635525,19150500
2021-06-15,247.94723510742188,249.51154547597605,247.29464835477967,249.30041102216592,18038900
2021-06-16,247.00674438476562,250.07775629014873,244.16603567438125,248.94532119918156,27220000
2021-06-17,250.3848876953125,251.20063582773113,245.69198560224893,245.74956506687877,27565500
2021-06-18,248.97415161132812,251.72847693840555,248.32156476965892,249.16610270011282,37202200
2021-06-21,252.04510498046875,252.89921966471243,247.5249425135717,249.3483600675383,26696100
2021-06-22,254.80906677246094,255.07778066280747,251.82439496305233,252.1315049199105,24694100
2021-06-23,254.57872009277344,256.0758445254743,253.77257842036667,255.26970285306749,19518700
2021-06-24,255.94149780273438,257.0547494132898,254.77066673711718,255.43285975794427,21446900
2021-06-25,254.3388671875,256.4790018625834,254.0893659038927,255.50012154775695,25611100
2021-06-28,257.88970947265625,258.06244785704735,255.1929639728323,255.46167788886962,19590000
2021-06-29,260.46160888671875,260.7015329975738,257.17946345128394,258.0335780563701,19937800
2021-06-30,259.9818420410156,260.42329434263524,258.7342479891088,259.7803139253489,21656500
2021-07-01,260.6536865234375,260.88400440971776,258.7342927041009,258.7438697576123,16725300
2021-07-02,266.4598388671875,266.7957386402668,261.5174056815565,261.8245157190933,26458000
2021-07-06,266.4693603515625,268.1104333301389,263.24476455954283,266.8244434060529,31565600
2021-07-07,268.6479187011719,269.37729764258523,265.9799627636496,268.13928056771834,23260000
2021-07-08,266.2390441894531,267.4962443949508,263.7918002820035,265.7399832123837,24618600
2021-07-09,266.7381591796875,266.8437117808058,264.2237579834592,264.6076308865828,23916700
2021-07-12,266.14312744140625,268.4943670627255,265.432931883586,267.9089660643457,18931700
2021-07-13,269.6555480957031,271.4501759643952,266.2102409837941,266.33497693412966,26120100
2021-07-14,271.1239013671875,272.2275466221714,269.2428749057434,270.97034639354206,23113700
2021-07-15,269.7035827636719,271.12394453030225,268.5519349217963,270.634489804362,22604200
2021-07-16,269.43487548828125,272.6498656125402,268.1968584208553,270.70168228808353,26186800
2021-07-19,265.8455810546875,269.0701477729701,263.38875994905754,267.688182240101,32935600
2021-07-20,268.0625305175781,269.6460244586933,265.1258605067467,266.8245133835614,26259700
2021-07-21,270.0586242675781,270.17378317649553,266.1142851990735,267.6593827064098,24364300
2021-07-22,274.607666015625,274.87637995751953,271.99728945681113,272.40034572584136,23384100
2021-07-23,277.995361328125,278.30244201944714,274.9531098439966,275.78804130305343,22768100
2021-07-26,277.40032958984375,278.01454955841905,275.08748623115633,277.3523564681326,23176100
2021-07-27,274.991455078125,277.90891147588917,271.54614801020494,277.7649628522518,33604100
2021-07-28,274.6843566894531,278.4559572251852,272.39066780193826,277.3427056762893,33566900
2021-07-29,274.95306396484375,276.9876159825094,274.5499785237899,274.70353348763825,18168300
2021-07-30,273.4271545410156,275.10662354630284,272.4674579665658,273.67668502240946,20944800
2021-08-02,273.3408508300781,275.212242025892,272.30436188036447,274.8187628216139,16267400
2021-08-03,275.548095703125,275.6536775635122,272.55384686025644,273.91662898110934,17879000
2021-08-04,274.96270751953125,275.99916705627766,273.1776564498441,274.68438727940855,16191300
2021-08-05,277.85137939453125,277.95696126160766,274.56923306560276,275.317795323746,13900200
2021-08-06,277.79388427734375,277.8322803577218,276.0280453191192,276.882189703669,16589300
2021-08-09,276.70928955078125,279.7995135705784,276.2102578952192,278.07207151949774,16117600
2021-08-10,274.8955078125,277.592253026987,273.70549335133626,277.1603778240849,18616600
2021-08-11,275.3850402832031,277.02611380022,274.3389448772672,275.63454156443856,13955900
2021-08-12,278.1296691894531,278.28322415990436,274.7995208173079,275.0778410317268,14561300
2021-08-13,281.047119140625,281.09509224942906,277.6401790747846,277.812946699226,18249000
2021-08-16,282.7266540527344,282.93778849851935,278.33122675983446,281.37347818942425,22507600
2021-08-17,281.26788330078125,281.6037829881996,279.34848998709674,280.60571955216835,20075300
2021-08-18,279.5467224121094,283.4793919946404,279.10439575220477,280.8063292983416,21813000
2021-08-19,285.3544921875,286.0275778607729,277.5372438390426,277.58530881126427,29850500
2021-08-20,292.6524963378906,294.07557732948726,286.5948434162002,288.19099349843,40817600
2021-08-23,292.9313049316406,293.6524553767425,290.23902167406834,291.5851633028545,22830200
2021-08-24,290.97943115234375,293.89287816648005,290.3832847329818,293.287107016583,18175800
2021-08-25,290.3929138183594,292.87365880728834,288.86407816857775,292.5948057108051,20006100
2021-08-26,287.5851745605469,290.79669430920046,287.4505750714238,289.4120831267804,17666100
2021-08-27,288.19097900390625,289.29673726337023,285.4121315880625,287.4890486022759,22605700
2021-08-30,291.912109375,292.51788050210155,289.47942948011064,289.53711917376893,16348100
2021-08-31,290.26788330078125,292.78709763966935,289.9024956924805,292.71018783230056,26285300
2021-09-01,290.21978759765625,293.4505570216653,289.89286956645867,291.2197911507648,18983800
2021-09-02,289.56597900390625,291.69096108011354,288.6332897832502,290.5756073825475,16285600
2021-09-03,289.55633544921875,290.96016674016533,288.7101809142856,289.4120818879158,14747900
2021-09-07,288.6332702636719,289.5082697285104,286.7294517158089,289.4313599194175,17180400
2021-09-08,288.6620788574219,289.04668654196234,286.0274854074498,288.248626330133,15046800
2021-09-09,285.81597900390625,290.5178943078141,285.5755955060056,289.24866239641324,19927000
2021-09-10,284.33514404296875,288.38322235824313,284.017850808825,286.9409216974985,19633400
2021-09-13,285.56591796875,287.0563129863409,282.767851049367,286.1043745569801,23652900
2021-09-14,288.25830078125,289.79676112846977,286.6333058908585,288.0371373862397,21853400
2021-09-15,293.09478759765625,293.57555457579934,290.2101857287975,291.5947969733447,28356300
2021-09-16,293.4794006347656,293.5659351711585,289.19096732817496,292.0755692493566,19550800
2021-09-17,288.3351745605469,292.7870813462865,288.0082565459675,292.4697880609758,41372500
2021-09-20,282.9794921875,287.2294860954919,278.383360066102,284.93140536294595,38278700
2021-09-21,283.4602355957031,286.09485893371766,282.7583344959058,284.316015013533,22364100
2021-09-22,287.0947570800781,288.67168664091787,283.18133670640134,285.3159429755358,26626300
2021-09-23,288.037109375,289.32556135418525,286.085196618995,287.35442848279695,18604600
2021-09-24,287.83514404296875,288.26781663945985,285.5082193750034,286.7582309001255,14999000
2021-09-27,282.8544006347656,285.06591655736753,281.67170353978287,284.7486233260551,23571700
2021-09-28,272.6140441894531,279.5947887568724,271.87367374951066,278.65247509756944,43186200
2021-09-29,273.0755310058594,275.7389684030032,272.12362217155453,274.13322379046224,26353700
2021-09-30,271.0757141113281,276.7583549818857,270.78723626688867,274.71990732676227,32343600
2021-10-01,277.97943115234375,278.82558560260657,270.4698544217859,271.2679145751983,30086300
2021-10-04,272.2198486328125,276.68138001851474,269.46987576086445,276.3448372844205,31350700
2021-10-05,277.6525573730469,279.22945781834716,273.12371126636924,273.12371126636924,24993000
2021-10-06,281.835205078125,282.3352215175468,274.5275704532508,274.7871740588591,28002600
2021-10-07,283.5082702636719,285.2294241243567,282.61405079814455,283.82556353271264,20430500
2021-10-08,283.5082702636719,285.2294241243567,282.4602018561691,284.8255669837104,17685700
2021-10-11,282.9121398925781,286.5082674148435,281.4890591068928,281.6525327868535,19298600
2021-10-12,281.6141357421875,284.07566089906516,281.1045237997955,283.97950161218665,17974100
2021-10-13,284.9121398925781,285.84482905516467,282.20060694439593,283.5659981485587,23416300
2021-10-14,291.1044006347656,291.60438772035315,286.37364073387175,287.7005622674281,27262900
2021-10-15,292.5082092285156,292.7389973101157,288.96014691464524,290.71014559366176,25384800
2021-10-18,295.4698486328125,296.35444365266295,291.0467855024762,291.89294028229466,22729300
2021-10-19,296.37359619140625,297.402415134152,295.4024375898514,296.48897556115827,17682100
2021-10-20,295.5852355957031,297.7871571571462,294.33522351404,297.31598543961144,16537100
2021-10-21,298.8063049316406,299.0562838093166,294.57553200250277,295.3544015118529,16918100
2021-10-22,297.267822265625,299.1235756390308,295.960120910737,298.46011490450775,17449300
2021-10-25,296.2774963378906,297.49863403751334,294.6717215370627,297.4601644586546,17554500
2021-10-26,298.1812744140625,300.3831953408259,296.7293781263278,299.03705370094167,28107300
2021-10-27,310.73895263671875,313.55624018654,303.8447410132644,303.8447410132644,52588700
2021-10-28,311.87359619140625,312.37358336767323,308.9985892327168,311.8543467291355,26297900
2021-10-29,318.8638610839844,319.22924865393935,311.4408183451514,311.6619817016203,34766000
2021-11-01,316.70037841796875,318.7388253494163,313.8157770598035,318.6138212622399,27073200
2021-11-02,320.3157653808594,320.62346324500305,317.3061598365116,317.6042329724997,26487100
2021-11-03,321.1523742675781,322.017749048064,317.93122931561726,321.05621499337065,21500100
2021-11-04,323.49853515625,323.59469443504923,316.8351108815185,320.0851008365663,23992200
2021-11-05,323.1330871582031,325.75808532637757,321.5561867864097,325.48885700223303,22570100
2021-11-08,324.02728271484375,324.6618985770728,321.57538313486805,324.3253558608429,20897000
2021-11-09,323.0273132324219,325.6907514710201,321.6619222348102,324.1426666918192,21307400
2021-11-10,318.075439453125,321.75813115179415,317.22931417120816,321.7004414585655,25500900
2021-11-11,319.64276123046875,320.93121335247633,317.79663226365136,318.50815807964443,16849800
2021-11-12,323.7677307128906,324.2581224444753,320.95044312615977,321.07544724155895,23831000
2021-11-15,323.1427307128906,324.88310486387337,321.1811931834564,324.5561868329157,16723000
2021-11-16,326.45037841796875,327.5657612448941,322.60424288113046,322.7676872089823,20886800
2021-11-17,326.6719055175781,329.6292219748661,325.59302210058706,326.4985198392835,19053400
2021-11-18,328.7430114746094,329.87971962558396,324.7453511615108,325.7664394516795,22463500
2021-11-19,330.5154724121094,332.4324456190178,329.63890158471446,330.06275288893943,21963400
2021-11-22,327.3558349609375,336.83466359463443,327.086114106962,331.9700164889101,31031100
2021-11-23,325.2848815917969,326.9899295843519,321.3161178127125,324.678002095964,30427600
2021-11-24,325.5063781738281,325.7472014512142,321.65320573565054,323.9362057016911,21661300
2021-11-26,317.5784606933594,325.5256287318422,316.0757258160542,322.07705238453224,24217200
2021-11-29,324.2734680175781,326.58536634139193,322.4528293467436,322.645499789304,28563500
2021-11-30,318.455078125,325.38115820776426,316.9138032094252,323.0114652960252,42885600
2021-12-01,317.9637756347656,326.8260839728482,317.2991304369134,322.82842346064837,33337600
2021-12-02,317.3954772949219,321.2486502191634,315.76750938263973,318.1757424602907,30766000
2021-12-03,311.15338134765625,320.4876958696685,306.35617008269014,319.80373645372526,41779300
2021-12-06,314.21661376953125,315.43037261838606,307.51210127524547,312.05884639145665,30032600
2021-12-07,322.6261291503906,323.4738023613807,317.9830494801912,319.46652904482426,31021900
2021-12-08,322.67437744140625,323.1849217454666,318.6574312020027,323.0018936555789,24761000
2021-12-09,320.8729553222656,324.13850382611764,319.92891744874584,322.1348670016077,22214200
2021-12-10,329.9664001464844,330.40950670555475,322.50087922237924,322.68390724843727,38095700
2021-12-13,326.941650390625,331.17052092748463,326.63338956387594,328.17466430025087,28899400
2021-12-14,316.2876892089844,322.35645407358095,312.2129483454999,320.9885647798209,44438700
2021-12-15,322.3659973144531,322.886183766917,312.58857922136355,316.54769934976275,35381100
2021-12-16,312.973876953125,324.39854675005074,311.16288148400196,323.38707150321426,35034800
2021-12-17,311.9142761230469,312.99318902693045,305.6047184390456,309.10147689497717,47750300
2021-12-20,308.1671142578125,310.9510161666708,305.9130118209808,308.3019600117902,28326500
2021-12-21,315.2762451171875,315.70009648431505,308.0611589340678,311.4230722504831,24740600
2021-12-22,320.9693298339844,321.36425420562085,313.7927832021071,316.249169285567,24831500
2021-12-23,322.4045715332031,324.04218156998655,320.5165252794348,320.5357805584728,19617800
2021-12-27,329.8797607421875,329.908658361648,323.1174238146764,323.14632143413695,19947000
2021-12-28,328.7237548828125,331.18978275080303,327.827899397402,330.5540058070814,15661500
2021-12-29,329.3981628417969,331.66187862801604,327.21146818902395,328.77199866530646,15042000
2021-12-30,326.8646240234375,330.5347684082041,326.38297747008363,329.3595496421258,15994500
2021-12-31,323.97479248046875,326.90318279060705,323.5220434776535,326.0844070470572,18000800
2022-01-03,322.4623718261719,325.59307446526094,317.67480384527,323.0403535774783,28865100
2022-01-04,316.93304443359375,322.89583055126775,314.1491135080895,322.5393874417457,32674300
2022-01-05,304.7666320800781,314.10094323545275,304.38132077467725,313.8986305472885,40054300
2022-01-06,302.35845947265625,307.0015395240339,300.0561747269668,301.65524488813156,39646100
2022-01-07,302.5125732421875,304.88226603603744,298.7075537396608,302.61852137240913,32720000
2022-01-10,302.734130859375,303.1676245403952,293.505795319919,298.1295907297212,44289500
2022-01-11,303.4181213378906,304.98826465644487,298.51496217670007,301.8768462438373,29386800
2022-01-12,306.5872802734375,311.53862085227667,305.4409591479046,307.9359141133859,34372200
2022-01-13,293.61175537109375,309.1015264774925,292.8411325706475,308.70657273811673,45366000
2022-01-14,298.8135681152344,299.4108052070794,292.6003150974251,293.08196170663894,39846400
2022-01-18,291.5406494140625,298.42818916600646,290.66404916965183,292.90853854423693,42333200
2022-01-19,292.1957092285156,302.3873676008085,291.58885921501854,295.0470782257124,45933900
2022-01-20,290.52923583984375,300.21032076889657,290.0861291978272,297.725037240553,35380700
2022-01-21,285.16363525390625,292.9470300221771,284.7590392453866,291.57917037846426,57984400
2022-01-24,285.4912109375,286.2040385232011,265.9170853754429,281.47429461593225,85731500
2022-01-25,277.9003601074219,284.1617639753021,274.7022500122877,280.81913642686214,72848600
2022-01-26,285.8186950683594,297.17592925056107,282.27378342148563,296.6846403493407,90428900
2022-01-27,288.83380126953125,296.019959606394,286.9939079100606,291.55029488282537,53481300
2022-01-28,296.9447326660156,297.1566583183815,283.64165765387617,289.2094904507192,49743700
2022-01-31,299.5647888183594,300.91339278366627,295.1239939714227,297.609305719324,46444500
2022-02-01,297.4264221191406,299.2277757254821,293.92966304924204,299.01585004253747,40950400
2022-02-02,301.95379638671875,303.55286619292593,297.54192766153886,298.2643973656909,36636000
2022-02-03,290.19207763671875,299.8057543934319,288.94942117258597,298.12960422865086,43730000
2022-02-04,294.7099914550781,297.46499652729665,288.95912855810474,289.1903095718903,35096500
2022-02-07,289.903076171875,296.5401504808717,288.89160075762936,294.931467433284,28533300
2022-02-08,293.3805847167969,294.3438779498826,288.93981702301244,290.19208646707324,32421200
2022-02-09,299.7864685058594,300.4800407856737,296.1067108242928,298.4956591456946,31284700
2022-02-10,291.2806396484375,297.77322723687223,289.66231392152343,292.8797100919523,45386200
2022-02-11,284.2100524902344,293.1205151712114,283.420144959361,292.06088670264677,39175600
2022-02-14,284.1715393066406,285.86694501610634,280.655524445543,282.9866778986781,36359500
2022-02-15,289.4406433105469,289.7585170595813,286.11727076561556,288.9975367703456,27058300
2022-02-16,289.10284423828125,290.42527991431285,283.48487872602993,288.0120675250117,29982100
2022-02-17,280.6372985839844,286.49655572673316,279.93262997944396,286.0718280004565,32461600
2022-02-18,277.9344787597656,283.65861124098427,276.37072190934305,282.876732815773,34264000
2022-02-22,277.7317199707031,281.4191146598271,274.62350200344525,275.10614436197505,41736100
2022-02-23,270.54034423828125,281.5735712358109,270.3762623285836,280.106319573653,37811200
2022-02-24,284.3632507324219,284.913470148122,262.0941229321313,263.04977493259855,56989700
2022-02-25,286.9888916015625,287.29778988293907,281.5253747646306,284.8942395707059,32546700
2022-02-28,288.41748046875,288.7553360718081,282.8284727085798,284.0929935575526,34627500
2022-03-01,284.7107849121094,289.5565043668673,282.00796959435814,286.1104303022666,31217800
2022-03-02,289.7688293457031,291.00439263836535,283.5041407905039,285.10648754064266,31873000
2022-03-03,285.64715576171875,292.6068524998791,283.8420480314748,292.37519352194875,27314500
2022-03-04,279.7975158691406,285.3961869424116,277.20092613588724,284.07375111161906,32356500
2022-03-07,269.22760009765625,279.6333695655803,268.8607871426468,278.5136356085561,43157200
2022-03-08,266.2738952636719,274.10234312414246,260.6269716528933,268.1561834951562,48159500
2022-03-09,278.4847412109375,279.54656067391153,271.0327393319232,273.6004011394195,35204500
2022-03-10,275.67578125,276.65072867385646,270.83969324300017,273.1949913553708,30628000
2022-03-11,270.3473815917969,279.4596745025475,269.72958504143236,277.9634650523489,27209300
2022-03-14,266.8433532714844,275.4922975054639,266.2448813621328,270.6079583933382,30660700
2022-03-15,277.1816101074219,277.8283640849266,269.05392607565614,270.6176832217213,34245100
2022-03-16,284.1702575683594,284.34400179367987,273.3687163552092,279.0735246270153,37826300
2022-03-17,284.971435546875,285.3478813742308,279.3245124712581,283.1084425886128,30816600
2022-03-18,290.0005187988281,290.5507382302181,282.5678431701578,285.1161798417101,43390600
2022-03-21,288.7746887207031,289.72067870618065,284.66256484399344,288.5140723534525,28351200
2022-03-22,293.5045166015625,294.4118867402999,288.39815136686497,289.3923936093338,27599700
2022-03-23,289.0931701660156,292.7033557846491,287.3846264690427,290.0777796338965,25715400
2022-03-24,293.54315185546875,293.6396862396896,287.96380616213776,288.7553468713274,24484500
2022-03-25,293.1376953125,294.89452080427003,288.90011015175327,294.63390450047564,22566500
2022-03-28,299.9140625,300.01056743386323,293.7651722801995,293.7651722801995,29578200
2022-03-29,304.4605712890625,304.85634170771465,298.3213428484819,303.01264366587003,30393400
2022-03-30,302.9643249511719,304.9817964510435,300.76347640947125,302.86782002120697,28163600
2022-03-31,297.6070251464844,304.1999383958244,297.2016219305857,303.00296492746145,33422100
2022-04-01,298.6784362792969,299.3637802401649,294.933126535701,298.6301543643232,27110500
2022-04-04,304.0357360839844,304.1708606294997,298.9583289191664,299.3251418340904,24289600
2022-04-05,300.0877685546875,303.93924580373067,299.11282139815006,302.3947841023135,23156700
2022-04-06,289.10284423828125,296.3424814061848,286.4096909635366,294.59531799298344,40110400
2022-04-07,290.9079284667969,293.10877703347046,286.06220849283096,286.3614444787001,31411200
2022-04-08,286.66064453125,290.6665707873598,285.9945956247322,290.0101841560006,24361900
2022-04-11,275.3572082519531,282.452029428348,275.10622472559214,281.6605181173394,34569300
2022-04-12,272.2682189941406,280.6468837008444,270.7527148401565,279.1989565504998,30966700
2022-04-13,277.6352233886719,278.5618885948695,271.5346160767129,272.914995798149,21907200
2022-04-14,270.1156921386719,278.30131965119733,269.62341681375074,278.08895577007974,28221600
2022-04-18,270.78173828125,272.65439354264834,268.67742404587597,269.22764356722877,20778000
2022-04-19,275.395751953125,276.23557450537356,268.74495475070785,269.68128222004106,22297700
2022-04-20,276.4189453125,279.64302251578187,275.46332277285063,279.35341939656814,22906700
2022-04-21,271.0616455078125,283.1180442640561,270.33768184591173,278.5618984401678,29454600
2022-04-22,264.51708984375,273.3687676766065,263.8896603846391,271.90151538779514,29405800
2022-04-25,270.97479248046875,271.351238292918,261.3701954398088,263.8027323682706,35678900
2022-04-26,260.8392639160156,268.69666699273034,260.6269000783663,267.8665361916543,46518400
2022-04-27,273.3880615234375,280.8690214403735,269.46900616876684,272.30694686810284,63477700
2022-04-28,279.5754699707031,280.87861047579827,271.68907938541145,275.2896026631033,33646600
2022-04-29,267.8858337402344,279.8167694826113,266.9012538247318,278.5908389029638,37073900
2022-05-02,274.5946350097656,275.04832015441815,266.63103347319105,268.0692987483365,35151100
2022-05-03,271.99798583984375,274.26641131232816,270.42456669386183,274.10229991297473,25978600
2022-05-04,279.913330078125,280.7820806094394,267.1233049625317,272.77986042090856,33599300
2022-05-05,267.72174072265625,276.40930377828715,264.8162240963305,275.6274254599327,43260400
2022-05-06,265.19281005859375,269.55588849937345,261.8529021013271,265.27001991196914,37780300
2022-05-09,255.3950958251953,262.9050120493982,254.17885674013965,260.6848683023518,47726000
2022-05-10,260.144287109375,264.24674803781596,255.86808196451094,262.25826345033016,39336400
2022-05-11,251.5050048828125,261.93973378756925,250.2983985852397,256.4569218413572,48975900
2022-05-12,246.4855194091797,250.8582590815856,241.3405488261486,248.7442826712676,51033800
2022-05-13,252.05519104003906,253.90855102922657,246.4855077130794,248.4160775334941,34925100
2022-05-16,252.4219970703125,256.5920348375694,246.9005663575993,250.9354501012321,32550900
2022-05-17,257.5572814941406,259.01484142054807,253.34862470791003,256.8719081186117,28828800
2022-05-18,245.83082580566406,255.0417455754485,244.56335973469547,254.46121977706724,31356000
2022-05-19,244.9213409423828,249.30427969315693,243.70225448849024,245.65666082139012,32692300
2022-05-20,244.3601837158203,250.14604290717048,238.43888522978867,248.88823202551862,39199300
2022-05-23,252.1875457763672,253.00995497705824,245.20195425137902,247.19508522720383,33175400
2022-05-24,251.19093322753906,252.84540652501488,245.2696355087697,249.5171198981205,29043900
2022-05-25,253.99681091308594,255.98992698907475,248.78182219830612,249.7590402014901,28547900
2022-05-26,257.26708984375,258.4377968295687,252.94221495828464,253.75493935952196,25002100
2022-05-27,264.3687744140625,264.4655336439164,258.873192668912,259.7633362460875,26910800
2022-05-31,263.0432434082031,265.8490837513658,260.1986934699792,263.6818188562503,37827700
2022-06-01,263.5753173828125,268.6742049770273,261.2725844284058,266.26505757978737,25292200
2022-06-02,265.6652526855469,265.73298709587516,253.10669066458044,255.86416618600398,44008200
2022-06-03,261.2532958984375,264.5719571114333,259.6955816677973,261.5338887851949,28059000
2022-06-06,260.0245666503906,265.27826522689224,258.5442419264379,263.2270994161104,22400300
2022-06-07,263.6528015136719,264.26235216439045,257.30578597515415,257.9830710374571,22860700
2022-06-08,261.63067626953125,264.1365839069745,260.8566319339603,262.88845771552224,17372300
2022-06-09,256.19317626953125,263.85602423310576,256.03836738291267,259.086091675852,26439700
2022-06-10,244.77622985839844,252.11978854806873,244.33115809000796,252.11978854806873,31422800
2022-06-13,234.3945770263672,240.9351106086177,233.68828195632932,237.1520524259518,46135800
2022-06-14,236.55218505859375,237.76160149558388,233.6689256431726,235.94263445006774,28651500
2022-06-15,243.58615112304688,247.01122689050288,238.4195274205562,240.24816456305055,33111700
2022-06-16,237.0166015625,239.38705487358806,235.12991483585378,237.99380474825406,33169200
2022-06-17,239.60958862304688,242.36706412018737,236.10712319916604,236.75536866492723,43084800
2022-06-21,245.5018768310547,246.47908003768092,241.4092008096241,242.1348507017861,29928300
2022-06-22,244.9116973876953,248.82054000260254,242.24129615723362,243.71195083753238,25939900
2022-06-23,250.4556121826172,250.94906352812058,245.39543280330932,247.27244944007643,25861400
2022-06-24,259.0085754394531,259.2794834769708,253.22271792711476,253.309792347021,33923200
2022-06-27,256.28985595703125,259.58911783064,254.73211231864522,259.50204339521724,24615100
2022-06-28,248.15293884277344,258.24430356414223,247.99812997940293,255.40943822517565,27295500
2022-06-29,251.81015014648438,253.46462332290588,247.4562368464826,249.22682402298045,20069800
2022-06-30,248.49154663085938,251.1038981642681,244.6891481209095,248.70440512266876,31730900
2022-07-01,251.1522979736328,251.33613167518243,246.34367073039226,248.06589370294856,22837700
2022-07-05,254.31610107421875,254.44188511131125,246.46940643072733,247.84330176827007,22941000
2022-07-06,257.5669860839844,259.2891938730712,253.88068722348527,255.18686285339652,23824400
2022-07-07,259.6859130859375,260.32448856109585,256.4156460435075,256.5124052718838,20859900
2022-07-08,258.9699401855469,259.3956571562315,254.74182482043682,256.19312462228805,19658800
2022-07-11,255.9221954345703,257.87660171050175,253.66782672632655,257.0251678392389,19455200
2022-07-12,245.43414306640625,257.3057794671245,243.8570592390129,257.2477298377406,35868500
2022-07-13,244.51499938964844,245.31805374321544,240.05467060292142,242.06714149558593,29497400
2022-07-14,245.83082580566406,246.85640858787121,237.95510651412596,242.43478974627138,25102800
2022-07-15,248.38511657714844,251.91660674220472,246.49842984837338,247.41758340717305,29774100
2022-07-18,245.9953155517578,252.3713557823353,245.07616196648328,251.3167481398981,20975000
2022-07-19,251.10394287109375,251.28777657978503,245.44386655882923,249.21724092474685,25012600
2022-07-20,253.75485229492188,256.27044383188996,250.50395580537193,251.46180396269256,22788300
2022-07-21,256.241455078125,256.2898494477531,248.68502415287526,251.35542487841855,22404700
2022-07-22,251.9069366455078,256.71557796165024,250.65884004276222,256.6285035144892,21881300
2022-07-25,250.42660522460938,253.00993186101113,248.4721987897753,252.52616526089446,21056000
2022-07-26,243.72157287597656,251.44249735505653,241.46723382900603,251.4231277966496,39348000
2022-07-27,260.01483154296875,261.2822975208546,250.44594469622396,252.68094375810006,45994000
2022-07-28,267.43585205078125,268.81941742326114,259.17311035737987,260.99207747518795,33459300
2022-07-29,271.6252746582031,272.8443759995339,267.64872718084746,268.6839948428737,32152800
2022-08-01,268.9839172363281,272.14774020428075,266.8843571782586,268.8000835642348,21539600
2022-08-02,265.89752197265625,268.867856439552,263.5367382397174,267.0392042376813,22754200
2022-08-03,273.2991027832031,274.29566079302055,267.6293429063653,267.7744965070368,23518900
2022-08-04,274.4407958984375,274.58591997817257,271.07379914150016,272.65085351031576,18098700
2022-08-05,273.7248229980469,274.44078812230066,269.632146904856,270.0868886929883,16774600
2022-08-08,271.21893310546875,276.6371253182812,270.2513998362798,274.8278133024093,18739200
2022-08-09,273.1346435546875,273.8893183608111,268.59690993620944,270.5610309152516,23405200
2022-08-10,279.7719421386719,280.4008328998237,277.6240169581476,278.8140935874834,24687800
2022-08-11,277.70135498046875,281.7553212542064,277.20793315057733,281.40702349193015,20065900
2022-08-12,282.4325866699219,282.4325866699219,277.62394605155976,279.11395527145453,22619700
2022-08-15,283.9419860839844,284.62892642888846,280.6910589868737,281.55217775836655,18085700
2022-08-16,283.20660400390625,284.49343955539996,280.99097447536275,282.5099789943521,18102900
2022-08-17,282.4600830078125,284.4283433719824,280.6663411966556,280.9281190261752,18253400
2022-08-18,281.3450622558594,283.0321341039528,280.28818642679033,281.36444334293145,17186200
2022-08-19,277.44720458984375,280.452929021007,276.87515203643636,280.11356778710484,20570000
2022-08-22,269.3027648925781,273.869510964488,268.7888850126345,273.50106320350113,25061100
2022-08-23,268.0325927734375,270.3789763942887,267.0242141584032,268.0325927734375,17527400
2022-08-24,267.4023742675781,268.79858174374715,266.74303270034477,267.0339265183886,18137000
2022-08-25,270.36932373046875,270.53413693993167,266.1709957164904,268.89553264663925,16583400
2022-08-26,259.93658447265625,271.81402564273543,259.8299441018192,270.5923365109039,27549300
2022-08-29,257.16351318359375,259.2674999332414,255.82547868834627,257.76465225492166,20338500
2022-08-30,254.97227478027344,258.9281764138231,252.7325313512988,258.55975823755864,22767100
2022-08-31,253.51788330078125,258.9863379304906,253.3821269343252,257.31867689878567,24791800
2022-09-01,252.48043823242188,252.95555596320528,247.64220877512267,250.9969713685728,23263400
2022-09-02,248.2723846435547,256.68839066109626,246.73074523815598,253.7408682003107,22855400
2022-09-06,245.54788208007812,249.98857705648493,244.27772561001785,248.40817526683784,21328200
2022-09-07,250.24069213867188,250.95817701237237,245.5188084309381,246.95379297306187,24126700
2022-09-08,250.6575927734375,252.5095072886724,247.04103780727314,249.6783301329259,20319900
2022-09-09,256.41693115234375,257.1635319672501,252.37377054080144,252.57737549512018,22084700
2022-09-12,258.54034423828125,259.316031521762,257.09566920762467,257.6968083589195,18747700
2022-09-13,244.32618713378906,252.48040101382477,243.93834353048703,250.96784794774865,33353300
2022-09-14,244.54920959472656,246.49807394155667,242.26098391432333,245.8193660691324,23913000
2022-09-15,237.91717529296875,243.75407623406838,236.59853686614957,242.1736600657269,31530900
2022-09-16,237.2967071533203,237.83967345913706,234.69820652512584,236.83129478142976,39791800
2022-09-19,237.08340454101562,237.6845437141437,233.5250222191205,235.09574833973136,26826900
2022-09-20,235.0763397216797,236.10409946317117,232.35180291402574,234.7079067620096,26660300
2022-09-21,231.6827850341797,240.12789337863492,231.634302730604,236.84099440441966,28625600
2022-09-22,233.65103149414062,236.44344631490495,230.3447516288207,230.63561584371612,31061200
2022-09-23,230.6841278076172,233.79650845970187,228.04685009215586,232.2548539489129,34176000
2022-09-26,230.2283935546875,234.106740937524,229.69511783060327,229.84056473429231,27694200
2022-09-27,229.2200164794922,234.44608868363423,227.36810216062796,232.6814336251009,27018700
2022-09-28,233.73834228515625,234.96001656386545,227.5911495376008,229.60789224789139,29029700
2022-09-29,230.27688598632812,232.6523709038743,227.28086605201818,231.6246111693645,27484200
2022-09-30,225.81678771972656,233.22443119574095,225.65195971871543,231.0428606260345,35694800
2022-10-03,233.41831970214844,234.26185544099243,227.52323048220958,228.25042054527364,28880400
2022-10-04,241.310791015625,242.74577547683293,237.52939325058418,237.6360484007584,34888400
2022-10-05,241.6210479736328,242.95908260476142,236.67616375353109,238.50868236825332,20347100
2022-10-06,239.2843780517578,242.72641498774018,238.59597954139576,240.389706680764,20239900
2022-10-07,227.1160125732422,233.98068874798435,226.07854761763357,233.57344928121,37769600
2022-10-10,222.27777099609375,227.42627446967683,219.83440814949287,225.96220374690327,29743600
2022-10-11,218.55459594726562,222.09358236444308,217.29412996487275,220.69737480208315,30474000
2022-10-12,218.88426208496094,220.93009121716744,217.1487078897352,218.54490072197868,21903900
2022-10-13,227.1160125732422,228.91944457503647,212.4655557421077,213.16365940697776,42551800
2022-10-14,221.60877990722656,230.02480190806705,221.3954696052538,228.37649233923707,30198600
2022-10-17,230.3059844970703,231.69250151345716,227.98867230404574,228.64799911599317,28142300
2022-10-18,231.24644470214844,236.51129376308393,228.21163337698803,235.8422913191834,26329600
2022-10-19,229.2878875732422,232.3226990610641,227.1644900654512,229.83085382652337,19985700
2022-10-20,228.96791076660156,233.9709820712703,227.72684087943537,228.59947785288415,21811000
2022-10-21,234.75633239746094,235.6095734471352,227.3680863100955,227.60079244947556,26299700
2022-10-24,239.73037719726562,240.30242995612315,233.9613377120293,236.3465133618895,24911200
2022-10-25,243.03663635253906,243.40506928448784,238.35353022692632,239.74003228091627,34775500
2022-10-26,224.2848358154297,231.05254784281726,223.06314692358666,224.139388912023,82543200
2022-10-27,219.8538055419922,226.58274025958372,218.9133051682239,224.01332637862237,40424600
2022-10-28,228.69647216796875,229.40428130297192,219.17513588708474,219.35935977716164,40647700
2022-10-31,225.07015991210938,227.77530022940974,224.11995431710304,226.6505761341279,28357300
2022-11-01,221.23060607910156,228.57038484843883,220.41615676312193,227.46505654968945,30592300
2022-11-02,213.40606689453125,224.2654364159978,213.34787925724922,222.48140020209192,38407000
2022-11-03,207.73397827148438,213.70663669340686,207.4721856849331,213.3963618064245,36633900
2022-11-04,214.6568145751953,214.85072897039285,206.93889737068497,210.93360492641042,36789100
2022-11-07,220.9397430419922,221.46332820770985,214.5501694748692,215.23858262395112,33498000
2022-11-08,221.9093017578125,224.60475158156711,218.97145526073666,221.74447379532032,28192500
2022-11-09,217.68194580078125,221.67665381960256,217.507427263288,220.45496487826287,27852900
2022-11-10,235.5902099609375,235.92957127818485,227.85291099807793,228.2698262443954,46268000
2022-11-11,239.59463500976562,240.4478762714851,234.57216684835737,235.59994145666624,34620200
2022-11-14,234.20370483398438,236.491930374749,231.9348751725974,234.63032541196574,31123300
2022-11-15,234.61093139648438,239.4879520708681,232.72993053937964,238.18870924194545,31390100
2022-11-16,235.0387725830078,237.05148093249457,233.76503649853092,236.06942880902983,24093300
2022-11-17,234.99012756347656,236.51667602662837,231.05224616268976,231.19808812700944,23123500
2022-11-18,234.5428466796875,236.9930953021771,232.41346518460608,236.7694511962655,27613500
2022-11-21,235.3498992919922,237.8973712159803,234.51370406585946,234.74705121223045,26394700
2022-11-22,238.24742126464844,238.51966950958604,234.04700917388476,236.84727895558834,19665700
2022-11-23,240.726806640625,241.40742716232413,237.50843223083618,238.32517685687512,19508500
2022-11-25,240.6393280029297,241.81582614094168,239.90035578095558,240.46430280009824,9200800
2022-11-28,235.06790161132812,239.82254225297007,234.1344834195783,239.26832798344634,24778200
2022-11-29,233.677490234375,236.06938731272962,231.61617814466862,234.71786413074798,17956300
2022-11-30,248.07757568359375,248.26231874681702,233.22053616535177,233.91088948006765,47594200
2022-12-01,247.6400146484375,249.03042418074372,243.97436658880594,246.84270566954237,26041500
2022-12-02,247.96087646484375,248.9720820268652,242.77841272299736,242.9048189819058,21528500
2022-12-05,243.2742919921875,246.79409803519974,241.19352923147437,245.0341875954859,23435300
2022-12-06,238.33489990234375,244.8883372658951,237.03199561292425,243.87713173110765,22463700
2022-12-07,237.60568237304688,239.3461423733255,235.50548378588942,238.0529558163032,20481500
2022-12-08,240.55178833007812,241.85470746474556,236.33192613856002,238.06265330165112,22611800
2022-12-09,238.6266326904297,241.43663524920433,237.40151554994418,237.92656151403307,20609700
2022-12-12,245.5203399658203,245.5495083577721,240.32815848858516,240.6004067044122,30665100
2022-12-13,249.80828857421875,256.61452370043395,246.0648533202343,254.44624097086364,42196900
2022-12-14,250.09994506835938,255.32129440920468,247.27049264402083,250.01243990135845,35410900
2022-12-15,242.11724853515625,247.16358859669754,240.49347691697452,246.69687943873564,35560400
2022-12-16,237.9167938232422,242.92423190340745,236.76944942143655,241.66994662968148,86102000
2022-12-19,233.794189453125,238.42243914772908,232.1023632453267,238.08212143380248,29696400
2022-12-20,235.10679626464844,236.18607121939564,231.82035247090366,232.77322117622552,25150800
2022-12-21,237.6640167236328,238.82107914890844,233.463604755998,234.99987114249353,23690600
2022-12-22,231.5967254638672,235.2915415960275,227.396299165475,234.5817378584511,28651700
2022-12-23,232.121826171875,232.25795030612596,227.4644223733296,229.57435387242822,21207000
2022-12-27,230.40078735351562,232.3162427208361,229.30206179925912,232.09261343652005,16688600
2022-12-28,228.03805541992188,233.0843952081068,227.68801986130742,230.33272967385747,17457100
2022-12-29,234.3386688232422,235.2234829457409,229.12703678909463,229.12703678909463,19770700
2022-12-30,233.181640625,233.31776474462188,230.10910782620186,231.61620583114026,21938500
2023-01-03,232.9482421875,238.94745003778394,230.82857855768225,236.3513594820361,25740000
2023-01-04,222.75839233398438,226.4240259849188,219.7053098488982,225.8503610691175,50623400
2023-01-05,216.15628051757812,221.25123850297186,215.62150198648686,220.9109208459828,39585600
2023-01-06,218.70379638671875,219.51082327228505,213.27826716927703,216.8272270587664,43613600
2023-01-09,220.83316040039062,224.8391261091335,220.14282198786435,220.18170823285104,27369800
2023-01-10,222.51527404785156,224.90717117777552,221.03734458217542,221.4554347527597,27033900
2023-01-11,229.2437286376953,229.41873899259986,224.71271707723938,224.88772743214392,28669300
2023-01-12,231.90789794921875,233.2594213403898,227.094919820166,228.74785985566473,27269500
2023-01-13,232.60794067382812,232.74406478160432,228.41724688827324,230.43967280124468,21333300
2023-01-17,233.6969757080078,234.2414722028024,230.52720494179857,231.38285076871398,29831300
2023-01-18,229.2826385498047,235.67078421870966,229.00067244788087,234.88320786751135,30028700
2023-01-19,225.510009765625,229.00064735365646,224.29461063179636,227.3088064182575,28623000
2023-01-20,233.57054138183594,234.07615156759218,228.0185916995672,228.35890938614477,35389800
2023-01-23,235.86521911621094,238.38352255893335,233.0163158336519,234.4261906970003,31934000
2023-01-24,235.3401641845703,237.19729766623655,233.7844621578948,235.78743760454404,40234400
2023-01-25,233.9497528076172,236.5652941592754,224.50852565701223,227.98943061234027,66526600
2023-01-26,241.1352081298828,241.43662476621853,235.30129180415983,236.90561285916706,33454500
2023-01-27,241.290771484375,242.91454300523202,239.9975849790759,242.0977983186481,26498900
2023-01-30,235.9916229248047,238.80162509755758,235.4957305884033,237.74178578895192,25867400
2023-01-31,240.95046997070312,241.08659409428063,236.22499705734649,236.7111567610399,26541100
2023-02-01,245.75367736816406,248.1164058985338,238.6751947915154,241.13516117627967,31259900
2023-02-02,257.27569580078125,257.3632009780913,250.12914292548695,251.6556913662783,39940400
2023-02-03,251.19869995117188,256.8867738555353,249.9833008123263,252.3557623051793,29077300
2023-02-06,249.66241455078125,251.1500618843591,247.72750865015405,250.31388153410032,22518000
2023-02-07,260.15380859375,261.3303069054437,252.8808478964387,253.31840354990376,50841400
2023-02-08,259.34674072265625,269.0991022332483,258.84111568990085,265.63764785701306,54686000
2023-02-09,256.3228454589844,266.39609026500864,255.5255363984652,266.2210502148411,42375100
2023-02-10,255.81719970703125,256.77978626583,253.44473837157508,254.2906513684381,25818500
2023-02-13,263.8096618652344,266.99886776795535,259.75507760072225,260.23153420322126,44630900
2023-02-14,264.6361389160156,267.35862090148964,261.82612208741193,265.12229853290944,37047900
2023-02-15,262.5209045410156,263.89531203662176,259.46016095211655,261.54614998360546,28922400
2023-02-16,255.53189086914062,260.00601053578754,255.2882022397123,257.3546770577212,29603600
2023-02-17,251.5452423095703,253.5239935288887,249.53724963369683,252.8416829602165,30000100
2023-02-21,246.29127502441406,249.04009049318063,245.2385381346892,248.05557870006874,28397400
2023-02-22,245.16058349609375,247.91914146734575,244.02012212257884,247.6754527582978,22491100
2023-02-23,248.33827209472656,250.35600669518152,244.1565658834327,249.108321803698,29219100
2023-02-24,242.92835998535156,244.66342210762315,241.8366395147742,243.649683795455,24990900
2023-02-27,243.84463500976562,246.4374860355747,243.09406973943646,246.08657375483682,21190000
2023-02-28,243.12330627441406,245.14105556625483,242.4507231771338,242.7821510664902,22491000
2023-03-01,240.05284118652344,244.59518672884,239.58494822729267,244.4294802167035,27565300
2023-03-02,244.77066040039062,245.0533327272031,239.4095093951341,240.32578121944115,24808200
2023-03-03,248.8450927734375,249.1667635730139,245.04355582130654,245.8233624681365,30760100
2023-03-06,250.38525390625,253.55320692008516,249.517722752789,249.956359426143,24109800
2023-03-07,247.73390197753906,251.18454195758378,246.99309375726955,249.82961864090797,21473200
2023-03-08,247.29525756835938,248.11404792403098,244.47821715829852,247.62667058752513,17340200
2023-03-09,245.95013427734375,253.00734939553732,245.22881038258097,249.36177602188675,26653400
2023-03-10,242.3142852783203,246.4082523472973,241.34928757282523,244.74143001585446,28333900
2023-03-13,247.50970458984375,251.3989810865607,239.5264614444424,241.15429996225072,33339700
2023-03-14,254.20626831054688,254.47919841708625,249.40072024994075,250.26825127577843,33620300
2023-03-15,258.7388916015625,259.7526448252449,252.66615907277222,253.41673923474747,46028000
2023-03-16,269.22723388671875,269.57813126600007,256.6333912973098,258.51466054625075,54768800
2023-03-17,272.375732421875,276.177270273355,269.3442592079885,271.2352859400092,69527400
2023-03-20,265.3574523925781,270.47491398328793,263.0375317119125,269.9875366889346,43466600
2023-03-21,266.8683776855469,268.0575797747977,262.7159125670362,267.94061395407743,34558700
2023-03-22,265.4159851074219,273.9450893595406,265.30874661401754,266.497948625342,34873300
2023-03-23,270.650390625,273.9645506194871,268.25250241830935,270.92332074814243,36610900
2023-03-24,273.4869689941406,273.5454519039974,268.33050762928787,270.24101876130743,28172000
2023-03-27,269.4027404785156,274.35448184903447,268.56443586925224,273.4187255560144,26840200
2023-03-28,268.2817687988281,269.1687992182552,265.18202599070054,268.8276290958363,21878600
2023-03-29,273.4283752441406,274.0424752958544,271.3813849874763,271.9174880262277,25087000
2023-03-30,276.8790588378906,277.27871183195333,274.3739618829966,277.054537290587,25053400
2023-03-31,281.02178955078125,281.96730287180225,275.8556011455048,276.5671828397676,32766000
2023-04-03,279.97882080078125,280.992544334595,276.78162637356223,279.286723502298,24883300
2023-04-04,279.9300537109375,283.1175206876223,278.4581943099055,279.9788092952923,25824300
2023-04-05,277.1617431640625,279.90080144519544,275.77760817176124,278.6336322553814,22064800
2023-04-06,284.23846435546875,284.7063275533511,274.91005513471964,276.0602584923825,29770300
2023-04-10,282.0842590332031,282.28894917802717,277.52238471849756,281.90878059048885,23103000
2023-04-11,275.6898498535156,278.7603508575734,274.5299191651681,278.5361465748028,27276600
2023-04-12,276.33319091796875,279.7643463826104,274.8418174679427,277.6003898328518,27403400
2023-04-13,282.52294921875,282.5814321314397,276.02135086508736,276.4307312539157,24222700
2023-04-14,278.91632080078125,281.197243201843,276.5281599154827,279.75459555412215,20987900
2023-04-17,281.5091552734375,284.23848637686285,278.93581824426053,282.6106328823751,23836200
2023-04-18,281.0899963378906,284.39442891149264,279.76434427989847,284.2092231464568,20161800
2023-04-19,281.1679992675781,281.7528282776957,277.3567049001675,278.7700813374877,17150300
2023-04-20,278.88702392578125,281.7333204424285,277.88302787911294,278.0487492496202,23244400
2023-04-21,278.5458679199219,279.042972509136,275.91401875313767,277.81480201216493,21676400
2023-04-24,274.6566162109375,277.75635870948304,271.6836263278282,274.9685448486902,26611000
2023-04-25,268.4669189453125,274.4908950976734,268.41816336812605,272.45366159943416,45772200
2023-04-26,287.9132385253906,292.0072194183814,285.3399020547386,289.2096786986015,64599200
2023-04-27,297.134521484375,297.4952057830536,287.7963826812161,288.4982073953377,46462600
2023-04-28,299.503173828125,301.1309977099639,295.65288041191343,296.335220680939,36469600
2023-05-01,297.8459777832031,300.80923974408176,297.4463248750627,299.22038517544803,21294100
2023-05-02,297.69976806640625,301.3745817317265,296.2376363524967,299.99044703429377,26404400
2023-05-03,296.7153625488281,300.8190720296692,296.41319093308664,298.8793194485243,22360800
2023-05-04,297.69976806640625,299.99044703429377,295.74050205068073,298.50880119269203,22519900
2023-05-05,302.8075256347656,304.0942089102195,296.58858621722317,298.00199235653776,28197100
2023-05-08,300.85797119140625,302.3688585182891,298.3626020452407,302.30061856381155,21318600
2023-05-09,299.2497253417969,302.21298828024834,298.5771421461096,300.2244801474705,21340800
2023-05-10,304.42559814453125,305.09818117929905,299.90275239684433,300.82875139238996,30078000
2023-05-11,302.2812194824219,303.2657314235519,298.5284370179185,302.27149216175627,31680200
2023-05-12,301.1699523925781,302.8075331032812,298.8597885779878,302.71005168658775,19774700
2023-05-15,301.6475830078125,302.0764774582507,299.82479646702666,301.2966855922646,16336500
2023-05-16,303.8699951171875,305.79026290466595,302.0082102270211,302.0082102270211,26730300
2023-05-17,306.7420349121094,307.1620885056331,303.55737876771076,305.0715691203483,24315000
2023-05-18,311.1575622558594,311.6655618014146,306.4685237275618,307.25979860655974,27276000
2023-05-19,310.98175048828125,311.38227715164794,309.05728471229986,309.4187276052405,27546700
2023-05-22,313.7561340332031,315.13354641281757,310.6594231373723,311.23578210832846,24115700
2023-05-23,307.97296142578125,315.26051959828607,307.9631830299581,312.63269496953484,30797200
2023-05-24,306.5955505371094,309.1842914063532,305.38419212471825,307.45521463229585,23384900
2023-05-25,318.3865051269531,319.3438337465016,312.60333039724634,315.7684295776219,43301700
2023-05-26,325.1954345703125,325.69362591247574,316.3936865085404,316.53043497879963,36630600
2023-05-30,323.5542297363281,327.9795197443462,322.8801763737934,327.4813284245179,29503100
2023-05-31,320.7994079589844,328.1748807384319,319.76388201700377,324.6092550226207,45950600
2023-06-01,324.89251708984375,325.820570098654,317.21421253677175,318.39623546469716,26773900
2023-06-02,327.64739990234375,329.6988654721622,324.8632701870316,326.5239875083562,25873800
2023-06-05,328.1749267578125,330.73436207197636,326.92451447409195,327.4715679849584,21307100
2023-06-06,325.9671630859375,327.6181020499909,324.4920861780968,327.57901828059016,20396200
2023-06-07,315.9052429199219,326.7584266923508,315.04557889593144,323.9840754044963,40717100
2023-06-08,317.7418518066406,319.0899588404042,315.8759965452041,316.45235552980716,23277700
2023-06-09,319.2364501953125,322.3624661949436,316.9114577219513,317.47803824659906,22529000
2023-06-12,324.1794738769531,324.42369526305714,317.64410719983425,320.98503906691633,24260300
2023-06-13,326.56304931640625,329.19087359317086,322.75320197847674,326.7388815445772,22951300
2023-06-14,329.5426025390625,331.2033200737011,325.1173117243528,326.61194558065387,26003800
2023-06-15,340.0538635253906,341.75363483053593,329.40581706772855,329.6793438273172,38899100
2023-06-16,334.4172058105469,343.3459537429244,334.04601435643656,343.19942687785715,46552000
2023-06-20,330.2361755371094,334.1730234363889,328.0967936208768,331.4670609717045,26375400
2023-06-21,325.84991455078125,329.92354007257114,324.39436474233247,328.5949603328218,25117800
2023-06-22,331.8577575683594,332.2582841920234,325.6350018399905,326.3969713207667,23556800
2023-06-23,327.2761535644531,330.1481991797799,325.7424660612822,326.6314055883412,23146900
2023-06-26,321.00457763671875,328.3409673865728,320.89710473059927,326.00622657027685,21520600
2023-06-27,326.83660888671875,328.3800749537934,321.6884029069419,324.1892275549751,24354100
2023-06-28,328.0870361328125,330.1678072397065,326.0941811528345,326.92453987884056,20259500
2023-06-29,327.3054504394531,328.3409466072507,324.9316260064178,326.97331297168574,16997000
2023-06-30,332.6686706542969,334.8080527610433,329.4058759346282,329.94315115449086,26832800
2023-07-03,330.1775207519531,333.02026113567905,328.79036003615676,331.34979527734635,12508700
2023-07-05,330.3338623046875,333.7529619318794,326.99293022093957,327.3445947298887,18172400
2023-07-06,333.3817443847656,335.0619888415349,327.7451250968569,329.50350728576706,28161200
2023-07-07,329.4254150390625,333.88979008817773,329.21049898077155,331.47688108416946,21214800
2023-07-10,324.1599426269531,327.48137758941004,320.0179571321777,326.8659348779879,32791400
2023-07-11,324.78515625,325.1661261312258,319.441590831674,323.4077439781263,26698200
2023-07-12,329.4058532714844,333.75297652887264,327.91121941871575,328.8197159187511,29995300
2023-07-13,334.7395935058594,335.79461674267833,331.1837159282275,331.711242452727,20567200
2023-07-14,337.2599792480469,343.3069035731136,336.35148278353853,339.55566639937143,28352700
2023-07-17,337.7386474609375,338.9695029653532,334.29024270759476,337.689785296776,20363900
2023-07-18,351.1805419921875,358.3020452926389,334.2609086018875,337.83628312548785,64738600
2023-07-19,346.87255859375,354.08197977472815,344.293595867751,353.38839928042864,39732900
2023-07-20,338.852294921875,349.6957307761419,337.3869665581141,345.3974402048797,33778400
2023-07-21,335.8239440917969,342.20300571747845,331.97501253322577,341.07959326630163,69405400
2023-07-24,337.1329040527344,338.9010940432824,334.3976368740866,337.8558195166584,26678100
2023-07-25,342.8672790527344,343.75624842360725,337.0938822455354,339.0867071747874,41637700
2023-07-26,329.9626159667969,336.70314999869004,325.41032580255074,333.5477989926325,58383700
2023-07-27,323.0755920410156,333.4403334728924,321.4441800463063,332.61000460063315,39635300
2023-07-28,330.54876708984375,332.1508737419497,325.46897998950345,325.95742277677743,28484900
2023-07-31,328.1553649902344,329.89421985375384,325.654510875741,329.1322504149572,25446000
2023-08-01,328.5656433105469,330.7148031903255,325.9866812669901,327.44223102382614,18311900
2023-08-02,319.9300537109375,325.9183675778276,318.81638974847687,325.9183675778276,27761300
2023-08-03,319.10943603515625,322.25500868577666,318.415855644904,318.46468799733185,18253700
2023-08-04,320.20355224609375,327.393445572908,319.67602568873457,324.20878906184083,23741500
2023-08-07,322.4797058105469,323.4565914550908,319.94957556864017,320.7799343289393,17741500
2023-08-08,318.5135192871094,321.151122177393,315.5340303066097,319.4024887084689,22327600
2023-08-09,314.7818298339844,319.5490060989431,313.62908227048086,318.9238148724649,22373300
2023-08-10,315.4656066894531,320.67242275810133,313.75605717646994,318.4841791092021,20113700
2023-08-11,313.59002685546875,314.9576606059445,311.83161505156005,312.8573627235517,24355500
2023-08-14,316.54998779296875,316.5695147707091,312.68149972344554,313.9612471638397,18836100
2023-08-15,314.42034912109375,317.5756999823602,313.48254739923874,315.53401288819225,16966300
2023-08-16,313.6567687988281,317.59218190962685,313.0693905863645,314.0483443153716,20698900
2023-08-17,310.21087646484375,315.0958462335388,309.55496429159837,313.79385086017476,21257200
2023-08-18,309.8193359375,311.679342341884,304.99307058455463,307.8711973932979,24755000
2023-08-21,315.1056823730469,315.9769357985516,310.3675491383052,311.23880256380994,24040000
2023-08-22,315.6734619140625,319.2172702035748,314.69450802744353,318.6494900944686,16084600
2023-08-23,320.1178894042969,322.2715996929162,316.6523846218089,317.00482352144604,21166400
2023-08-24,313.2358703613281,325.97206974501347,313.22607126255105,325.8448009621162,23281400
2023-08-25,316.1825256347656,318.5124107055097,312.0904758312742,314.70429575926823,21684100
2023-08-28,316.8873596191406,319.285778523708,314.94902032407407,318.8061007178544,14808500
2023-08-29,321.49822998046875,322.0562408320529,315.1056626837717,315.1056626837717,19284600
2023-08-30,321.8702697753906,322.86879202505213,319.57952117301215,321.7528000842896,15222100
2023-08-31,320.86187744140625,323.9455756518063,319.90249205082335,322.27157317335417,26411000
2023-09-01,321.7429504394531,325.00285335659055,319.9025125671937,324.33717196139406,14942000
2023-09-05,326.5300598144531,327.80271780347465,321.7429908017799,322.0758315411327,18553900
2023-09-06,325.8741760253906,327.4209100280818,323.23098856949474,326.3636529709045,17535800
2023-09-07,322.9667053222656,326.0699726529211,322.10522105530004,324.31766657043397,18381000
2023-09-08,327.2348327636719,329.08506954151505,322.52606799742864,323.14281359004303,19530100
2023-09-11,330.8276672363281,331.29757584054045,328.37048350695864,330.1423875895978,16583300
2023-09-12,324.78753662109375,329.7019045004539,324.5036614898463,328.75231798743556,17565500
2023-09-13,328.98724365234375,329.76062559468676,324.2001746396606,324.33721264984047,16544400
2023-09-14,331.5716857910156,333.68619984765456,329.48650927999284,332.01219710477335,20267000
2023-09-15,323.2701721191406,330.29905425690873,322.7121612017879,329.82917548465673,37679800
2023-09-18,322.13446044921875,323.4462546524429,319.4912738511169,320.90096938673224,16834200
2023-09-19,321.7331237792969,322.4575698240528,317.6802710436974,319.30533775178856,16505900
2023-09-20,314.01904296875,322.6534238453553,313.7645352608611,322.57512067569024,21436500
2023-09-21,312.8051452636719,318.50266425545,308.3704851953978,312.540838460042,35560400
2023-09-22,310.33807373046875,314.68462987247614,309.49615814425727,314.55736113122276,21447900
2023-09-25,310.85699462890625,310.9842634015669,308.3704436389246,309.9269765789233,17836000
2023-09-26,305.5706787109375,309.23195666524725,303.49527138826676,308.4977412546043,26297600
2023-09-27,306.20697021484375,307.6851701509051,303.1722074325514,305.7272625333357,19410100
2023-09-28,307.0390625,308.8403337798226,302.93724397750015,304.4448112128742,19683600
2023-09-29,309.10467529296875,312.746384776468,308.35089159051364,311.06258297495117,24147300
2023-10-02,315.0273132324219,315.1154453625428,308.5466440139972,309.6234991428816,20570000
2023-10-03,306.79437255859375,314.6260036436558,304.6602303826851,314.0777619824239,21033500
2023-10-04,312.24713134765625,313.3044183025866,307.391528310135,307.4208957324774,20720100
2023-10-05,312.638671875,313.24564832750764,308.27254628304615,312.3743651035606,16965600
2023-10-06,320.3724670410156,322.26184092251725,309.6431106472469,309.8878491254301,25673600
2023-10-09,322.8785705566406,323.3484492911128,316.37830256029935,317.9152672966711,19891200
2023-10-10,321.4786071777344,324.13156323480194,320.77375934657937,323.994495382077,20557100
2023-10-11,325.4239196777344,325.815495324155,322.21295157659443,324.2393637625305,20063200
2023-10-12,324.1903381347656,326.6083551720829,321.8016885159057,323.6127589882386,19313100
2023-10-13,320.83258056640625,326.80417560812504,319.49138859402285,325.38471034218486,21072400
2023-10-16,325.6391906738281,329.06552880865223,323.6421166530187,324.08262791660326,22158000
2023-10-17,325.0714416503906,326.4419711859503,320.51931182231954,322.6534242330698,18338500
2023-10-18,323.1624450683594,328.5271229876209,321.3905409680336,325.4923600401383,23153600
2023-10-19,324.3470153808594,329.7899967094516,323.9456406942705,325.15953397789394,25052100
2023-10-20,319.794921875,324.9344304641934,318.6005967792609,324.73862771067326,25027700
2023-10-23,322.3890686035156,325.7273046053134,317.5628335992071,318.620090545015,24374700
2023-10-24,323.5736389160156,324.8560661648909,320.7053110922139,324.32742268148115,31153600
2023-10-25,333.500244140625,338.91385810810175,330.5144167677778,337.7586697804962,55053800
2023-10-26,320.9891357421875,334.4399497145707,320.05911779819354,333.37289379084336,37828500
2023-10-27,322.8688049316406,329.63338041744635,321.48847625541964,323.47575161012696,29856500
2023-10-30,330.2109069824219,332.3058824741977,324.84622935304117,326.39299310170355,22828100
2023-10-31,330.9940490722656,331.8653322788638,327.64604386616816,331.7184951865434,20265300
2023-11-01,338.7865295410156,340.10812307119625,332.50163335597534,332.63870122035286,28158800
2023-11-02,340.98919677734375,341.4884429030558,337.51389284186956,339.93190993700205,24348100
2023-11-03,345.3748779296875,346.9314407134558,340.01999961550734,342.27161121053757,23637700
2023-11-06,349.0264587402344,350.0152118128962,345.9133922766887,346.0112936490332,23828300
2023-11-07,352.94219970703125,354.83157330344505,350.10323976353783,351.8359771725129,25833900
2023-11-08,355.5560607910156,356.2119431597548,352.9618091115113,354.0680317747925,26767800
2023-11-09,353.0989074707031,357.11262469595323,352.7758359325908,354.67500901172906,24847300
2023-11-10,361.8898620605469,362.3108050217642,353.47085345970584,353.8819973228906,28042100
2023-11-13,358.9627990722656,360.71513487046275,358.1992162461448,360.4703964021509,19986500
2023-11-14,362.4771728515625,364.1218377596641,359.6186448005375,363.2016188989832,27683900
2023-11-15,362.6243896484375,366.0184363495822,360.1131537221127,364.20368992773217,26860100
2023-11-16,369.00054931640625,369.17711149272384,363.1246930041327,363.8898257041159,27182300
2023-11-17,362.8009338378906,367.2347751466243,360.00524677898665,366.4892506146671,40157000
2023-11-20,370.246337890625,371.64907620133334,363.9290760622169,364.1448842589367,52465100
2023-11-21,365.9595947265625,369.0495522871196,364.0467481750121,368.5100468166504,28423100
2023-11-22,370.6484680175781,372.5514954656195,367.8233538705503,370.7956031427492,23345300
2023-11-24,370.2364501953125,370.7661665682208,367.9901174917075,370.1383501357465,10176600
2023-11-27,371.3940124511719,373.38535117738047,369.0299712724483,369.5989038114079,22179200
2023-11-28,375.40606689453125,375.7003371685908,370.95258715281994,371.1389683050371,20453100
2023-11-29,371.62945556640625,376.9755653604363,370.2463253437472,376.4458788431164,28963400
2023-11-30,371.6882629394531,372.8457658390955,368.313824366715,371.2762546529022,30554400
2023-12-01,367.3721618652344,370.9525899274523,364.23313921740737,369.579278745005,33040500
2023-12-04,362.10455322265625,362.4772856339346,355.98346139619025,362.06530720296416,32063300
2023-12-05,365.4200744628906,365.9693989437116,358.65158858882313,359.46578625799856,23065000
2023-12-06,361.77093505859375,367.04840106048385,361.0156214613024,366.4206145498899,21182100
2023-12-07,363.8800354003906,364.3705058457687,359.33827428643895,361.2118749800961,23118900
2023-12-08,367.097412109375,367.32300928874423,361.2117684998444,362.16328208082246,20154400
2023-12-11,364.2232971191406,364.51759731266617,359.12242306000167,361.4570668899954,27708800
2023-12-12,367.24462890625,367.28387492110465,363.3993277208236,363.78190900979564,24838300
2023-12-13,367.2348327636719,370.44252860296217,363.7034396055238,368.8533792298406,30955500
2023-12-14,358.9556579589844,366.63644114858533,357.18997650221536,366.19500581642444,43277500
2023-12-15,363.6641845703125,365.30233890168853,359.29898614385536,359.858129570657,78502300
2023-12-18,365.547607421875,365.89094271187565,361.6532709896756,362.408614614865,21802900
2023-12-19,366.14593505859375,366.14593505859375,362.7911046946417,364.4096508615579,20603700
2023-12-20,363.5562744140625,368.8631677330293,363.46799333439736,367.852799906723,26316700
2023-12-21,366.4206237792969,367.2740374598463,362.98733108269056,365.45929104730993,17708000
2023-12-22,367.4407958984375,368.02936637236263,365.60644137118885,366.55795515551875,17107500
2023-12-26,367.519287109375,369.7558309565617,366.38139217856946,367.852803392138,12673100
2023-12-27,366.9405212402344,367.9116430236214,365.70452628978785,366.5677589576593,14905400
2023-12-28,368.12750244140625,369.28500552722875,367.02885341513803,368.2157835307377,14327000
2023-12-29,368.87298583984375,369.9716347431921,366.361779793351,368.8337398258849,18730800
2024-01-02,363.8014831542969,368.7356138207432,359.779620180644,366.73448635273246,25258600
2024-01-03,363.5366516113281,366.1459576250118,361.48648901542015,361.97695939537715,23083500
2024-01-04,360.92730712890625,365.98896450288805,360.1719936012131,363.6052858949814,20901500
2024-01-05,360.740966796875,364.96881910463645,359.5147908390338,361.93771572916546,21004600
2024-01-08,367.5486755371094,368.04896487668356,361.9769395114855,362.26139076236115,23134000
2024-01-09,368.6277160644531,368.8238862439724,364.11538283242464,364.9197613954772,20830000
2024-01-10,375.4747009277344,376.84804200266086,369.1476507008414,369.1966857666869,25514200
2024-01-11,377.29931640625,383.23399708528007,373.13031743484856,378.64320069669225,27850800
2024-01-12,381.0660705566406,381.27205974083927,377.31886954764786,378.14285622037966,21661200
2024-01-16,382.8317565917969,386.52010359232963,380.2322694497991,386.15716028479716,27202300
2024-01-17,382.0469970703125,382.67478358686355,377.47580955942465,380.58540492477397,22234100
2024-01-18,386.3631286621094,386.48083676243556,382.68460084723523,384.2541120354354,23392100
2024-01-19,391.0716857910156,391.0716857910156,386.00020863284516,388.2171444423586,29331100
2024-01-22,388.952880859375,392.9845335375129,386.08852029622886,392.3959630178593,27016900
2024-01-23,391.29730224609375,391.7681646348443,386.42202498468174,388.2073445307626,20525900
2024-01-24,394.8875732421875,397.8990690426862,392.8178022760999,393.8870242835594,24867000
2024-01-25,397.1534423828125,399.25266977586887,394.85804481824994,396.6139369912538,21021200
2024-01-26,396.23138427734375,398.4287118822507,394.75997317345707,396.66300059602537,17803300
2024-01-29,401.91107177734375,402.16612596865383,396.6237864171102,398.3208248033987,24510200
2024-01-30,400.8026123046875,405.17760004808207,398.70341448382425,404.4026783420674,33477600
2024-01-31,390.00244140625,407.404352059521,389.6394980894709,399.20367116692984,47871100
2024-02-01,396.08428955078125,400.2238610760148,394.1420159186215,394.1714429462631,30657700
2024-02-02,403.38250732421875,404.78524558913676,395.86849663854684,396.11373185699847,28256700
2024-02-05,397.9186096191406,403.32360273614995,396.290244380319,402.08760781050484,25352300
2024-02-06,397.76165771484375,400.1944015675409,395.23084373526007,398.14423897907153,18382600
2024-02-07,406.15850830078125,406.4037434899342,399.63525825649936,399.67450426882596,22340500
2024-02-08,406.2173767089844,407.6397528307197,404.66750343056947,406.15852265638233,21225300
2024-02-09,412.53466796875,412.7995411607667,407.178739238723,407.335693369119,22032800
2024-02-12,407.345458984375,412.72099505038886,406.84516963028506,412.54443290280494,21202900
2024-02-13,398.57586669921875,402.2543946406928,395.70171738557195,397.2221636270064,27824900
2024-02-14,402.42828369140625,402.7722538955099,397.5931465072421,401.03278856568113,20401200
2024-02-15,399.548828125,402.0745154056732,397.3179853079112,401.1015976558331,21825500
2024-02-16,397.0918884277344,401.24895188558764,396.4825852713034,400.9246260176193,22296500
2024-02-20,395.84381103515625,397.51447618664315,391.1462443294289,396.2860326967427,24307900
2024-02-21,395.2442626953125,395.3523813035853,390.3698079702168,393.2689462191207,18518900
2024-02-22,404.551025390625,405.7106689082216,401.5241536683513,403.1162117164581,27009900
2024-02-23,403.26361083984375,408.6884066709004,401.9172415297094,408.5017108463529,16295900
2024-02-26,400.51190185546875,405.05222425854834,400.3349831970826,404.3642838981377,16193500
2024-02-27,400.45294189453125,401.27845233828214,396.88553712565647,400.9541264549498,14835800
2024-02-28,400.6887512207031,402.2414904650158,398.33014591696406,401.14080998935714,13183100
2024-02-29,406.5067138671875,407.05705416129825,398.9198455368932,401.59293981884394,31947300
2024-03-01,408.3346252441406,408.6982397267373,403.7943028017663,404.17756158377745,17823400
2024-03-04,407.7646484375,410.1527354833861,405.2094798738606,406.31016048803207,17596000
2024-03-05,395.7061767578125,407.10613735676765,393.73086019090937,406.82113009418805,26919200
2024-03-06,395.1559143066406,398.1729790488092,391.5197391699057,396.0207434176088,22344100
2024-03-07,402.0843200683594,402.71326755552275,395.30328784063323,399.1163813277323,18718500
2024-03-08,399.21466064453125,403.3422428484954,397.35723965535834,400.92464441897226,18002200
2024-03-11,397.5439453125,398.68394443475927,394.34018518419236,396.7970720878644,16120800
2024-03-12,408.118408203125,408.4034154899357,399.7748296289143,400.5905029088669,22457000
2024-03-13,407.9414978027344,410.968369200055,404.35444900675975,410.88976201717287,17115900
2024-03-14,417.886962890625,420.4421311587594,410.7816354740665,412.9928335922281,34157300
2024-03-15,409.23876953125,415.31218703472393,405.67136478668334,412.05927102600424,45079900
2024-03-18,410.1231994628906,413.47439659588105,406.64423942002503,407.10613532964646,20106000
2024-03-19,414.1426696777344,414.3981955018545,408.3837114296865,410.62439098905713,19837900
2024-03-20,417.8968811035156,418.6142729932591,413.40568396768447,414.7225719478996,17860100
2024-03-21,421.9654235839844,423.3904300401875,419.7935438740281,422.41748239432127,21296200
2024-03-22,421.34625244140625,422.446932938044,418.7223141130456,422.2897185739193,17648500
2024-03-25,415.56768798828125,420.03924040543956,414.3392444656493,417.9066492539799,18060500
2024-03-26,414.3785705566406,418.6437229454669,414.0837561023913,418.2702713092194,16725600
2024-03-27,414.162353515625,417.13029224439015,411.7841036640323,417.12045509904823,16705000
2024-03-28,413.4646301269531,414.5947922292506,411.8922163366139,413.70048169854954,21871200
2024-04-01,417.2481994628906,420.5109524938084,414.9387197575333,416.6388963047316,16316000
2024-04-02,414.17218017578125,415.0959720756304,410.6342569413904,412.8650995128624,17912000
2024-04-03,413.1992492675781,415.96078773337547,411.8626872035861,412.49166464341647,16502300
2024-04-04,410.6736145019531,421.27754806630895,410.368962888124,417.66098731056826,19370900
2024-04-05,418.1817932128906,419.1547408159618,411.10597696046364,412.76683489834704,16554800
2024-04-08,417.2678527832031,419.91146556821536,416.00009070624833,417.8378673566601,14272400
2024-04-09,418.9287109375,420.3635245342137,414.34907001434647,419.0859553029516,12496900
2024-04-10,415.9608154296875,416.71752584552905,412.46221066374153,414.90926057255786,16216600
2024-04-11,420.5502624511719,421.96543178968227,415.076310912024,418.4766641791292,17966400
2024-04-12,414.6242370605469,417.84767154999884,412.5309645735886,416.7371538463039,19253800
2024-04-15,406.5067138671875,419.4594150607099,406.30031376342345,419.2432078029309,20273500
2024-04-16,407.43048095703125,411.1846115754289,406.59516335126955,407.42067380289205,16765600
2024-04-17,404.7377014160156,411.6563030616971,403.2537321874578,410.054408065017,15855500
2024-04-18,397.29827880859375,404.78689570186344,396.98382006074763,403.54861503604855,21029900
2024-04-19,392.2370910644531,398.48742718931453,390.91036608589934,397.0624207324797,30565800
2024-04-22,394.0453186035156,395.9027393940693,388.9251749817352,393.1804896634458,20286900
2024-04-23,400.5414123535156,401.1605527245356,396.10917826173034,397.2688218184954,15734500
2024-04-24,402.00567626953125,405.3568737379943,399.76499652417516,402.4970536697523,15065300
2024-04-25,392.1584777832031,392.9938253486681,381.3383380037112,387.2348667133991,40586500
2024-04-26,399.3128967285156,405.8776909237546,398.7625564960581,405.06201771927783,29694700
2024-04-29,395.3130798339844,399.31289867869236,392.3058528379069,398.261343947103,19582100
2024-04-30,382.6158752441406,395.2246348761621,382.4586608840312,394.5661760291184,28781400
2024-05-01,388.1291809082031,394.7922572147303,383.57902141142335,385.8393454420747,23562500
2024-05-02,390.9791564941406,393.0331103770738,387.84416635932274,390.80226783236736,17709400
2024-05-03,399.6470642089844,400.12860445610875,394.92982324925293,395.3425934548566,17446700
2024-05-06,406.40838623046875,406.79164496723695,399.3620218492585,401.71081997342634,16996600
2024-05-07,402.28082275390625,407.5189223273103,402.0351340682459,407.5090851826696,20018200
2024-05-08,403.46014404296875,405.1210019721616,399.6961765499289,401.1310200807253,11792300
2024-05-09,405.20947265625,405.60256858412407,402.04500095122404,403.48965172941627,14689700
2024-05-10,407.58770751953125,408.2166849740278,404.698406069441,405.8187609135271,13402300
2024-05-13,406.5852966308594,411.13545592488975,403.7353138522874,410.8013229086305,15440200
2024-05-14,409.3763427734375,410.29029755221785,404.45273155985166,404.91462752191757,15109300
2024-05-15,416.53387451171875,417.25259039103736,410.81377223604346,411.4340293579302,22239500
2024-05-16,414.4761657714844,418.8376448328751,413.8460838814957,415.2736305334928,17530100
2024-05-17,413.708251953125,416.37634285020215,411.56198942365705,416.00221762948183,15352200
2024-05-20,418.7588806152344,420.1667475860199,413.49165301735496,413.7082502471213,16272100
2024-05-21,422.40167236328125,426.27085809319817,418.27649987771593,420.2258450310574,21453300
2024-05-22,423.8587341308594,425.71950537683756,420.5212017999642,423.43539455106486,18073700
2024-05-23,420.3931884765625,426.89107515061806,418.83764844643395,426.2708180980622,17211700
2024-05-24,423.5043029785156,424.39037161476875,417.84327052223153,420.58025544710625,11855300
2024-05-28,423.661865234375,424.15412896604386,419.999421868943,422.9825388810405,15718000
2024-05-29,422.5296325683594,424.27223522977,419.1034664398289,419.1034664398289,15517100
2024-05-30,408.2539978027344,417.7349716036768,407.8306281783295,417.7349716036768,28394500
2024-05-31,408.7068176269531,410.30174702528416,398.2511426419933,410.30174702528416,47995300
2024-06-03,407.1217346191406,409.98671278257075,402.59293289369214,409.10064418608687,17484700
2024-06-04,409.63232421875,409.99659455099004,403.341179685009,406.04863004617806,14348900
2024-06-05,417.449462890625,417.5183569725432,409.8587351784671,411.3453811328119,16988000
2024-06-06,417.95159912109375,418.7293842506858,414.0725584079514,417.449510532203,14861300
2024-06-07,417.2919616699219,419.68435613947076,416.4551073364084,419.60560716420275,13621700
2024-06-10,421.249755859375,421.45649821147657,417.3313558315188,418.1288206635897,13982900
2024-06-11,425.9853210449219,426.1231693068597,418.670289453605,418.89674157876317,14551100
2024-06-12,434.23565673828125,436.53944727057524,426.54650007534946,428.5844790234761,22366200
2024-06-13,434.7476501464844,436.52967260389505,432.5718527345657,434.02896428414414,15960600
2024-06-14,435.7222900390625,436.2834778568933,429.96279885352675,431.49865916361745,13582000
2024-06-17,441.4325866699219,443.96282953462116,433.9009573670922,435.7420189694067,20790000
2024-06-18,439.4339599609375,443.1751821409538,438.00641324566425,442.75181252074634,17112500
2024-06-20,438.8038635253906,439.6210080275433,434.4423844149745,439.3945559147101,19877400
2024-06-21,442.8207702636719,443.6083802322018,439.60137620942794,440.45791031268766,34187100
2024-06-24,440.7433776855469,445.74476346815527,439.50286359400394,442.84039572999666,15913700
2024-06-25,443.97265625,444.4353853435752,439.83762902888526,441.3144201727987,16413400
2024-06-26,445.16387939453125,446.5816011478092,441.25530470792563,442.05276943847076,16507000
2024-06-27,445.8432312011719,449.1118693221635,444.7799248025884,445.18358463488477,14806300
2024-06-28,440.0345153808594,448.33407381119525,439.5028621939787,446.05981801420484,28362300
2024-07-01,449.6632080078125,450.2932899171113,438.7644825324962,441.71806471797646,17662800
2024-07-02,452.1737365722656,452.4789376582484,446.09918938158694,446.18782328625804,13979800
2024-07-03,453.640625,453.88675682054844,450.79535677806246,451.1005578319114,9932800
2024-07-05,460.3255920410156,461.1033770377166,451.8685059547019,452.498587816865,16000300
2024-07-08,459.02606201171875,460.4634937005408,457.27360437796756,459.33126311315795,12962300
2024-07-09,452.4297180175781,460.09916463101644,450.91353744838284,459.77428381745585,17207200
2024-07-10,459.0358581542969,459.24260047662796,451.7601869137214,454.0836869882495,18196100
2024-07-11,447.6646728515625,457.5886969775325,444.56338714463874,455.8165594696292,23111200
2024-07-12,446.53240966796875,449.2989293786312,443.6772860929006,447.3003398715442,16324300
2024-07-15,446.93609619140625,450.18505497376174,444.4452428142979,446.2863044349352,14429400
2024-07-16,442.5647277832031,447.27076735934133,439.7489939570935,447.19201839056086,17175700
2024-07-17,436.65753173828125,437.9669698560816,432.3846869159522,435.74192857179395,21778000
2024-07-18,433.5563049316406,437.770080793845,427.67867544192785,437.4648797185402,20794800
2024-07-19,430.3467712402344,434.3144456334854,425.31585048613374,426.39883667006126,20940400
2024-07-22,436.0865783691406,437.7208974938516,432.1189340633458,434.95437784378936,15808800
2024-07-23,437.9670104980469,441.45224583194545,436.24408758502966,437.0316974699668,13107100
2024-07-24,422.26385498046875,434.64922823221025,420.9741263094996,433.6351660700269,26805800
2024-07-25,411.9263000488281,423.1499075413269,411.0500861973103,422.1653800411885,29943800
2024-07-26,418.6899719238281,422.28352110182095,410.8137524352177,411.72938578526725,23583800
2024-07-29,420.1273498535156,425.4634710488169,418.12876061583677,424.9022832711689,15125800
2024-07-30,416.3763427734375,422.4114705197089,410.90234276735913,421.1020622928212,32687600
2024-07-31,411.87701416015625,415.2539356882569,405.83200193737093,413.9937419087569,42891400
2024-08-01,410.6562194824219,420.8460843318748,406.69843005351635,414.27930323794226,30296400
2024-08-02,402.1695861816406,408.5788691410044,398.08380349930894,406.10769576372263,29437900
2024-08-05,389.0360107421875,394.83489176821496,379.6140759587015,383.1485558976655,40709200
2024-08-06,393.427001953125,399.3932659734361,392.33419089963513,393.8109820824443,24946500
2024-08-07,392.2652587890625,403.7349973998657,391.32012086399686,402.3173055349637,20650900
2024-08-08,396.4593505859375,399.58028569311574,393.7519001712231,396.2132187300544,20203000
2024-08-09,399.73785400390625,401.7364436734394,396.0360509489269,397.7786538479972,19276700
2024-08-12,400.51556396484375,402.4354042920839,397.98532149531104,400.7616957993417,16762900
2024-08-13,407.604248046875,408.5297063190277,403.23294345576085,403.25262318981254,19414300
2024-08-14,410.41009521484375,411.2568044389076,406.0683556338293,408.38197108714223,18267000
2024-08-15,415.2627258300781,415.34161674551206,411.9388929382302,414.0495635460023,20752100
2024-08-16,412.7378234863281,415.56850557734765,411.5838368344673,414.83865168615796,22775600
2024-08-19,415.7558288574219,415.97281647426513,410.7552711189502,413.22102581055816,15234000
2024-08-20,418.9810791015625,420.0265568174448,415.8643912576991,415.92356696995296,16387600
2024-08-21,418.3301086425781,420.55913050260955,415.943244764668,418.27090283610073,16067300
2024-08-22,409.8577575683594,420.94381179948715,408.9306313403218,418.54707521874735,19361900
2024-08-23,411.080810546875,413.51697764071497,406.4451792024677,411.26821033098173,18493800
2024-08-26,407.82598876953125,411.56408163461276,405.7054455704439,410.6665432369522,13152800
2024-08-27,408.1711730957031,408.6840392458711,404.6303529004273,407.2045864016282,13492900
2024-08-28,404.9756164550781,409.3153393341326,401.7306743732061,409.1969879073614,14882700
2024-08-29,407.4610595703125,416.26872882049446,404.975589475056,409.2561363555491,17045200
2024-08-30,411.426025390625,411.7712070065085,406.48464280287084,409.9071119024553,24308300
2024-09-03,403.8314514160156,414.1284456363182,401.45446023053216,412.18542969380115,20313600
2024-09-04,403.2988586425781,405.6068015782242,398.830912042889,400.3498254636215,15135800
2024-09-05,402.7958679199219,407.4413416778363,400.5668158804491,402.0363961545014,14195500
2024-09-06,396.197509765625,405.0248942566708,395.30981392110493,403.4566777506577,19609500
2024-09-09,400.16241455078125,403.0522719406784,396.6413094868822,401.6615826272171,15295100
2024-09-10,408.5262756347656,410.627073483588,402.11531302402886,402.6084639940855,19594300
2024-09-11,417.24517822265625,418.1821469994098,403.9695325309428,409.8084532189213,19266900
2024-09-12,421.1509094238281,421.5158363092752,414.0002206806835,417.51145302107784,17395700
2024-09-13,424.6917724609375,425.9147773030141,419.63203841011375,419.9969653323754,15874600
2024-09-16,425.43145751953125,427.5914610863902,422.3542004104568,424.70160374609685,13834700
2024-09-17,429.1893005371094,435.79753584231287,426.34874601904636,434.1997314507894,18874200
2024-09-18,424.9087219238281,430.05721907964937,424.5142071811442,429.04132931995406,18898000
2024-09-19,432.6808166503906,435.4523227974912,430.9153276838819,435.18603209956774,21706600
2024-09-20,429.3075866699219,433.2232061386539,428.27198178833163,431.23088727806737,55167100
2024-09-23,427.57177734375,430.48135010026584,424.4945200082598,428.33121902605126,15128900
2024-09-24,423.29119873046875,427.4139334394583,420.2632446802758,427.0687217553129,17015800
2024-09-25,426.1908874511719,427.18706197372046,422.6994004960537,423.94212038705155,13396400
2024-09-26,425.40185546875,429.33719028271923,423.2517246244965,429.1300753187062,14492000
2024-09-27,422.15692138671875,425.93447445668835,421.6144673905514,425.6089779793521,14896100
2024-09-30,424.40570068359375,424.52408219664926,419.54323948144145,422.3443332995087,16807300
2024-10-01,414.9273681640625,422.61066875300435,413.07311568923785,422.58108089859957,19092900
2024-10-02,411.4161071777344,417.02816727140424,411.00184714518315,416.79143435299875,16582300
2024-10-03,410.83416748046875,413.8029154833907,408.6149883911416,411.90923284957546,13686400
2024-10-04,410.36077880859375,414.00023534021534,409.28571331626097,412.5109097932594,19169700
2024-10-07,403.93011474609375,411.39639773757887,403.3975032576847,410.3016170053712,20919800
2024-10-08,409.0292663574219,409.966265233936,402.57887338489604,405.27145839926953,19229300
2024-10-09,411.7415771484375,414.6215919010832,408.62485957486433,410.16348810998284,14974300
2024-10-10,410.1437683105469,411.63309377445904,407.49061385739407,409.5421386142519,13848400
2024-10-11,410.61724853515625,411.4161507329335,407.58929422530787,410.4397214022164,14144900
2024-10-14,413.39862060546875,418.2314942204609,411.8007861364326,412.0473616280092,16653100
2024-10-15,413.0040283203125,416.692817718463,409.5717171353566,416.3969091028174,18900200
2024-10-16,410.4199523925781,410.65665522282575,404.85722518493617,409.4829836231505,15508900
2024-10-17,411.01171875,416.71254238623703,409.8971928147913,416.5744456758898,14820000
2024-10-18,412.4320373535156,413.90161766396704,410.5580696214905,411.4260201751563,17145300
2024-10-21,413.0434875488281,413.22101465794185,408.08239044719204,410.41992101582053,14206100
2024-10-22,421.6539306640625,424.68185459098345,412.31365056093216,412.75746835174544,25482200
2024-10-23,418.7838134765625,425.17503084101816,416.74216121867397,424.9580432083023,19654400
2024-10-24,418.9119873046875,420.14486459281426,416.61388718387514,419.5037443233538,13581600
2024-10-25,422.2851257324219,426.5952599466425,420.7267820728724,420.91418182997273,16899100
2024-10-28,420.7465515136719,426.02327304477956,420.46051551603273,425.74710969864265,14882400
2024-10-29,426.0331115722656,427.23640107681365,419.96733089551304,422.1372070838931,17644100
2024-10-30,426.6051940917969,432.4934181148105,426.1810914644013,431.44794042425275,29749100
2024-10-31,400.7837829589844,410.4594021869807,400.7344498042727,409.6703426075015,53971000
2024-11-01,404.7487487792969,409.80848287841667,401.9180668422498,403.4073925009318,24230400
2024-11-04,402.8648681640625,404.7980415718176,400.01447130701087,404.18650910637746,19672300
2024-11-05,405.82379150390625,409.21667261639857,402.49008610038965,402.7761220934701,17626000
2024-11-06,414.42431640625,414.6906371773605,404.89663664059157,406.77063429083336,26681800
2024-11-07,419.6024475097656,421.00300957645607,414.1284835164612,415.5093002796819,19901800
2024-11-08,416.7520446777344,420.65779206836214,416.00244554535874,419.4939629624982,16891400
2024-11-11,412.28411865234375,418.9909603752076,410.3016419524007,416.7323203125478,24503300
2024-11-12,417.2353210449219,418.626010434167,411.48519380527927,412.52079883366196,19401200
2024-11-13,419.3756103515625,423.44901221052845,412.481339102593,415.8643777407356,21502200
2024-11-14,421.04241943359375,422.304884622317,414.24678510633004,419.17829445283394,30246900
2024-11-15,409.3152770996094,417.00841966551917,407.97392100075103,414.0692593490907,28247600
2024-11-18,410.0649108886719,412.6687324009395,406.4550421174999,409.18708769998454,24727000
2024-11-19,412.06707763671875,412.2150169012381,405.912533336808,407.4511618868994,18133500
2024-11-20,409.798583984375,411.57394553855335,404.9558378403451,411.1596854793811,19191700
2024-11-21,408.0295715332031,414.85856338751086,405.47983232208855,414.5818472703372,20780200
2024-11-22,412.11114501953125,412.50644943843054,406.2407824115055,406.547145598137,24814600
2024-11-25,413.88018798828125,416.1433187151558,409.9863774439722,413.474991137145,27691100
2024-11-26,422.9722900390625,424.0099980685231,413.93946191933657,414.6707766023476,23458900
2024-11-27,418.0309143066406,422.22122564388053,417.07228524559736,420.12605489536344,18332400
2024-11-29,418.49542236328125,419.8987878079345,412.90177557031507,415.16493646523105,16271900
2024-12-02,425.9272766113281,427.92358362660957,416.37063273208213,416.62759418862754,20207200
2024-12-03,426.1446228027344,427.3997224638517,422.7251661313862,424.8005517610981,18302000
2024-12-04,432.29180908203125,434.51543063700444,427.5579574158117,427.9532618825141,26009400
2024-12-05,437.43072509765625,439.4468166137531,431.0563628943918,432.78584592128993,21697800
2024-12-06,438.36968994140625,440.87002757046025,436.5907746503493,437.1145598403157,18821000
2024-12-09,440.7908935546875,443.0738089240489,435.3356203613735,437.4110061952819,19144400
2024-12-10,438.1324462890625,444.34871163189086,436.42274787532307,439.1800467406791,18469500
2024-12-11,443.72613525390625,445.07020661100427,438.8440482605507,438.8440482605507,19200200
2024-12-12,444.2894287109375,450.81205740820604,443.8446923743848,443.8446923743848,20834800
2024-12-13,442.0262756347656,446.13750815775296,440.3560864798084,443.1825720342727,20177800
2024-12-16,446.2956237792969,446.8787030896928,440.0596036741231,442.02626356510217,23598800
2024-12-17,449.1319580078125,449.95224407864544,444.2993034538041,445.72242348242105,22733500
2024-12-18,432.2621154785156,447.34318887069384,431.89642797238076,446.0287948744165,24444500
2024-12-19,431.9063415527344,437.98423408144293,431.2046739034814,436.4425256398133,22963700
2024-12-20,431.4813537597656,438.53762947103075,423.6047919913248,428.03224964237955,64263700
2024-12-23,430.147216796875,432.5190736490341,427.755575118412,431.619738686297,19152500
2024-12-24,434.1793518066406,434.44620567192754,429.0996280307953,429.55422661934296,7164500
2024-12-26,432.9736633300781,435.7705018127553,431.5110338839644,433.9322924323696,8194200
2024-12-27,425.4825134277344,430.1175308072659,421.35152651661633,429.5048044431988,18117700
2024-12-30,419.849365234375,422.5374777077036,416.9537232035626,421.0649558192297,13158700
2024-12-31,416.5583801269531,421.727075036825,415.72823181420273,421.1044562623139,13246500
2025-01-02,413.672607421875,421.0748161119684,409.98635677531166,420.54113855935236,16896500
2025-01-03,418.38671875,419.0587393010629,414.62138898974536,416.1433125624827,16662900
2025-01-06,422.833984375,429.2281326887413,420.491774572373,422.9822197752049,20573600
2025-01-07,417.4181823730469,425.6011074871905,415.8665816173968,423.9704579117962,18139100
2025-01-08,419.5824890136719,421.96423797941225,416.59790611740993,418.4953792965591,15054600
2025-01-10,414.0382995605469,419.73074959963856,410.15435142162687,419.651700779007,20201100
2025-01-13,412.2989501953125,413.593589604229,407.45640284839305,410.3717995418403,17604800
2025-01-14,410.7967834472656,414.8190446806072,405.90480416806594,412.9116788431012,16935900
2025-01-15,421.3119812011719,423.1304056035061,413.3662329233126,414.2161660512409,19637800
2025-01-16,419.6022644042969,424.45470380326,419.4145196873236,423.67398737859014,15300000
2025-01-17,424.0000915527344,429.3862083308609,423.1501885882937,429.0007661773637,26197500
2025-01-21,423.4763488769531,425.84820570918225,420.61035394801814,425.1564304696716,26085700
2025-01-22,440.9688720703125,442.02630472978717,430.88844231911156,432.4301508467356,27803800
2025-01-23,441.4728088378906,441.51234832669104,436.3238987940327,436.81803684476205,18389300
2025-01-24,438.8539123535156,441.4135440071518,436.225094129831,439.94102216929423,15549500
2025-01-27,429.46533203125,430.0978433186218,418.53499893466574,419.03902948180274,35647800
2025-01-28,441.95709228515625,443.1232508667098,426.32255685114393,429.5048071593075,23491700
2025-01-29,437.1441955566406,441.6408703345489,435.23682974085557,441.4530954449331,23581400
2025-01-30,410.1247253417969,417.90245411076046,408.3161931892364,413.86040812362955,54586300
2025-01-31,410.19390869140625,415.7579084081136,410.0456732964256,414.06796458574274,34161900
2025-02-03,406.1024475097656,410.53979775772405,403.8689337668832,406.774468051233,25679100
2025-02-04,407.5354309082031,409.0672770356713,404.9362598096777,407.8516865143663,20532100
2025-02-05,408.4446716308594,408.97831905399164,405.5885389886856,407.515689607161,16316700
2025-02-06,410.9449768066406,413.29707875974475,409.1463070589971,409.1463070589971,16309800
2025-02-07,404.9461669921875,413.7418190108213,403.31551731813784,411.59727657785896,22886800
2025-02-10,407.38720703125,410.5892121947109,406.10246006462063,408.85972888435845,20817900
2025-02-11,406.6163330078125,407.6540108795472,404.50140761463905,404.8374480391833,18140600
2025-02-12,404.2445068359375,405.93445069964594,399.62924369400855,402.43594449354754,19121700
2025-02-13,405.72686767578125,406.18146622486773,401.59585076694265,402.22836193070845,23891700
2025-02-14,403.64166259765625,404.11604605641566,401.12157021752904,403.00918147910807,22758500
2025-02-18,404.83746337890625,405.78620005413757,401.7342617389566,403.2166759889158,21423100
2025-02-19,409.9072570800781,410.6188170610077,402.8707362463259,403.098050601273,24114200
2025-02-20,412.07598876953125,415.2250013636158,408.52096684547683,411.24417583261857,23508700
2025-02-21,404.2331237792969,413.97725680128366,403.91626425407014,413.27418223243296,27524800
2025-02-24,400.06414794921875,405.38182745676596,395.429748735741,404.5302202614153,26443700
2025-02-25,394.0235595703125,398.00441513588805,392.8352683816966,397.1923965138258,29387400
2025-02-26,395.83575439453125,399.66804717869115,390.40913086553707,394.13250979931917,19619000
2025-02-27,388.70587158203125,401.78716793671936,388.3493932994261,397.3607146060961,21127400
2025-02-28,393.1224060058594,393.7561854578909,382.80393739721217,388.83460333794534,32845700
2025-03-03,384.7052307128906,394.93461038215554,382.39794340981075,394.93461038215554,23007700
2025-03-04,384.82403564453125,388.75535997703025,377.2881889484286,379.6648014174362,29342900
2025-03-05,397.1131591796875,397.7568509049982,385.02212029604283,385.54695570418704,23433100
2025-03-06,393.0234375,398.23217304119834,388.8544303529959,390.438848896208,23304600
2025-03-07,389.478271484375,390.9537458547577,381.7839796807534,388.497925986767,22034100
2025-03-10,376.4563903808594,382.6355890788174,373.5450301742595,382.08104715568106,32840100
2025-03-11,376.74359130859375,382.23950999896846,373.2380702422645,375.30770541349494,30380200
2025-03-12,379.53607177734375,381.4670864515663,375.2581813231993,379.21921226907705,24253600
2025-03-13,375.07989501953125,381.5661010325616,373.7727778338423,379.42714079198,20473000
2025-03-14,384.7745666503906,386.42831046600287,375.8127456880931,376.0801044136148,19952800
2025-03-17,384.9132080078125,388.88412112316473,381.813696346666,382.9326924641042,22474300
2025-03-18,379.7836608886719,383.59615946585757,377.38725393405446,383.29909421372145,19486900
2025-03-19,384.0417785644531,385.8836435250732,380.2589866011294,381.7740797920575,19185500
2025-03-20,383.0713195800781,387.97310772514027,379.5460042678497,381.98202996781214,18470500
2025-03-21,387.4482727050781,387.92357710345186,379.07067004050685,379.4865916093534,39675900
2025-03-24,389.25048828125,391.54789342681113,386.0123564410982,391.54789342681113,21004500
2025-03-25,391.3102722167969,392.4985634335279,388.81483346341923,390.08236222676067,15775000
2025-03-26,386.1708068847656,391.4587795188397,384.784452111458,391.1518020411883,16108400
2025-03-27,386.7748718261719,388.41870337339975,383.62585932715103,386.3292739557081,13766800
2025-03-28,375.109619140625,385.3389984995421,373.2578420054409,384.2992097422753,21632000
2025-03-31,371.73291015625,373.39653609737746,363.66228447346174,368.91066922952973,35184700
2025-04-01,378.46661376953125,379.120187514209,369.59391274714585,371.00006183577835,19689500
2025-04-02,378.4171447753906,381.3284750168948,372.95090216784337,374.2877562933966,16092600
2025-04-03,369.4750671386719,373.80251903809335,365.7517184220645,371.13872318254886,30198000
2025-04-04,356.3343505859375,370.94065262193254,355.97787229621173,360.5825648601157,49209900
2025-04-07,354.3736267089844,367.3856281525139,341.43098078163547,347.4616469003483,50425000
2025-04-08,351.1058044433594,370.00982228854286,346.8377957272636,364.6723484414274,35868900
2025-04-09,386.6857604980469,389.3990874327872,349.6600368937789,350.09575274548115,50199700
2025-04-10,377.6347961425781,380.1599412978202,364.21678559967916,378.33787067807094,38024400
2025-04-11,384.6656188964844,386.25000705363004,375.1987576222842,376.9317086118959,23839200
2025-04-14,384.0318908691406,390.80525087459347,380.46695659777833,389.38918941494444,19251200
2025-04-15,381.97216796875,388.0721598970285,380.41745590518724,384.7250835584995,17199900
2025-04-16,367.98968505859375,377.892263018399,364.4148689208335,376.9614484928254,21967800
2025-04-17,364.197021484375,370.6733161182554,363.31570773511413,370.1088619054277,21120200
2025-04-21,355.62139892578125,360.92919678600947,352.2050274305898,359.28536510699473,20807300
2025-04-22,363.246337890625,364.1870645763753,356.3541225187108,359.83984897446516,19485000
2025-04-23,370.7425842285156,376.68413025895643,369.3859058332083,372.3962976169728,20545500
2025-04-24,383.52679443359375,384.6656149627633,371.53478821384334,372.0398293104223,22232300
2025-04-25,388.03253173828125,388.33950924401097,380.8531625631297,383.2297752805051,18973200
2025-04-28,387.3492431640625,388.91383718504306,382.8732888048125,388.1414373128656,16579400
2025-04-29,390.2012023925781,391.2508732709842,386.5768551213708,387.4878753983452,14974000
2025-04-30,391.4093017578125,392.7956566127169,380.6947052715702,386.4976013857663,36461100
2025-05-01,421.255615234375,432.73269823374693,420.7604863894309,426.90997818196183,58938100
2025-05-02,431.0393981933594,435.1588741169636,425.80092616148227,427.533877248033,30757400
2025-05-05,431.9207458496094,435.2182909345157,427.9002714913439,428.652877068793,20136100
2025-05-06,429.0885925292969,433.46554517602334,426.9694566129341,427.9894209087166,15104200
2025-05-07,429.1282043457031,433.8517229596541,426.9100064238295,429.61342097536215,23295300
2025-05-08,433.9012756347656,439.34769356127396,431.4157188741818,433.66359321182534,23491300
2025-05-09,434.45574951171875,436.4461468377417,431.6335091661536,435.7133658474831,15324200
2025-05-12,444.8832092285156,444.9921230759706,435.4955548202822,441.5955462250109,22821900
2025-05-13,444.764404296875,446.2794975271711,441.021200788799,443.41763796979524,23618800
2025-05-14,448.5273742675781,449.47801330220653,443.77414887416586,443.77414887416586,19902800
2025-05-15,449.53924560546875,452.5749946823822,446.86062923137035,447.19793132038893,21992300
2025-05-16,450.6702575683594,450.7595407562394,445.1741794982958,448.4678481067336,23849800
2025-05-19,455.2337646484375,455.9480603525366,447.2277066057748,447.3070896149787,21336500
2025-05-20,454.53936767578125,454.7080036018212,450.719869916101,451.9797952414424,15441800
2025-05-21,448.98370361328125,454.1524094962116,448.229716398419,450.9678549991314,19216900
2025-05-22,451.2555847167969,456.6028878213618,450.3032004241896,451.34489818162797,18025600
2025-05-23,446.6126403808594,450.0948358464348,445.3527151156796,446.4142434023006,16883500
2025-05-27,457.0393371582031,457.2972865174385,452.5055441364309,452.86270711658346,20974300
2025-05-28,453.7357482910156,458.8548627693229,453.3091629867606,457.56517641086623,17086300
2025-05-29,455.0453186035156,458.0612374989779,451.702028016876,457.89257129241645,13974800
2025-05-30,456.7119445800781,458.02149174118404,451.93016282180776,456.07703188956276,34770500
2025-06-02,458.3092346191406,458.44810948050275,453.2695031394806,453.51752207653715,16626500
2025-06-03,459.3013000488281,460.4620419695056,457.20800452370844,457.8131864599202,15743800
2025-06-04,460.1941223144531,461.9997072455568,459.35085196524574,460.32309699178137,14162700
2025-06-05,463.97393798828125,465.9283282519781,460.3528678798598,461.2754909786452,20131700
2025-06-06,466.6525573730469,469.5890928719542,465.06523024972654,466.3648469522318,15285600
2025-06-09,469.0038146972656,469.67841894667356,464.90653697170796,465.9779957450024,16469900
2025-06-10,467.1883239746094,469.0534009468453,463.25968221899245,467.45617352695865,15375900
2025-06-11,468.87481689453125,471.7022387212418,465.93828127215454,466.29541399515057,16399200
2025-06-12,475.0753173828125,476.61305298608835,469.76770597774697,471.255819627256,18950600
2025-06-13,471.1962585449219,475.38281914376,469.0137102048777,472.63478039747713,16814500
2025-06-16,475.3431701660156,476.8808754060361,471.23596219473825,471.44428961660435,15626100
2025-06-17,474.25189208984375,474.9463269378011,470.3232503868908,471.63279762120845,15414100
2025-06-18,476.4344482421875,477.1884355000323,470.70025162122124,474.21220825159133,17526500
2025-06-20,473.616943359375,479.62891980922967,473.09114443804276,478.4086860483398,37576200
2025-06-23,482.1488037109375,483.884936234588,468.76571183115124,474.42052531416374,24864000
2025-06-24,486.2261962890625,487.9524285572733,482.9424282150726,485.07541514458467,22305600
2025-06-25,488.369140625,490.64100267238626,485.5119877675007,488.14098256866794,17495100
2025-06-26,493.5080871582031,494.09340820956044,488.9048412091741,489.0735074056833,21578900
2025-06-27,492.0100402832031,495.3434002058453,489.12309627390664,493.60726767719865,34539200
2025-06-30,493.4684143066406,496.79187420420715,491.4048797426009,493.101351114434,28369000
2025-07-01,488.1508483886719,494.10330273882704,487.08935037246306,492.53583641461546,19945400
2025-07-02,487.198486328125,489.5893925672679,484.82744098086494,486.107196925814,16319600
2025-07-03,494.8870544433594,496.1668406146565,489.5298515465148,489.8969147231798,13984800
2025-07-07,493.77593994140625,494.7977767455099,491.3056810299541,493.4386378219278,13981600
2025-07-08,492.6846008300781,494.2520972999508,490.19448127868003,493.2996828844284,11846600
2025-07-09,499.5200500488281,502.76412671878114,495.77990524850594,496.3354652236218,18659500
2025-07-10,497.5061340332031,500.4426696344743,493.8056807647675,499.06366987607214,16492100
2025-07-11,499.3315734863281,501.0280145407016,493.85529597280816,494.5200000462786,16459500
2025-07-14,499.033935546875,499.9764196247383,497.0597144820079,497.5458219138798,12058800
2025-07-15,501.811767578125,504.2720960834484,498.80577924001653,499.03393728805895,14927200
2025-07-16,501.61334228515625,502.70463167926073,497.9129190668174,501.1768265275145,15154400
2025-07-17,507.6451721191406,509.3019216630888,501.61333461976557,501.67285674255714,17503100
2025-07-18,506.00823974609375,510.56189422136015,503.40900604524023,510.4031281876361,21209700
2025-07-21,506.01812744140625,508.0320701704435,501.54385636100875,502.69466780228106,14066800
2025-07-22,501.2660827636719,507.1491147296819,501.2660827636719,506.92092641726225,13868600
2025-07-23,501.861328125,502.77405108780124,496.7323137246232,502.7343595827018,16396600
2025-07-24,506.8316345214844,509.5995039044367,503.27998658866585,504.73833906736274,16107000
2025-07-25,509.6392517089844,514.1829150146133,506.3157616392057,508.409026924469,19125700
2025-07-28,508.43878173828125,510.91897091749235,506.07763679555273,510.0062782539609,14308000
2025-07-29,508.50823974609375,513.5182098314434,507.50623361872493,511.4448055642593,16469200
2025-07-30,509.17291259765625,511.8614594904868,505.40303712186204,511.08761139494,26380400
